-1.837447E-08,6.81E-03
-1.832447E-08,6.81E-03
-1.827447E-08,6.81E-03
-1.822447E-08,7.85E-03
-1.817447E-08,8.37E-03
-1.812447E-08,8.89E-03
-1.807447E-08,9.93E-03
-1.802447E-08,1.098E-02
-1.797447E-08,1.150E-02
-1.792447E-08,1.202E-02
-1.787447E-08,1.411E-02
-1.782447E-08,1.463E-02
-1.777447E-08,1.567E-02
-1.772447E-08,1.672E-02
-1.767447E-08,1.776E-02
-1.762447E-08,1.776E-02
-1.757447E-08,1.880E-02
-1.752447E-08,1.932E-02
-1.747447E-08,1.932E-02
-1.742447E-08,1.985E-02
-1.737447E-08,1.985E-02
-1.732447E-08,1.985E-02
-1.727447E-08,1.985E-02
-1.722447E-08,1.985E-02
-1.717447E-08,1.932E-02
-1.712447E-08,1.985E-02
-1.707447E-08,1.932E-02
-1.702447E-08,1.880E-02
-1.697447E-08,1.776E-02
-1.692447E-08,1.776E-02
-1.687447E-08,1.724E-02
-1.682447E-08,1.724E-02
-1.677447E-08,1.672E-02
-1.672447E-08,1.619E-02
-1.667447E-08,1.515E-02
-1.662447E-08,1.463E-02
-1.657447E-08,1.411E-02
-1.652447E-08,1.411E-02
-1.647447E-08,1.306E-02
-1.642447E-08,1.202E-02
-1.637447E-08,1.254E-02
-1.632447E-08,1.202E-02
-1.627447E-08,1.150E-02
-1.622447E-08,1.098E-02
-1.617447E-08,9.93E-03
-1.612447E-08,9.93E-03
-1.607447E-08,9.41E-03
-1.602447E-08,8.89E-03
-1.597447E-08,8.37E-03
-1.592447E-08,7.33E-03
-1.587447E-08,7.33E-03
-1.582447E-08,6.28E-03
-1.577447E-08,5.76E-03
-1.572447E-08,5.76E-03
-1.567447E-08,4.20E-03
-1.562447E-08,4.72E-03
-1.557447E-08,4.20E-03
-1.552447E-08,3.68E-03
-1.547447E-08,3.15E-03
-1.542447E-08,4.20E-03
-1.537447E-08,3.68E-03
-1.532447E-08,3.68E-03
-1.527447E-08,3.68E-03
-1.522447E-08,3.68E-03
-1.517447E-08,2.63E-03
-1.512447E-08,3.15E-03
-1.507447E-08,3.68E-03
-1.502447E-08,4.20E-03
-1.497447E-08,5.76E-03
-1.492447E-08,6.28E-03
-1.487447E-08,7.85E-03
-1.482447E-08,8.37E-03
-1.477447E-08,9.93E-03
-1.472447E-08,1.150E-02
-1.467447E-08,1.202E-02
-1.462447E-08,1.463E-02
-1.457447E-08,1.515E-02
-1.452447E-08,1.672E-02
-1.447447E-08,1.828E-02
-1.442447E-08,1.932E-02
-1.437447E-08,2.037E-02
-1.432447E-08,2.193E-02
-1.427447E-08,2.193E-02
-1.422447E-08,2.298E-02
-1.417447E-08,2.402E-02
-1.412447E-08,2.506E-02
-1.407447E-08,2.558E-02
-1.402447E-08,2.558E-02
-1.397447E-08,2.611E-02
-1.392447E-08,2.611E-02
-1.387447E-08,2.558E-02
-1.382447E-08,2.558E-02
-1.377447E-08,2.558E-02
-1.372447E-08,2.402E-02
-1.367447E-08,2.245E-02
-1.362447E-08,2.245E-02
-1.357447E-08,2.245E-02
-1.352447E-08,2.037E-02
-1.347447E-08,1.985E-02
-1.342447E-08,1.932E-02
-1.337447E-08,1.776E-02
-1.332447E-08,1.672E-02
-1.327447E-08,1.515E-02
-1.322447E-08,1.463E-02
-1.317447E-08,1.306E-02
-1.312447E-08,1.254E-02
-1.307447E-08,1.150E-02
-1.302447E-08,9.93E-03
-1.297447E-08,8.89E-03
-1.292447E-08,7.85E-03
-1.287447E-08,6.81E-03
-1.282447E-08,5.76E-03
-1.277447E-08,4.20E-03
-1.272447E-08,4.20E-03
-1.267447E-08,4.20E-03
-1.262447E-08,2.63E-03
-1.257447E-08,2.11E-03
-1.252447E-08,1.07E-03
-1.247447E-08,5.5E-04
-1.242447E-08,-1.02E-03
-1.237447E-08,-5.0E-04
-1.232447E-08,-5.0E-04
-1.227447E-08,-1.02E-03
-1.222447E-08,-1.02E-03
-1.217447E-08,-1.54E-03
-1.212447E-08,-1.02E-03
-1.207447E-08,-1.54E-03
-1.202447E-08,-1.02E-03
-1.197447E-08,-1.02E-03
-1.192447E-08,-1.02E-03
-1.187447E-08,-1.54E-03
-1.182447E-08,2E-05
-1.177447E-08,1.07E-03
-1.172447E-08,1.59E-03
-1.167447E-08,2.63E-03
-1.162447E-08,3.15E-03
-1.157447E-08,4.20E-03
-1.152447E-08,5.76E-03
-1.147447E-08,6.28E-03
-1.142447E-08,8.89E-03
-1.137447E-08,9.41E-03
-1.132447E-08,1.098E-02
-1.127447E-08,1.202E-02
-1.122447E-08,1.359E-02
-1.117447E-08,1.463E-02
-1.112447E-08,1.672E-02
-1.107447E-08,1.776E-02
-1.102447E-08,1.932E-02
-1.097447E-08,2.037E-02
-1.092447E-08,2.141E-02
-1.087447E-08,2.298E-02
-1.082447E-08,2.454E-02
-1.077447E-08,2.558E-02
-1.072447E-08,2.715E-02
-1.067447E-08,2.767E-02
-1.062447E-08,2.819E-02
-1.057447E-08,2.924E-02
-1.052447E-08,3.028E-02
-1.047447E-08,3.028E-02
-1.042447E-08,3.028E-02
-1.037447E-08,2.976E-02
-1.032447E-08,3.080E-02
-1.027447E-08,3.132E-02
-1.022447E-08,3.080E-02
-1.017447E-08,3.080E-02
-1.012447E-08,3.132E-02
-1.007447E-08,3.080E-02
-1.002447E-08,3.132E-02
-9.97447E-09,3.132E-02
-9.92447E-09,3.132E-02
-9.87447E-09,2.976E-02
-9.82447E-09,2.976E-02
-9.77447E-09,2.976E-02
-9.72447E-09,2.976E-02
-9.67447E-09,3.028E-02
-9.62447E-09,3.028E-02
-9.57447E-09,3.028E-02
-9.52447E-09,3.028E-02
-9.47447E-09,3.080E-02
-9.42447E-09,3.132E-02
-9.37447E-09,3.132E-02
-9.32447E-09,3.132E-02
-9.27447E-09,3.184E-02
-9.22447E-09,3.289E-02
-9.17447E-09,3.289E-02
-9.12447E-09,3.393E-02
-9.07447E-09,3.445E-02
-9.02447E-09,3.445E-02
-8.97447E-09,3.497E-02
-8.92447E-09,3.602E-02
-8.87447E-09,3.654E-02
-8.82447E-09,3.706E-02
-8.77447E-09,3.758E-02
-8.72447E-09,3.863E-02
-8.67447E-09,3.967E-02
-8.62447E-09,3.967E-02
-8.57447E-09,4.071E-02
-8.52447E-09,4.071E-02
-8.47447E-09,4.280E-02
-8.42447E-09,4.280E-02
-8.37447E-09,4.280E-02
-8.32447E-09,4.280E-02
-8.27447E-09,4.436E-02
-8.22447E-09,4.436E-02
-8.17447E-09,4.541E-02
-8.12447E-09,4.697E-02
-8.07447E-09,4.749E-02
-8.02447E-09,4.802E-02
-7.97447E-09,4.958E-02
-7.92447E-09,5.062E-02
-7.87447E-09,5.219E-02
-7.82447E-09,5.323E-02
-7.77447E-09,5.532E-02
-7.72447E-09,5.636E-02
-7.67447E-09,5.740E-02
-7.62447E-09,5.897E-02
-7.57447E-09,6.158E-02
-7.52447E-09,6.314E-02
-7.47447E-09,6.471E-02
-7.42447E-09,6.732E-02
-7.37447E-09,7.097E-02
-7.32447E-09,7.149E-02
-7.27447E-09,7.358E-02
-7.22447E-09,7.566E-02
-7.17447E-09,7.827E-02
-7.12447E-09,8.036E-02
-7.07447E-09,8.297E-02
-7.02447E-09,8.557E-02
-6.97447E-09,8.714E-02
-6.92447E-09,8.922E-02
-6.87447E-09,9.079E-02
-6.82447E-09,9.340E-02
-6.77447E-09,9.548E-02
-6.72447E-09,9.809E-02
-6.67447E-09,1.0018E-01
-6.62447E-09,1.0122E-01
-6.57447E-09,1.0383E-01
-6.52447E-09,1.0540E-01
-6.47447E-09,1.0800E-01
-6.42447E-09,1.0957E-01
-6.37447E-09,1.1113E-01
-6.32447E-09,1.1322E-01
-6.27447E-09,1.1479E-01
-6.22447E-09,1.1739E-01
-6.17447E-09,1.1844E-01
-6.12447E-09,1.2157E-01
-6.07447E-09,1.2418E-01
-6.02447E-09,1.2574E-01
-5.97447E-09,1.2783E-01
-5.92447E-09,1.3148E-01
-5.87447E-09,1.3304E-01
-5.82447E-09,1.3565E-01
-5.77447E-09,1.3878E-01
-5.72447E-09,1.4191E-01
-5.67447E-09,1.4504E-01
-5.62447E-09,1.4817E-01
-5.57447E-09,1.5287E-01
-5.52447E-09,1.5547E-01
-5.47447E-09,1.6017E-01
-5.42447E-09,1.6382E-01
-5.37447E-09,1.6799E-01
-5.32447E-09,1.7269E-01
-5.27447E-09,1.7790E-01
-5.22447E-09,1.8260E-01
-5.17447E-09,1.8729E-01
-5.12447E-09,1.9199E-01
-5.07447E-09,1.9721E-01
-5.02447E-09,2.0190E-01
-4.97447E-09,2.0868E-01
-4.92447E-09,2.1442E-01
-4.87447E-09,2.1964E-01
-4.82447E-09,2.2537E-01
-4.77447E-09,2.3163E-01
-4.72447E-09,2.3789E-01
-4.67447E-09,2.4468E-01
-4.62447E-09,2.5041E-01
-4.57447E-09,2.5719E-01
-4.52447E-09,2.6345E-01
-4.47447E-09,2.7024E-01
-4.42447E-09,2.7754E-01
-4.37447E-09,2.8432E-01
-4.32447E-09,2.9214E-01
-4.27447E-09,2.9945E-01
-4.22447E-09,3.0675E-01
-4.17447E-09,3.1353E-01
-4.12447E-09,3.2240E-01
-4.07447E-09,3.2918E-01
-4.02447E-09,3.3701E-01
-3.97447E-09,3.4587E-01
-3.92447E-09,3.5266E-01
-3.87447E-09,3.6100E-01
-3.82447E-09,3.6935E-01
-3.77447E-09,3.7926E-01
-3.72447E-09,3.8708E-01
-3.67447E-09,3.9543E-01
-3.62447E-09,4.0430E-01
-3.57447E-09,4.1317E-01
-3.52447E-09,4.2151E-01
-3.47447E-09,4.3195E-01
-3.42447E-09,4.4081E-01
-3.37447E-09,4.4968E-01
-3.32447E-09,4.5959E-01
-3.27447E-09,4.6950E-01
-3.22447E-09,4.7889E-01
-3.17447E-09,4.8933E-01
-3.12447E-09,4.9976E-01
-3.07447E-09,5.0915E-01
-3.02447E-09,5.1958E-01
-2.97447E-09,5.2949E-01
-2.92447E-09,5.4045E-01
-2.87447E-09,5.5036E-01
-2.82447E-09,5.6184E-01
-2.77447E-09,5.7279E-01
-2.72447E-09,5.8322E-01
-2.67447E-09,5.9261E-01
-2.62447E-09,6.0409E-01
-2.57447E-09,6.1556E-01
-2.52447E-09,6.2704E-01
-2.47447E-09,6.3695E-01
-2.42447E-09,6.4843E-01
-2.37447E-09,6.5990E-01
-2.32447E-09,6.7034E-01
-2.27447E-09,6.8234E-01
-2.22447E-09,6.9225E-01
-2.17447E-09,7.0372E-01
-2.12447E-09,7.1624E-01
-2.07447E-09,7.2615E-01
-2.02447E-09,7.3815E-01
-1.97447E-09,7.4806E-01
-1.92447E-09,7.6006E-01
-1.87447E-09,7.7206E-01
-1.82447E-09,7.8301E-01
-1.77447E-09,7.9501E-01
-1.72447E-09,8.0649E-01
-1.67447E-09,8.1848E-01
-1.62447E-09,8.2996E-01
-1.57447E-09,8.4248E-01
-1.52447E-09,8.5448E-01
-1.47447E-09,8.6648E-01
-1.42447E-09,8.7952E-01
-1.37447E-09,8.9204E-01
-1.32447E-09,9.0508E-01
-1.27447E-09,9.1812E-01
-1.22447E-09,9.3168E-01
-1.17447E-09,9.4524E-01
-1.12447E-09,9.5881E-01
-1.07447E-09,9.7289E-01
-1.02447E-09,9.8750E-01
-9.7447E-10,1.00106E+00
-9.2447E-10,1.01619E+00
-8.7447E-10,1.03132E+00
-8.2447E-10,1.04592E+00
-7.7447E-10,1.06105E+00
-7.2447E-10,1.07670E+00
-6.7447E-10,1.09183E+00
-6.2447E-10,1.10748E+00
-5.7447E-10,1.12417E+00
-5.2447E-10,1.13930E+00
-4.7447E-10,1.15547E+00
-4.2447E-10,1.17060E+00
-3.7447E-10,1.18677E+00
-3.2447E-10,1.20242E+00
-2.7447E-10,1.21859E+00
-2.2447E-10,1.23424E+00
-1.7447E-10,1.24936E+00
-1.2447E-10,1.26553E+00
-7.447E-11,1.28171E+00
-2.447E-11,1.29683E+00
2.553E-11,1.31092E+00
7.553E-11,1.32552E+00
1.2553E-10,1.34065E+00
1.7553E-10,1.35526E+00
2.2553E-10,1.36986E+00
2.7553E-10,1.38343E+00
3.2553E-10,1.39803E+00
3.7553E-10,1.41212E+00
4.2553E-10,1.42568E+00
4.7553E-10,1.43872E+00
5.2553E-10,1.45124E+00
5.7553E-10,1.46585E+00
6.2553E-10,1.47889E+00
6.7553E-10,1.49245E+00
7.2553E-10,1.50497E+00
7.7553E-10,1.51801E+00
8.2553E-10,1.53157E+00
8.7553E-10,1.54566E+00
9.2553E-10,1.55818E+00
9.7553E-10,1.57122E+00
1.02553E-09,1.58478E+00
1.07553E-09,1.59939E+00
1.12553E-09,1.61243E+00
1.17553E-09,1.62703E+00
1.22553E-09,1.64008E+00
1.27553E-09,1.65520E+00
1.32553E-09,1.66929E+00
1.37553E-09,1.68389E+00
1.42553E-09,1.69798E+00
1.47553E-09,1.71311E+00
1.52553E-09,1.72823E+00
1.57553E-09,1.74388E+00
1.62553E-09,1.75849E+00
1.67553E-09,1.77414E+00
1.72553E-09,1.78927E+00
1.77553E-09,1.80492E+00
1.82553E-09,1.82057E+00
1.87553E-09,1.83517E+00
1.92553E-09,1.85082E+00
1.97553E-09,1.86595E+00
2.02553E-09,1.88212E+00
2.07553E-09,1.89673E+00
2.12553E-09,1.91185E+00
2.17553E-09,1.92646E+00
2.22553E-09,1.94211E+00
2.27553E-09,1.95671E+00
2.32553E-09,1.97028E+00
2.37553E-09,1.98436E+00
2.42553E-09,1.99845E+00
2.47553E-09,2.01253E+00
2.52553E-09,2.02661E+00
2.57553E-09,2.03966E+00
2.62553E-09,2.05322E+00
2.67553E-09,2.06574E+00
2.72553E-09,2.07878E+00
2.77553E-09,2.09026E+00
2.82553E-09,2.10225E+00
2.87553E-09,2.11477E+00
2.92553E-09,2.12573E+00
2.97553E-09,2.13825E+00
3.02553E-09,2.14920E+00
3.07553E-09,2.16016E+00
3.12553E-09,2.17007E+00
3.17553E-09,2.18050E+00
3.22553E-09,2.19093E+00
3.27553E-09,2.20084E+00
3.32553E-09,2.21076E+00
3.37553E-09,2.22119E+00
3.42553E-09,2.22901E+00
3.47553E-09,2.23840E+00
3.52553E-09,2.24727E+00
3.57553E-09,2.25562E+00
3.62553E-09,2.26501E+00
3.67553E-09,2.27387E+00
3.72553E-09,2.28222E+00
3.77553E-09,2.29109E+00
3.82553E-09,2.29839E+00
3.87553E-09,2.30570E+00
3.92553E-09,2.31352E+00
3.97553E-09,2.32134E+00
4.02553E-09,2.33021E+00
4.07553E-09,2.33752E+00
4.12553E-09,2.34638E+00
4.17553E-09,2.35316E+00
4.22553E-09,2.36099E+00
4.27553E-09,2.36777E+00
4.32553E-09,2.37560E+00
4.37553E-09,2.38290E+00
4.42553E-09,2.39072E+00
4.47553E-09,2.39855E+00
4.52553E-09,2.40585E+00
4.57553E-09,2.41368E+00
4.62553E-09,2.42046E+00
4.67553E-09,2.42880E+00
4.72553E-09,2.43611E+00
4.77553E-09,2.44393E+00
4.82553E-09,2.45071E+00
4.87553E-09,2.45854E+00
4.92553E-09,2.46584E+00
4.97553E-09,2.47314E+00
5.02553E-09,2.47992E+00
5.07553E-09,2.48723E+00
5.12553E-09,2.49349E+00
5.17553E-09,2.50027E+00
5.22553E-09,2.50549E+00
5.27553E-09,2.51174E+00
5.32553E-09,2.51853E+00
5.37553E-09,2.52374E+00
5.42553E-09,2.52948E+00
5.47553E-09,2.53365E+00
5.52553E-09,2.53731E+00
5.57553E-09,2.54200E+00
5.62553E-09,2.54774E+00
5.67553E-09,2.55035E+00
5.72553E-09,2.55452E+00
5.77553E-09,2.55661E+00
5.82553E-09,2.55921E+00
5.87553E-09,2.56130E+00
5.92553E-09,2.56339E+00
5.97553E-09,2.56547E+00
6.02553E-09,2.56756E+00
6.07553E-09,2.56965E+00
6.12553E-09,2.57121E+00
6.17553E-09,2.57278E+00
6.22553E-09,2.57330E+00
6.27553E-09,2.57382E+00
6.32553E-09,2.57486E+00
6.37553E-09,2.57643E+00
6.42553E-09,2.57643E+00
6.47553E-09,2.57695E+00
6.52553E-09,2.57799E+00
6.57553E-09,2.57904E+00
6.62553E-09,2.57904E+00
6.67553E-09,2.58060E+00
6.72553E-09,2.58008E+00
6.77553E-09,2.58165E+00
6.82553E-09,2.58217E+00
6.87553E-09,2.58321E+00
6.92553E-09,2.58373E+00
6.97553E-09,2.58425E+00
7.02553E-09,2.58530E+00
7.07553E-09,2.58582E+00
7.12553E-09,2.58582E+00
7.17553E-09,2.58686E+00
7.22553E-09,2.58791E+00
7.27553E-09,2.58947E+00
7.32553E-09,2.58947E+00
7.37553E-09,2.59051E+00
7.42553E-09,2.59103E+00
7.47553E-09,2.59208E+00
7.52553E-09,2.59208E+00
7.57553E-09,2.59312E+00
7.62553E-09,2.59364E+00
7.67553E-09,2.59364E+00
7.72553E-09,2.59364E+00
7.77553E-09,2.59469E+00
7.82553E-09,2.59469E+00
7.87553E-09,2.59469E+00
7.92553E-09,2.59469E+00
7.97553E-09,2.59416E+00
8.02553E-09,2.59416E+00
8.07553E-09,2.59416E+00
8.12553E-09,2.59364E+00
8.17553E-09,2.59364E+00
8.22553E-09,2.59312E+00
8.27553E-09,2.59208E+00
8.32553E-09,2.59156E+00
8.37553E-09,2.59051E+00
8.42553E-09,2.58947E+00
8.47553E-09,2.58947E+00
8.52553E-09,2.58738E+00
8.57553E-09,2.58634E+00
8.62553E-09,2.58582E+00
8.67553E-09,2.58478E+00
8.72553E-09,2.58373E+00
8.77553E-09,2.58217E+00
8.82553E-09,2.58060E+00
8.87553E-09,2.57956E+00
8.92553E-09,2.57799E+00
8.97553E-09,2.57643E+00
9.02553E-09,2.57539E+00
9.07553E-09,2.57382E+00
9.12553E-09,2.57226E+00
9.17553E-09,2.57069E+00
9.22553E-09,2.57069E+00
9.27553E-09,2.56913E+00
9.32553E-09,2.56860E+00
9.37553E-09,2.56756E+00
9.42553E-09,2.56652E+00
9.47553E-09,2.56600E+00
9.52553E-09,2.56600E+00
9.57553E-09,2.56547E+00
9.62553E-09,2.56547E+00
9.67553E-09,2.56547E+00
9.72553E-09,2.56547E+00
9.77553E-09,2.56600E+00
9.82553E-09,2.56652E+00
9.87553E-09,2.56756E+00
9.92553E-09,2.56808E+00
9.97553E-09,2.56965E+00
1.002553E-08,2.57017E+00
1.007553E-08,2.57226E+00
1.012553E-08,2.57382E+00
1.017553E-08,2.57539E+00
1.022553E-08,2.57747E+00
1.027553E-08,2.57904E+00
1.032553E-08,2.58165E+00
1.037553E-08,2.58373E+00
1.042553E-08,2.58530E+00
1.047553E-08,2.58686E+00
1.052553E-08,2.58791E+00
1.057553E-08,2.58999E+00
1.062553E-08,2.59103E+00
1.067553E-08,2.59208E+00
1.072553E-08,2.59364E+00
1.077553E-08,2.59416E+00
1.082553E-08,2.59469E+00
1.087553E-08,2.59416E+00
1.092553E-08,2.59416E+00
1.097553E-08,2.59416E+00
1.102553E-08,2.59416E+00
1.107553E-08,2.59416E+00
1.112553E-08,2.59364E+00
1.117553E-08,2.59208E+00
1.122553E-08,2.59103E+00
1.127553E-08,2.58947E+00
1.132553E-08,2.58843E+00
1.137553E-08,2.58634E+00
1.142553E-08,2.58582E+00
1.147553E-08,2.58425E+00
1.152553E-08,2.58373E+00
1.157553E-08,2.58165E+00
1.162553E-08,2.57956E+00
1.167553E-08,2.57852E+00
1.172553E-08,2.57747E+00
1.177553E-08,2.57591E+00
1.182553E-08,2.57486E+00
1.187553E-08,2.57434E+00
1.192553E-08,2.57330E+00
1.197553E-08,2.57330E+00
1.202553E-08,2.57278E+00
1.207553E-08,2.57278E+00
1.212553E-08,2.57278E+00
1.217553E-08,2.57330E+00
1.222553E-08,2.57330E+00
1.227553E-08,2.57382E+00
1.232553E-08,2.57486E+00
1.237553E-08,2.57591E+00
1.242553E-08,2.57591E+00
1.247553E-08,2.57695E+00
1.252553E-08,2.57799E+00
1.257553E-08,2.57904E+00
1.262553E-08,2.57956E+00
1.267553E-08,2.58008E+00
1.272553E-08,2.58060E+00
1.277553E-08,2.58165E+00
1.282553E-08,2.58165E+00
1.287553E-08,2.58217E+00
1.292553E-08,2.58269E+00
1.297553E-08,2.58269E+00
1.302553E-08,2.58217E+00
1.307553E-08,2.58165E+00
1.312553E-08,2.58112E+00
1.317553E-08,2.58112E+00
1.322553E-08,2.58060E+00
1.327553E-08,2.57956E+00
1.332553E-08,2.57852E+00
1.337553E-08,2.57799E+00
1.342553E-08,2.57695E+00
1.347553E-08,2.57591E+00
1.352553E-08,2.57539E+00
1.357553E-08,2.57434E+00
1.362553E-08,2.57330E+00
1.367553E-08,2.57330E+00
1.372553E-08,2.57226E+00
1.377553E-08,2.57226E+00
1.382553E-08,2.57226E+00
1.387553E-08,2.57173E+00
1.392553E-08,2.57226E+00
1.397553E-08,2.57226E+00
1.402553E-08,2.57278E+00
1.407553E-08,2.57330E+00
1.412553E-08,2.57434E+00
1.417553E-08,2.57539E+00
1.422553E-08,2.57643E+00
1.427553E-08,2.57799E+00
1.432553E-08,2.57904E+00
1.437553E-08,2.58112E+00
1.442553E-08,2.58217E+00
1.447553E-08,2.58425E+00
1.452553E-08,2.58582E+00
1.457553E-08,2.58686E+00
1.462553E-08,2.58791E+00
1.467553E-08,2.58947E+00
1.472553E-08,2.59051E+00
1.477553E-08,2.59156E+00
1.482553E-08,2.59156E+00
1.487553E-08,2.59260E+00
1.492553E-08,2.59260E+00
1.497553E-08,2.59260E+00
1.502553E-08,2.59260E+00
1.507553E-08,2.59208E+00
1.512553E-08,2.59208E+00
1.517553E-08,2.59103E+00
1.522553E-08,2.58895E+00
1.527553E-08,2.58843E+00
1.532553E-08,2.58686E+00
1.537553E-08,2.58582E+00
1.542553E-08,2.58373E+00
1.547553E-08,2.58165E+00
1.552553E-08,2.57956E+00
1.557553E-08,2.57747E+00
1.562553E-08,2.57539E+00
1.567553E-08,2.57382E+00
1.572553E-08,2.57069E+00
1.577553E-08,2.56913E+00
1.582553E-08,2.56808E+00
1.587553E-08,2.56652E+00
1.592553E-08,2.56495E+00
1.597553E-08,2.56287E+00
1.602553E-08,2.56182E+00
1.607553E-08,2.56078E+00
1.612553E-08,2.56026E+00
1.617553E-08,2.55974E+00
1.622553E-08,2.55921E+00
1.627553E-08,2.56026E+00
1.632553E-08,2.56078E+00
1.637553E-08,2.56130E+00
1.642553E-08,2.56182E+00
1.647553E-08,2.56287E+00
1.652553E-08,2.56495E+00
1.657553E-08,2.56652E+00
1.662553E-08,2.56756E+00
1.667553E-08,2.56965E+00
1.672553E-08,2.57017E+00
1.677553E-08,2.57330E+00
1.682553E-08,2.57539E+00
1.687553E-08,2.57695E+00
1.692553E-08,2.57904E+00
1.697553E-08,2.58060E+00
1.702553E-08,2.58373E+00
1.707553E-08,2.58478E+00
1.712553E-08,2.58634E+00
1.717553E-08,2.58791E+00
1.722553E-08,2.58895E+00
1.727553E-08,2.58947E+00
1.732553E-08,2.59103E+00
1.737553E-08,2.59208E+00
1.742553E-08,2.59208E+00
1.747553E-08,2.59208E+00
1.752553E-08,2.59260E+00
1.757553E-08,2.59208E+00
1.762553E-08,2.59208E+00
1.767553E-08,2.59156E+00
1.772553E-08,2.59103E+00
1.777553E-08,2.58999E+00
1.782553E-08,2.58843E+00
1.787553E-08,2.58738E+00
1.792553E-08,2.58634E+00
1.797553E-08,2.58478E+00
1.802553E-08,2.58373E+00
1.807553E-08,2.58165E+00
1.812553E-08,2.58008E+00
1.817553E-08,2.57852E+00
1.822553E-08,2.57643E+00
1.827553E-08,2.57539E+00
1.832553E-08,2.57382E+00
1.837553E-08,2.57173E+00
1.842553E-08,2.57017E+00
1.847553E-08,2.57017E+00
1.852553E-08,2.56913E+00
1.857553E-08,2.56808E+00
1.862553E-08,2.56704E+00
1.867553E-08,2.56600E+00
1.872553E-08,2.56600E+00
1.877553E-08,2.56600E+00
1.882553E-08,2.56547E+00
1.887553E-08,2.56547E+00
1.892553E-08,2.56547E+00
1.897553E-08,2.56600E+00
1.902553E-08,2.56600E+00
1.907553E-08,2.56652E+00
1.912553E-08,2.56704E+00
1.917553E-08,2.56652E+00
1.922553E-08,2.56756E+00
1.927553E-08,2.56860E+00
1.932553E-08,2.56913E+00
1.937553E-08,2.56965E+00
1.942553E-08,2.57069E+00
1.947553E-08,2.57121E+00
1.952553E-08,2.57121E+00
1.957553E-08,2.57173E+00
1.962553E-08,2.57226E+00
1.967553E-08,2.57226E+00
1.972553E-08,2.57173E+00
1.977553E-08,2.57173E+00
1.982553E-08,2.57173E+00
1.987553E-08,2.57278E+00
1.992553E-08,2.57226E+00
1.997553E-08,2.57173E+00
2.002553E-08,2.57121E+00
2.007553E-08,2.57069E+00
2.012553E-08,2.56965E+00
2.017553E-08,2.56965E+00
2.022553E-08,2.56860E+00
2.027553E-08,2.56808E+00
2.032553E-08,2.56756E+00
2.037553E-08,2.56652E+00
2.042553E-08,2.56495E+00
2.047553E-08,2.56339E+00
2.052553E-08,2.56287E+00
2.057553E-08,2.56234E+00
2.062553E-08,2.56130E+00
2.067553E-08,2.56130E+00
2.072553E-08,2.56026E+00
2.077553E-08,2.55974E+00
2.082553E-08,2.55974E+00
2.087553E-08,2.55974E+00
2.092553E-08,2.55921E+00
2.097553E-08,2.55974E+00
2.102553E-08,2.56026E+00
2.107553E-08,2.56078E+00
2.112553E-08,2.56078E+00
2.117553E-08,2.56234E+00
2.122553E-08,2.56339E+00
2.127553E-08,2.56547E+00
2.132553E-08,2.56652E+00
2.137553E-08,2.56756E+00
2.142553E-08,2.56965E+00
2.147553E-08,2.57069E+00
2.152553E-08,2.57278E+00
2.157553E-08,2.57486E+00
2.162553E-08,2.57591E+00
2.167553E-08,2.57852E+00
2.172553E-08,2.58008E+00
2.177553E-08,2.58269E+00
2.182553E-08,2.58478E+00
2.187553E-08,2.58686E+00
2.192553E-08,2.58791E+00
2.197553E-08,2.58999E+00
2.202553E-08,2.59208E+00
2.207553E-08,2.59364E+00
2.212553E-08,2.59416E+00
2.217553E-08,2.59677E+00
2.222553E-08,2.59834E+00
2.227553E-08,2.59990E+00
2.232553E-08,2.59990E+00
2.237553E-08,2.60042E+00
2.242553E-08,2.60095E+00
2.247553E-08,2.60095E+00
2.252553E-08,2.60147E+00
2.257553E-08,2.60095E+00
2.262553E-08,2.60042E+00
2.267553E-08,2.60042E+00
2.272553E-08,2.59938E+00
2.277553E-08,2.59938E+00
2.282553E-08,2.59782E+00
2.287553E-08,2.59625E+00
2.292553E-08,2.59416E+00
2.297553E-08,2.59364E+00
2.302553E-08,2.59156E+00
2.307553E-08,2.59103E+00
2.312553E-08,2.58947E+00
2.317553E-08,2.58686E+00
2.322553E-08,2.58530E+00
2.327553E-08,2.58425E+00
2.332553E-08,2.58321E+00
2.337553E-08,2.58165E+00
2.342553E-08,2.58008E+00
2.347553E-08,2.57852E+00
2.352553E-08,2.57799E+00
2.357553E-08,2.57643E+00
2.362553E-08,2.57591E+00
2.367553E-08,2.57486E+00
2.372553E-08,2.57539E+00
2.377553E-08,2.57434E+00
2.382553E-08,2.57382E+00
2.387553E-08,2.57382E+00
2.392553E-08,2.57382E+00
2.397553E-08,2.57434E+00
2.402553E-08,2.57486E+00
2.407553E-08,2.57539E+00
2.412553E-08,2.57539E+00
2.417553E-08,2.57591E+00
2.422553E-08,2.57695E+00
2.427553E-08,2.57799E+00
2.432553E-08,2.57904E+00
2.437553E-08,2.58008E+00
2.442553E-08,2.58060E+00
2.447553E-08,2.58217E+00
2.452553E-08,2.58321E+00
2.457553E-08,2.58425E+00
2.462553E-08,2.58478E+00
2.467553E-08,2.58530E+00
2.472553E-08,2.58582E+00
2.477553E-08,2.58582E+00
2.482553E-08,2.58582E+00
2.487553E-08,2.58582E+00
2.492553E-08,2.58634E+00
2.497553E-08,2.58530E+00
2.502553E-08,2.58478E+00
2.507553E-08,2.58425E+00
2.512553E-08,2.58217E+00
2.517553E-08,2.58112E+00
2.522553E-08,2.57956E+00
2.527553E-08,2.57799E+00
2.532553E-08,2.57643E+00
2.537553E-08,2.57486E+00
2.542553E-08,2.57173E+00
2.547553E-08,2.57069E+00
2.552553E-08,2.56860E+00
2.557553E-08,2.56652E+00
2.562553E-08,2.56287E+00
2.567553E-08,2.56130E+00
2.572553E-08,2.55869E+00
2.577553E-08,2.55765E+00
2.582553E-08,2.55504E+00
2.587553E-08,2.55295E+00
2.592553E-08,2.55191E+00
2.597553E-08,2.55035E+00
2.602553E-08,2.54826E+00
2.607553E-08,2.54774E+00
2.612553E-08,2.54670E+00
2.617553E-08,2.54565E+00
2.622553E-08,2.54513E+00
2.627553E-08,2.54513E+00
2.632553E-08,2.54513E+00
2.637553E-08,2.54565E+00
2.642553E-08,2.54670E+00
2.647553E-08,2.54774E+00
2.652553E-08,2.54774E+00
2.657553E-08,2.54982E+00
2.662553E-08,2.55087E+00
2.667553E-08,2.55295E+00
2.672553E-08,2.55348E+00
2.677553E-08,2.55556E+00
2.682553E-08,2.55713E+00
2.687553E-08,2.55817E+00
2.692553E-08,2.56026E+00
2.697553E-08,2.56287E+00
2.702553E-08,2.56339E+00
2.707553E-08,2.56547E+00
2.712553E-08,2.56756E+00
2.717553E-08,2.56913E+00
2.722553E-08,2.57121E+00
2.727553E-08,2.57226E+00
2.732553E-08,2.57330E+00
2.737553E-08,2.57330E+00
2.742553E-08,2.57486E+00
2.747553E-08,2.57643E+00
2.752553E-08,2.57695E+00
2.757553E-08,2.57695E+00
2.762553E-08,2.57695E+00
2.767553E-08,2.57799E+00
2.772553E-08,2.57799E+00
2.777553E-08,2.57852E+00
2.782553E-08,2.57852E+00
2.787553E-08,2.57852E+00
2.792553E-08,2.57799E+00
2.797553E-08,2.57799E+00
2.802553E-08,2.57799E+00
2.807553E-08,2.57747E+00
2.812553E-08,2.57747E+00
2.817553E-08,2.57747E+00
2.822553E-08,2.57695E+00
2.827553E-08,2.57695E+00
2.832553E-08,2.57695E+00
2.837553E-08,2.57643E+00
2.842553E-08,2.57643E+00
2.847553E-08,2.57643E+00
2.852553E-08,2.57643E+00
2.857553E-08,2.57695E+00
2.862553E-08,2.57695E+00
2.867553E-08,2.57695E+00
2.872553E-08,2.57747E+00
2.877553E-08,2.57747E+00
2.882553E-08,2.57747E+00
2.887553E-08,2.57799E+00
2.892553E-08,2.57852E+00
2.897553E-08,2.57852E+00
2.902553E-08,2.57852E+00
2.907553E-08,2.57904E+00
2.912553E-08,2.57904E+00
2.917553E-08,2.57956E+00
2.922553E-08,2.57956E+00
2.927553E-08,2.57956E+00
2.932553E-08,2.57956E+00
2.937553E-08,2.57956E+00
2.942553E-08,2.57956E+00
2.947553E-08,2.57956E+00
2.952553E-08,2.57904E+00
2.957553E-08,2.57852E+00
2.962553E-08,2.57852E+00
2.967553E-08,2.57799E+00
2.972553E-08,2.57695E+00
2.977553E-08,2.57643E+00
2.982553E-08,2.57643E+00
2.987553E-08,2.57539E+00
2.992553E-08,2.57434E+00
2.997553E-08,2.57330E+00
3.002553E-08,2.57173E+00
3.007553E-08,2.57173E+00
3.012553E-08,2.57121E+00
3.017553E-08,2.57017E+00
3.022553E-08,2.56860E+00
3.027553E-08,2.56808E+00
3.032553E-08,2.56704E+00
3.037553E-08,2.56652E+00
3.042553E-08,2.56600E+00
3.047553E-08,2.56391E+00
3.052553E-08,2.56391E+00
3.057553E-08,2.56234E+00
3.062553E-08,2.56182E+00
3.067553E-08,2.56182E+00
3.072553E-08,2.56182E+00
3.077553E-08,2.56182E+00
3.082553E-08,2.56130E+00
3.087553E-08,2.56130E+00
3.092553E-08,2.56130E+00
3.097553E-08,2.56130E+00
3.102553E-08,2.56130E+00
3.107553E-08,2.56182E+00
3.112553E-08,2.56182E+00
3.117553E-08,2.56182E+00
3.122553E-08,2.56234E+00
3.127553E-08,2.56182E+00
3.132553E-08,2.56182E+00
3.137553E-08,2.56182E+00
3.142553E-08,2.56182E+00
3.147553E-08,2.56130E+00
3.152553E-08,2.56078E+00
3.157553E-08,2.56078E+00
3.162553E-08,2.56026E+00
3.167553E-08,2.55921E+00
3.172553E-08,2.55817E+00
3.177553E-08,2.55817E+00
3.182553E-08,2.55661E+00
3.187553E-08,2.55556E+00
3.192553E-08,2.55400E+00
3.197553E-08,2.55348E+00
3.202553E-08,2.55191E+00
3.207553E-08,2.55035E+00
3.212553E-08,2.54878E+00
3.217553E-08,2.54670E+00
3.222553E-08,2.54513E+00
3.227553E-08,2.54304E+00
3.232553E-08,2.54096E+00
3.237553E-08,2.53835E+00
3.242553E-08,2.53678E+00
3.247553E-08,2.53365E+00
3.252553E-08,2.53209E+00
3.257553E-08,2.53052E+00
3.262553E-08,2.52792E+00
3.267553E-08,2.52531E+00
3.272553E-08,2.52322E+00
3.277553E-08,2.52061E+00
3.282553E-08,2.51800E+00
3.287553E-08,2.51592E+00
3.292553E-08,2.51383E+00
3.297553E-08,2.51070E+00
3.302553E-08,2.50809E+00
3.307553E-08,2.50549E+00
3.312553E-08,2.50236E+00
3.317553E-08,2.50079E+00
3.322553E-08,2.49766E+00
3.327553E-08,2.49505E+00
3.332553E-08,2.49297E+00
3.337553E-08,2.48931E+00
3.342553E-08,2.48775E+00
3.347553E-08,2.48462E+00
3.352553E-08,2.48201E+00
3.357553E-08,2.47888E+00
3.362553E-08,2.47679E+00
3.367553E-08,2.47366E+00
3.372553E-08,2.47106E+00
3.377553E-08,2.46897E+00
3.382553E-08,2.46532E+00
3.387553E-08,2.46323E+00
3.392553E-08,2.46115E+00
3.397553E-08,2.45802E+00
3.402553E-08,2.45593E+00
3.407553E-08,2.45280E+00
3.412553E-08,2.44967E+00
3.417553E-08,2.44706E+00
3.422553E-08,2.44445E+00
3.427553E-08,2.44132E+00
3.432553E-08,2.43819E+00
3.437553E-08,2.43506E+00
3.442553E-08,2.43245E+00
3.447553E-08,2.42880E+00
3.452553E-08,2.42463E+00
3.457553E-08,2.42202E+00
3.462553E-08,2.41889E+00
3.467553E-08,2.41472E+00
3.472553E-08,2.41002E+00
3.477553E-08,2.40585E+00
3.482553E-08,2.40168E+00
3.487553E-08,2.39698E+00
3.492553E-08,2.39229E+00
3.497553E-08,2.38759E+00
3.502553E-08,2.38133E+00
3.507553E-08,2.37664E+00
3.512553E-08,2.36986E+00
3.517553E-08,2.36360E+00
3.522553E-08,2.35890E+00
3.527553E-08,2.35264E+00
3.532553E-08,2.34586E+00
3.537553E-08,2.33908E+00
3.542553E-08,2.33230E+00
3.547553E-08,2.32604E+00
3.552553E-08,2.31874E+00
3.557553E-08,2.31091E+00
3.562553E-08,2.30361E+00
3.567553E-08,2.29631E+00
3.572553E-08,2.28952E+00
3.577553E-08,2.28222E+00
3.582553E-08,2.27492E+00
3.587553E-08,2.26709E+00
3.592553E-08,2.25979E+00
3.597553E-08,2.25144E+00
3.602553E-08,2.24310E+00
3.607553E-08,2.23527E+00
3.612553E-08,2.22797E+00
3.617553E-08,2.22067E+00
3.622553E-08,2.21232E+00
3.627553E-08,2.20450E+00
3.632553E-08,2.19667E+00
3.637553E-08,2.18885E+00
3.642553E-08,2.17998E+00
3.647553E-08,2.17111E+00
3.652553E-08,2.16381E+00
3.657553E-08,2.15546E+00
3.662553E-08,2.14659E+00
3.667553E-08,2.13877E+00
3.672553E-08,2.12990E+00
3.677553E-08,2.11999E+00
3.682553E-08,2.11112E+00
3.687553E-08,2.10225E+00
3.692553E-08,2.09234E+00
3.697553E-08,2.08191E+00
3.702553E-08,2.07200E+00
3.707553E-08,2.06157E+00
3.712553E-08,2.05113E+00
3.717553E-08,2.04018E+00
3.722553E-08,2.02870E+00
3.727553E-08,2.01775E+00
3.732553E-08,2.00523E+00
3.737553E-08,1.99323E+00
3.742553E-08,1.98071E+00
3.747553E-08,1.96871E+00
3.752553E-08,1.95619E+00
3.757553E-08,1.94315E+00
3.762553E-08,1.92907E+00
3.767553E-08,1.91603E+00
3.772553E-08,1.90194E+00
3.777553E-08,1.88838E+00
3.782553E-08,1.87482E+00
3.787553E-08,1.86021E+00
3.792553E-08,1.84613E+00
3.797553E-08,1.83308E+00
3.802553E-08,1.81848E+00
3.807553E-08,1.80387E+00
3.812553E-08,1.78979E+00
3.817553E-08,1.77518E+00
3.822553E-08,1.76162E+00
3.827553E-08,1.74649E+00
3.832553E-08,1.73241E+00
3.837553E-08,1.71832E+00
3.842553E-08,1.70424E+00
3.847553E-08,1.69068E+00
3.852553E-08,1.67659E+00
3.857553E-08,1.66303E+00
3.862553E-08,1.64842E+00
3.867553E-08,1.63486E+00
3.872553E-08,1.62182E+00
3.877553E-08,1.60826E+00
3.882553E-08,1.59417E+00
3.887553E-08,1.58009E+00
3.892553E-08,1.56757E+00
3.897553E-08,1.55348E+00
3.902553E-08,1.53992E+00
3.907553E-08,1.52636E+00
3.912553E-08,1.51175E+00
3.917553E-08,1.49871E+00
3.922553E-08,1.48515E+00
3.927553E-08,1.47106E+00
3.932553E-08,1.45646E+00
3.937553E-08,1.44342E+00
3.942553E-08,1.42829E+00
3.947553E-08,1.41368E+00
3.952553E-08,1.39855E+00
3.957553E-08,1.38499E+00
3.962553E-08,1.36986E+00
3.967553E-08,1.35474E+00
3.972553E-08,1.33961E+00
3.977553E-08,1.32396E+00
3.982553E-08,1.30935E+00
3.987553E-08,1.29370E+00
3.992553E-08,1.27753E+00
3.997553E-08,1.26136E+00
4.002553E-08,1.24623E+00
4.007553E-08,1.23058E+00
4.012553E-08,1.21389E+00
4.017553E-08,1.19772E+00
4.022553E-08,1.18155E+00
4.027553E-08,1.16642E+00
4.032553E-08,1.15025E+00
4.037553E-08,1.13408E+00
4.042553E-08,1.11791E+00
4.047553E-08,1.10226E+00
4.052553E-08,1.08661E+00
4.057553E-08,1.07148E+00
4.062553E-08,1.05531E+00
4.067553E-08,1.04123E+00
4.072553E-08,1.02558E+00
4.077553E-08,1.01045E+00
4.082553E-08,9.9532E-01
4.087553E-08,9.8072E-01
4.092553E-08,9.6611E-01
4.097553E-08,9.5046E-01
4.102553E-08,9.3533E-01
4.107553E-08,9.2125E-01
4.112553E-08,9.0664E-01
4.117553E-08,8.9152E-01
4.122553E-08,8.7743E-01
4.127553E-08,8.6282E-01
4.132553E-08,8.4926E-01
4.137553E-08,8.3413E-01
4.142553E-08,8.1953E-01
4.147553E-08,8.0440E-01
4.152553E-08,7.8979E-01
4.157553E-08,7.7571E-01
4.162553E-08,7.6006E-01
4.167553E-08,7.4598E-01
4.172553E-08,7.3085E-01
4.177553E-08,7.1729E-01
4.182553E-08,7.0216E-01
4.187553E-08,6.8703E-01
4.192553E-08,6.7190E-01
4.197553E-08,6.5886E-01
4.202553E-08,6.4426E-01
4.207553E-08,6.2965E-01
4.212553E-08,6.1556E-01
4.217553E-08,6.0096E-01
4.222553E-08,5.8792E-01
4.227553E-08,5.7383E-01
4.232553E-08,5.6027E-01
4.237553E-08,5.4723E-01
4.242553E-08,5.3367E-01
4.247553E-08,5.2115E-01
4.252553E-08,5.0967E-01
4.257553E-08,4.9767E-01
4.262553E-08,4.8568E-01
4.267553E-08,4.7368E-01
4.272553E-08,4.6272E-01
4.277553E-08,4.5385E-01
4.282553E-08,4.4134E-01
4.287553E-08,4.3247E-01
4.292553E-08,4.2151E-01
4.297553E-08,4.1212E-01
4.302553E-08,4.0326E-01
4.307553E-08,3.9334E-01
4.312553E-08,3.8448E-01
4.317553E-08,3.7613E-01
4.322553E-08,3.6622E-01
4.327553E-08,3.5839E-01
4.332553E-08,3.5005E-01
4.337553E-08,3.4014E-01
4.342553E-08,3.3231E-01
4.347553E-08,3.2397E-01
4.352553E-08,3.1562E-01
4.357553E-08,3.0623E-01
4.362553E-08,2.9788E-01
4.367553E-08,2.8849E-01
4.372553E-08,2.8015E-01
4.377553E-08,2.7076E-01
4.382553E-08,2.6189E-01
4.387553E-08,2.5354E-01
4.392553E-08,2.4468E-01
4.397553E-08,2.3476E-01
4.402553E-08,2.2590E-01
4.407553E-08,2.1651E-01
4.412553E-08,2.0816E-01
4.417553E-08,1.9877E-01
4.422553E-08,1.9095E-01
4.427553E-08,1.8208E-01
4.432553E-08,1.7373E-01
4.437553E-08,1.6591E-01
4.442553E-08,1.5652E-01
4.447553E-08,1.5026E-01
4.452553E-08,1.4243E-01
4.457553E-08,1.3461E-01
4.462553E-08,1.2783E-01
4.467553E-08,1.2209E-01
4.472553E-08,1.1479E-01
4.477553E-08,1.0905E-01
4.482553E-08,1.0331E-01
4.487553E-08,9.809E-02
4.492553E-08,9.340E-02
4.497553E-08,8.766E-02
4.502553E-08,8.349E-02
4.507553E-08,7.931E-02
4.512553E-08,7.514E-02
4.517553E-08,7.149E-02
4.522553E-08,6.836E-02
4.527553E-08,6.471E-02
4.532553E-08,6.106E-02
4.537553E-08,5.740E-02
4.542553E-08,5.532E-02
4.547553E-08,5.219E-02
4.552553E-08,4.854E-02
4.557553E-08,4.541E-02
4.562553E-08,4.332E-02
4.567553E-08,3.967E-02
4.572553E-08,3.654E-02
4.577553E-08,3.445E-02
4.582553E-08,3.080E-02
4.587553E-08,2.819E-02
4.592553E-08,2.558E-02
4.597553E-08,2.193E-02
4.602553E-08,1.985E-02
4.607553E-08,1.724E-02
4.612553E-08,1.411E-02
4.617553E-08,1.098E-02
4.622553E-08,8.37E-03
4.627553E-08,5.76E-03
4.632553E-08,3.15E-03
4.637553E-08,1.07E-03
4.642553E-08,-1.54E-03
4.647553E-08,-3.11E-03
4.652553E-08,-4.15E-03
4.657553E-08,-5.71E-03
4.662553E-08,-7.80E-03
4.667553E-08,-8.32E-03
4.672553E-08,-9.89E-03
4.677553E-08,-1.041E-02
4.682553E-08,-1.093E-02
4.687553E-08,-1.093E-02
4.692553E-08,-1.145E-02
4.697553E-08,-1.093E-02
4.702553E-08,-1.041E-02
4.707553E-08,-9.89E-03
4.712553E-08,-8.84E-03
4.717553E-08,-8.32E-03
4.722553E-08,-6.24E-03
4.727553E-08,-5.19E-03
4.732553E-08,-4.15E-03
4.737553E-08,-2.58E-03
4.742553E-08,-1.54E-03
4.747553E-08,2E-05
4.752553E-08,5.5E-04
4.757553E-08,2.11E-03
4.762553E-08,3.68E-03
4.767553E-08,4.72E-03
4.772553E-08,5.24E-03
4.777553E-08,6.28E-03
4.782553E-08,7.85E-03
4.787553E-08,8.37E-03
4.792553E-08,9.41E-03
4.797553E-08,8.89E-03
4.802553E-08,9.93E-03
4.807553E-08,1.046E-02
4.812553E-08,9.93E-03
4.817553E-08,1.046E-02
4.822553E-08,1.046E-02
4.827553E-08,1.098E-02
4.832553E-08,1.046E-02
4.837553E-08,1.098E-02
4.842553E-08,1.098E-02
4.847553E-08,1.046E-02
4.852553E-08,1.046E-02
4.857553E-08,9.93E-03
4.862553E-08,9.93E-03
4.867553E-08,9.93E-03
4.872553E-08,9.93E-03
4.877553E-08,9.93E-03
4.882553E-08,9.93E-03
4.887553E-08,9.93E-03
4.892553E-08,9.93E-03
4.897553E-08,9.93E-03
4.902553E-08,9.93E-03
4.907553E-08,9.93E-03
4.912553E-08,1.046E-02
4.917553E-08,1.046E-02
4.922553E-08,1.046E-02
4.927553E-08,1.046E-02
4.932553E-08,9.93E-03
4.937553E-08,9.93E-03
4.942553E-08,9.93E-03
4.947553E-08,9.41E-03
4.952553E-08,8.89E-03
4.957553E-08,8.37E-03
4.962553E-08,7.85E-03
4.967553E-08,7.33E-03
4.972553E-08,6.81E-03
4.977553E-08,6.28E-03
4.982553E-08,5.24E-03
4.987553E-08,4.20E-03
4.992553E-08,4.20E-03
4.997553E-08,2.11E-03
5.002553E-08,1.59E-03
5.007553E-08,2E-05
5.012553E-08,2E-05
5.017553E-08,-1.02E-03
5.022553E-08,-2.58E-03
5.027553E-08,-3.63E-03
5.032553E-08,-3.63E-03
5.037553E-08,-5.19E-03
5.042553E-08,-4.67E-03
5.047553E-08,-5.71E-03
5.052553E-08,-5.71E-03
5.057553E-08,-6.24E-03
5.062553E-08,-6.24E-03
5.067553E-08,-6.24E-03
5.072553E-08,-5.71E-03
5.077553E-08,-5.19E-03
5.082553E-08,-5.71E-03
5.087553E-08,-4.67E-03
5.092553E-08,-3.63E-03
5.097553E-08,-3.11E-03
5.102553E-08,-1.02E-03
5.107553E-08,-1.02E-03
5.112553E-08,5.5E-04
5.117553E-08,2.11E-03
5.122553E-08,3.15E-03
5.127553E-08,4.20E-03
5.132553E-08,5.76E-03
5.137553E-08,6.28E-03
5.142553E-08,7.85E-03
5.147553E-08,9.41E-03
5.152553E-08,1.046E-02
5.157553E-08,1.202E-02
5.162553E-08,1.254E-02
5.167553E-08,1.411E-02
5.172553E-08,1.463E-02
5.177553E-08,1.567E-02
5.182553E-08,1.672E-02
5.187553E-08,1.724E-02
5.192553E-08,1.776E-02
5.197553E-08,1.828E-02
5.202553E-08,1.776E-02
5.207553E-08,1.880E-02
5.212553E-08,1.880E-02
5.217553E-08,1.880E-02
5.222553E-08,1.880E-02
5.227553E-08,1.880E-02
5.232553E-08,1.828E-02
5.237553E-08,1.776E-02
5.242553E-08,1.828E-02
5.247553E-08,1.776E-02
5.252553E-08,1.724E-02
5.257553E-08,1.672E-02
5.262553E-08,1.672E-02
5.267553E-08,1.724E-02
5.272553E-08,1.672E-02
5.277553E-08,1.619E-02
5.282553E-08,1.619E-02
5.287553E-08,1.515E-02
5.292553E-08,1.463E-02
5.297553E-08,1.515E-02
5.302553E-08,1.515E-02
5.307553E-08,1.515E-02
5.312553E-08,1.463E-02
5.317553E-08,1.463E-02
5.322553E-08,1.463E-02
5.327553E-08,1.411E-02
5.332553E-08,1.411E-02
5.337553E-08,1.359E-02
5.342553E-08,1.254E-02
5.347553E-08,1.254E-02
5.352553E-08,1.254E-02
5.357553E-08,1.254E-02
5.362553E-08,1.202E-02
5.367553E-08,1.150E-02
5.372553E-08,1.150E-02
5.377553E-08,1.150E-02
5.382553E-08,1.098E-02
5.387553E-08,1.098E-02
5.392553E-08,1.046E-02
5.397553E-08,9.93E-03
5.402553E-08,9.93E-03
5.407553E-08,9.93E-03
5.412553E-08,1.046E-02
5.417553E-08,1.046E-02
5.422553E-08,1.098E-02
5.427553E-08,1.202E-02
5.432553E-08,1.254E-02
5.437553E-08,1.254E-02
5.442553E-08,1.306E-02
5.447553E-08,1.359E-02
5.452553E-08,1.567E-02
5.457553E-08,1.672E-02
5.462553E-08,1.724E-02
5.467553E-08,1.880E-02
5.472553E-08,2.037E-02
5.477553E-08,2.141E-02
5.482553E-08,2.245E-02
5.487553E-08,2.506E-02
5.492553E-08,2.611E-02
5.497553E-08,2.767E-02
5.502553E-08,2.924E-02
5.507553E-08,2.976E-02
5.512553E-08,3.080E-02
5.517553E-08,3.289E-02
5.522553E-08,3.445E-02
5.527553E-08,3.550E-02
5.532553E-08,3.550E-02
5.537553E-08,3.706E-02
5.542553E-08,3.758E-02
5.547553E-08,3.810E-02
5.552553E-08,3.758E-02
5.557553E-08,3.810E-02
5.562553E-08,3.810E-02
5.567553E-08,3.810E-02
5.572553E-08,3.810E-02
5.577553E-08,3.758E-02
5.582553E-08,3.654E-02
5.587553E-08,3.550E-02
5.592553E-08,3.550E-02
5.597553E-08,3.445E-02
5.602553E-08,3.289E-02
5.607553E-08,3.237E-02
5.612553E-08,2.976E-02
5.617553E-08,2.924E-02
5.622553E-08,2.819E-02
5.627553E-08,2.715E-02
5.632553E-08,2.611E-02
5.637553E-08,2.506E-02
5.642553E-08,2.402E-02
5.647553E-08,2.141E-02
5.652553E-08,2.141E-02
5.657553E-08,1.985E-02
5.662553E-08,1.932E-02
5.667553E-08,1.828E-02
5.672553E-08,1.724E-02
5.677553E-08,1.672E-02
5.682553E-08,1.619E-02
5.687553E-08,1.619E-02
5.692553E-08,1.619E-02
5.697553E-08,1.619E-02
5.702553E-08,1.619E-02
5.707553E-08,1.619E-02
5.712553E-08,1.672E-02
5.717553E-08,1.619E-02
5.722553E-08,1.672E-02
5.727553E-08,1.776E-02
5.732553E-08,1.828E-02
5.737553E-08,1.932E-02
5.742553E-08,1.985E-02
5.747553E-08,2.089E-02
5.752553E-08,2.141E-02
5.757553E-08,2.193E-02
5.762553E-08,2.298E-02
5.767553E-08,2.454E-02
5.772553E-08,2.506E-02
5.777553E-08,2.611E-02
5.782553E-08,2.663E-02
5.787553E-08,2.715E-02
5.792553E-08,2.819E-02
5.797553E-08,2.924E-02
5.802553E-08,2.976E-02
5.807553E-08,3.028E-02
5.812553E-08,3.080E-02
5.817553E-08,3.184E-02
5.822553E-08,3.237E-02
5.827553E-08,3.289E-02
5.832553E-08,3.289E-02
5.837553E-08,3.289E-02
5.842553E-08,3.341E-02
5.847553E-08,3.341E-02
5.852553E-08,3.341E-02
5.857553E-08,3.289E-02
5.862553E-08,3.289E-02
5.867553E-08,3.289E-02
5.872553E-08,3.289E-02
5.877553E-08,3.237E-02
5.882553E-08,3.184E-02
5.887553E-08,3.080E-02
5.892553E-08,3.028E-02
5.897553E-08,2.976E-02
5.902553E-08,2.924E-02
5.907553E-08,2.819E-02
5.912553E-08,2.715E-02
5.917553E-08,2.663E-02
5.922553E-08,2.611E-02
5.927553E-08,2.558E-02
5.932553E-08,2.506E-02
5.937553E-08,2.402E-02
5.942553E-08,2.245E-02
5.947553E-08,2.141E-02
5.952553E-08,2.141E-02
5.957553E-08,2.089E-02
5.962553E-08,2.037E-02
5.967553E-08,1.985E-02
5.972553E-08,1.932E-02
5.977553E-08,1.932E-02
5.982553E-08,1.932E-02
5.987553E-08,1.932E-02
5.992553E-08,1.932E-02
5.997553E-08,1.932E-02
6.002553E-08,1.985E-02
6.007553E-08,2.037E-02
6.012553E-08,2.089E-02
6.017553E-08,2.089E-02
6.022553E-08,2.193E-02
6.027553E-08,2.193E-02
6.032553E-08,2.402E-02
6.037553E-08,2.454E-02
6.042553E-08,2.506E-02
6.047553E-08,2.611E-02
6.052553E-08,2.611E-02
6.057553E-08,2.715E-02
6.062553E-08,2.767E-02
6.067553E-08,2.819E-02
6.072553E-08,2.924E-02
6.077553E-08,2.924E-02
6.082553E-08,2.976E-02
6.087553E-08,3.028E-02
6.092553E-08,3.028E-02
6.097553E-08,2.976E-02
6.102553E-08,2.976E-02
6.107553E-08,2.924E-02
6.112553E-08,2.819E-02
6.117553E-08,2.767E-02
6.122553E-08,2.715E-02
6.127553E-08,2.611E-02
6.132553E-08,2.558E-02
6.137553E-08,2.350E-02
6.142553E-08,2.193E-02
6.147553E-08,2.141E-02
6.152553E-08,2.037E-02
6.157553E-08,1.932E-02
6.162553E-08,1.776E-02
6.167553E-08,1.619E-02
6.172553E-08,1.619E-02
6.177553E-08,1.515E-02
6.182553E-08,1.359E-02
6.187553E-08,1.306E-02
6.192553E-08,1.254E-02
6.197553E-08,1.150E-02
6.202553E-08,1.202E-02
6.207553E-08,1.254E-02
6.212553E-08,1.150E-02
6.217553E-08,1.254E-02
6.222553E-08,1.306E-02
6.227553E-08,1.359E-02
6.232553E-08,1.515E-02
6.237553E-08,1.619E-02
6.242553E-08,1.672E-02
6.247553E-08,1.776E-02
6.252553E-08,1.880E-02
6.257553E-08,1.985E-02
6.262553E-08,2.037E-02
6.267553E-08,2.245E-02
6.272553E-08,2.245E-02
6.277553E-08,2.350E-02
6.282553E-08,2.506E-02
6.287553E-08,2.558E-02
6.292553E-08,2.611E-02
6.297553E-08,2.663E-02
6.302553E-08,2.715E-02
6.307553E-08,2.663E-02
6.312553E-08,2.715E-02
6.317553E-08,2.715E-02
6.322553E-08,2.663E-02
6.327553E-08,2.715E-02
6.332553E-08,2.663E-02
6.337553E-08,2.611E-02
6.342553E-08,2.558E-02
6.347553E-08,2.506E-02
6.352553E-08,2.506E-02
6.357553E-08,2.454E-02
6.362553E-08,2.350E-02
6.367553E-08,2.350E-02
6.372553E-08,2.245E-02
6.377553E-08,2.193E-02
6.382553E-08,2.141E-02
6.387553E-08,2.193E-02
6.392553E-08,2.141E-02
6.397553E-08,2.141E-02
6.402553E-08,2.141E-02
6.407553E-08,2.141E-02
6.412553E-08,2.193E-02
6.417553E-08,2.193E-02
6.422553E-08,2.193E-02
6.427553E-08,2.298E-02
6.432553E-08,2.402E-02
6.437553E-08,2.402E-02
6.442553E-08,2.454E-02
6.447553E-08,2.506E-02
6.452553E-08,2.611E-02
6.457553E-08,2.663E-02
6.462553E-08,2.663E-02
6.467553E-08,2.767E-02
6.472553E-08,2.767E-02
6.477553E-08,2.819E-02
6.482553E-08,2.871E-02
6.487553E-08,2.924E-02
6.492553E-08,2.976E-02
6.497553E-08,3.028E-02
6.502553E-08,3.028E-02
6.507553E-08,3.028E-02
6.512553E-08,3.028E-02
6.517553E-08,3.028E-02
6.522553E-08,3.028E-02
6.527553E-08,2.976E-02
6.532553E-08,2.924E-02
6.537553E-08,2.924E-02
6.542553E-08,2.819E-02
6.547553E-08,2.767E-02
6.552553E-08,2.715E-02
6.557553E-08,2.663E-02
6.562553E-08,2.611E-02
6.567553E-08,2.558E-02
6.572553E-08,2.558E-02
6.577553E-08,2.454E-02
6.582553E-08,2.350E-02
6.587553E-08,2.245E-02
6.592553E-08,2.193E-02
6.597553E-08,2.193E-02
6.602553E-08,2.089E-02
6.607553E-08,2.089E-02
6.612553E-08,2.037E-02
6.617553E-08,2.037E-02
6.622553E-08,1.985E-02
6.627553E-08,1.932E-02
6.632553E-08,1.932E-02
6.637553E-08,1.932E-02
6.642553E-08,1.932E-02
6.647553E-08,1.932E-02
6.652553E-08,1.932E-02
6.657553E-08,1.932E-02
6.662553E-08,1.932E-02
6.667553E-08,1.932E-02
6.672553E-08,1.985E-02
6.677553E-08,2.037E-02
6.682553E-08,2.037E-02
6.687553E-08,2.089E-02
6.692553E-08,2.089E-02
6.697553E-08,2.141E-02
6.702553E-08,2.193E-02
6.707553E-08,2.141E-02
6.712553E-08,2.193E-02
6.717553E-08,2.141E-02
6.722553E-08,2.193E-02
6.727553E-08,2.193E-02
6.732553E-08,2.193E-02
6.737553E-08,2.193E-02
6.742553E-08,2.193E-02
6.747553E-08,2.193E-02
6.752553E-08,2.193E-02
6.757553E-08,2.245E-02
6.762553E-08,2.193E-02
6.767553E-08,2.141E-02
6.772553E-08,2.089E-02
6.777553E-08,2.037E-02
6.782553E-08,1.985E-02
6.787553E-08,1.932E-02
6.792553E-08,1.880E-02
6.797553E-08,1.828E-02
6.802553E-08,1.724E-02
6.807553E-08,1.724E-02
6.812553E-08,1.672E-02
6.817553E-08,1.619E-02
6.822553E-08,1.515E-02
6.827553E-08,1.463E-02
6.832553E-08,1.411E-02
6.837553E-08,1.359E-02
6.842553E-08,1.359E-02
6.847553E-08,1.411E-02
6.852553E-08,1.359E-02
6.857553E-08,1.359E-02
6.862553E-08,1.359E-02
6.867553E-08,1.411E-02
6.872553E-08,1.411E-02
6.877553E-08,1.359E-02
6.882553E-08,1.411E-02
6.887553E-08,1.463E-02
6.892553E-08,1.515E-02
6.897553E-08,1.619E-02
6.902553E-08,1.672E-02
6.907553E-08,1.672E-02
6.912553E-08,1.724E-02
6.917553E-08,1.776E-02
6.922553E-08,1.880E-02
6.927553E-08,1.932E-02
6.932553E-08,1.985E-02
6.937553E-08,2.037E-02
6.942553E-08,2.089E-02
6.947553E-08,2.089E-02
6.952553E-08,2.193E-02
6.957553E-08,2.193E-02
6.962553E-08,2.193E-02
6.967553E-08,2.245E-02
6.972553E-08,2.193E-02
6.977553E-08,2.193E-02
6.982553E-08,2.193E-02
6.987553E-08,2.089E-02
6.992553E-08,2.089E-02
6.997553E-08,2.037E-02
7.002553E-08,1.985E-02
7.007553E-08,1.932E-02
7.012553E-08,1.828E-02
7.017553E-08,1.776E-02
7.022553E-08,1.724E-02
7.027553E-08,1.724E-02
7.032553E-08,1.619E-02
7.037553E-08,1.463E-02
7.042553E-08,1.463E-02
7.047553E-08,1.359E-02
7.052553E-08,1.411E-02
7.057553E-08,1.359E-02
7.062553E-08,1.359E-02
7.067553E-08,1.254E-02
7.072553E-08,1.254E-02
7.077553E-08,1.254E-02
7.082553E-08,1.254E-02
7.087553E-08,1.254E-02
7.092553E-08,1.359E-02
7.097553E-08,1.359E-02
7.102553E-08,1.411E-02
7.107553E-08,1.411E-02
7.112553E-08,1.411E-02
7.117553E-08,1.463E-02
7.122553E-08,1.515E-02
7.127553E-08,1.672E-02
7.132553E-08,1.724E-02
7.137553E-08,1.724E-02
7.142553E-08,1.724E-02
7.147553E-08,1.776E-02
7.152553E-08,1.828E-02
7.157553E-08,1.932E-02
7.162553E-08,1.932E-02
7.167553E-08,1.985E-02
7.172553E-08,2.089E-02
7.177553E-08,2.141E-02
7.182553E-08,2.141E-02
7.187553E-08,2.141E-02
7.192553E-08,2.245E-02
7.197553E-08,2.350E-02
7.202553E-08,2.454E-02
7.207553E-08,2.506E-02
7.212553E-08,2.558E-02
7.217553E-08,2.663E-02
7.222553E-08,2.767E-02
7.227553E-08,2.819E-02
7.232553E-08,2.976E-02
7.237553E-08,3.132E-02
7.242553E-08,3.237E-02
7.247553E-08,3.289E-02
7.252553E-08,3.445E-02
7.257553E-08,3.497E-02
7.262553E-08,3.654E-02
7.267553E-08,3.810E-02
7.272553E-08,3.863E-02
7.277553E-08,4.019E-02
7.282553E-08,4.071E-02
7.287553E-08,4.071E-02
7.292553E-08,4.228E-02
7.297553E-08,4.280E-02
7.302553E-08,4.280E-02
7.307553E-08,4.280E-02
7.312553E-08,4.176E-02
7.317553E-08,4.071E-02
7.322553E-08,4.019E-02
7.327553E-08,3.967E-02
7.332553E-08,3.758E-02
7.337553E-08,3.706E-02
7.342553E-08,3.550E-02
7.347553E-08,3.341E-02
7.352553E-08,3.184E-02
7.357553E-08,2.976E-02
7.362553E-08,2.819E-02
7.367553E-08,2.663E-02
7.372553E-08,2.454E-02
7.377553E-08,2.193E-02
7.382553E-08,2.037E-02
7.387553E-08,1.880E-02
7.392553E-08,1.672E-02
7.397553E-08,1.619E-02
7.402553E-08,1.463E-02
7.407553E-08,1.359E-02
7.412553E-08,1.254E-02
7.417553E-08,1.150E-02
7.422553E-08,1.150E-02
7.427553E-08,1.150E-02
7.432553E-08,1.150E-02
7.437553E-08,1.202E-02
7.442553E-08,1.306E-02
7.447553E-08,1.306E-02
7.452553E-08,1.306E-02
7.457553E-08,1.463E-02
7.462553E-08,1.619E-02
7.467553E-08,1.672E-02
7.472553E-08,1.776E-02
7.477553E-08,1.880E-02
7.482553E-08,1.985E-02
7.487553E-08,2.089E-02
7.492553E-08,2.193E-02
7.497553E-08,2.298E-02
7.502553E-08,2.245E-02
7.507553E-08,2.298E-02
7.512553E-08,2.350E-02
7.517553E-08,2.298E-02
7.522553E-08,2.298E-02
7.527553E-08,2.298E-02
7.532553E-08,2.245E-02
7.537553E-08,2.245E-02
7.542553E-08,2.193E-02
7.547553E-08,2.089E-02
7.552553E-08,1.985E-02
7.557553E-08,1.880E-02
7.562553E-08,1.724E-02
7.567553E-08,1.672E-02
7.572553E-08,1.515E-02
7.577553E-08,1.411E-02
7.582553E-08,1.254E-02
7.587553E-08,1.254E-02
7.592553E-08,1.098E-02
7.597553E-08,9.41E-03
7.602553E-08,8.89E-03
7.607553E-08,8.37E-03
7.612553E-08,8.37E-03
7.617553E-08,8.37E-03
7.622553E-08,8.37E-03
7.627553E-08,8.37E-03
7.632553E-08,8.37E-03
7.637553E-08,8.89E-03
7.642553E-08,9.93E-03
7.647553E-08,1.098E-02
7.652553E-08,1.202E-02
7.657553E-08,1.254E-02
7.662553E-08,1.359E-02
7.667553E-08,1.567E-02
7.672553E-08,1.724E-02
7.677553E-08,1.776E-02
7.682553E-08,1.985E-02
7.687553E-08,2.037E-02
7.692553E-08,2.193E-02
7.697553E-08,2.298E-02
7.702553E-08,2.558E-02
7.707553E-08,2.663E-02
7.712553E-08,2.715E-02
7.717553E-08,2.819E-02
7.722553E-08,2.871E-02
7.727553E-08,2.976E-02
7.732553E-08,3.028E-02
7.737553E-08,3.028E-02
7.742553E-08,3.080E-02
7.747553E-08,3.080E-02
7.752553E-08,3.028E-02
7.757553E-08,3.080E-02
7.762553E-08,3.028E-02
7.767553E-08,2.924E-02
7.772553E-08,2.819E-02
7.777553E-08,2.715E-02
7.782553E-08,2.663E-02
7.787553E-08,2.611E-02
7.792553E-08,2.558E-02
7.797553E-08,2.454E-02
7.802553E-08,2.350E-02
7.807553E-08,2.298E-02
7.812553E-08,2.193E-02
7.817553E-08,2.089E-02
7.822553E-08,2.037E-02
7.827553E-08,2.141E-02
7.832553E-08,2.037E-02
7.837553E-08,2.037E-02
7.842553E-08,2.037E-02
7.847553E-08,2.141E-02
7.852553E-08,2.037E-02
7.857553E-08,2.089E-02
7.862553E-08,2.193E-02
7.867553E-08,2.245E-02
7.872553E-08,2.350E-02
7.877553E-08,2.454E-02
7.882553E-08,2.506E-02
7.887553E-08,2.611E-02
7.892553E-08,2.663E-02
7.897553E-08,2.715E-02
7.902553E-08,2.767E-02
7.907553E-08,2.819E-02
7.912553E-08,2.924E-02
7.917553E-08,2.976E-02
7.922553E-08,3.028E-02
7.927553E-08,3.028E-02
7.932553E-08,3.028E-02
7.937553E-08,3.028E-02
7.942553E-08,3.028E-02
7.947553E-08,3.028E-02
7.952553E-08,2.976E-02
7.957553E-08,2.924E-02
7.962553E-08,2.871E-02
7.967553E-08,2.819E-02
7.972553E-08,2.767E-02
7.977553E-08,2.715E-02
7.982553E-08,2.663E-02
7.987553E-08,2.611E-02
7.992553E-08,2.558E-02
7.997553E-08,2.506E-02
8.002553E-08,2.454E-02
8.007553E-08,2.350E-02
8.012553E-08,2.245E-02
8.017553E-08,2.193E-02
8.022553E-08,2.193E-02
8.027553E-08,2.089E-02
8.032553E-08,2.089E-02
8.037553E-08,2.141E-02
8.042553E-08,2.037E-02
8.047553E-08,2.037E-02
8.052553E-08,2.037E-02
8.057553E-08,1.985E-02
8.062553E-08,2.037E-02
8.067553E-08,2.037E-02
8.072553E-08,2.037E-02
8.077553E-08,2.089E-02
8.082553E-08,2.037E-02
8.087553E-08,2.089E-02
8.092553E-08,2.141E-02
8.097553E-08,2.141E-02
8.102553E-08,2.193E-02
8.107553E-08,2.193E-02
8.112553E-08,2.193E-02
8.117553E-08,2.245E-02
8.122553E-08,2.298E-02
8.127553E-08,2.298E-02
8.132553E-08,2.350E-02
8.137553E-08,2.350E-02
8.142553E-08,2.402E-02
8.147553E-08,2.454E-02
8.152553E-08,2.454E-02
8.157553E-08,2.454E-02
8.162553E-08,2.454E-02
8.167553E-08,2.454E-02
