-1.837327E-08,1.411E-02
-1.832327E-08,1.306E-02
-1.827327E-08,1.202E-02
-1.822327E-08,1.254E-02
-1.817327E-08,1.202E-02
-1.812327E-08,1.150E-02
-1.807327E-08,1.046E-02
-1.802327E-08,9.93E-03
-1.797327E-08,8.89E-03
-1.792327E-08,8.37E-03
-1.787327E-08,8.37E-03
-1.782327E-08,7.33E-03
-1.777327E-08,7.33E-03
-1.772327E-08,7.33E-03
-1.767327E-08,7.33E-03
-1.762327E-08,7.33E-03
-1.757327E-08,7.33E-03
-1.752327E-08,7.33E-03
-1.747327E-08,7.85E-03
-1.742327E-08,8.37E-03
-1.737327E-08,8.89E-03
-1.732327E-08,9.93E-03
-1.727327E-08,1.098E-02
-1.722327E-08,1.150E-02
-1.717327E-08,1.306E-02
-1.712327E-08,1.411E-02
-1.707327E-08,1.463E-02
-1.702327E-08,1.672E-02
-1.697327E-08,1.724E-02
-1.692327E-08,1.828E-02
-1.687327E-08,1.932E-02
-1.682327E-08,2.089E-02
-1.677327E-08,2.193E-02
-1.672327E-08,2.193E-02
-1.667327E-08,2.298E-02
-1.662327E-08,2.402E-02
-1.657327E-08,2.454E-02
-1.652327E-08,2.506E-02
-1.647327E-08,2.454E-02
-1.642327E-08,2.454E-02
-1.637327E-08,2.506E-02
-1.632327E-08,2.454E-02
-1.627327E-08,2.402E-02
-1.622327E-08,2.298E-02
-1.617327E-08,2.193E-02
-1.612327E-08,2.193E-02
-1.607327E-08,2.037E-02
-1.602327E-08,1.932E-02
-1.597327E-08,1.776E-02
-1.592327E-08,1.619E-02
-1.587327E-08,1.515E-02
-1.582327E-08,1.254E-02
-1.577327E-08,1.150E-02
-1.572327E-08,9.93E-03
-1.567327E-08,8.37E-03
-1.562327E-08,6.81E-03
-1.557327E-08,5.76E-03
-1.552327E-08,4.20E-03
-1.547327E-08,2.63E-03
-1.542327E-08,2.11E-03
-1.537327E-08,1.59E-03
-1.532327E-08,1.07E-03
-1.527327E-08,1.07E-03
-1.522327E-08,1.07E-03
-1.517327E-08,1.07E-03
-1.512327E-08,1.07E-03
-1.507327E-08,5.5E-04
-1.502327E-08,1.07E-03
-1.497327E-08,1.59E-03
-1.492327E-08,3.15E-03
-1.487327E-08,4.20E-03
-1.482327E-08,5.76E-03
-1.477327E-08,7.33E-03
-1.472327E-08,8.89E-03
-1.467327E-08,1.098E-02
-1.462327E-08,1.202E-02
-1.457327E-08,1.463E-02
-1.452327E-08,1.672E-02
-1.447327E-08,1.776E-02
-1.442327E-08,2.037E-02
-1.437327E-08,2.245E-02
-1.432327E-08,2.245E-02
-1.427327E-08,2.506E-02
-1.422327E-08,2.715E-02
-1.417327E-08,2.767E-02
-1.412327E-08,2.924E-02
-1.407327E-08,3.080E-02
-1.402327E-08,3.080E-02
-1.397327E-08,3.080E-02
-1.392327E-08,3.184E-02
-1.387327E-08,3.289E-02
-1.382327E-08,3.289E-02
-1.377327E-08,3.289E-02
-1.372327E-08,3.289E-02
-1.367327E-08,3.289E-02
-1.362327E-08,3.289E-02
-1.357327E-08,3.289E-02
-1.352327E-08,3.184E-02
-1.347327E-08,3.080E-02
-1.342327E-08,2.976E-02
-1.337327E-08,2.976E-02
-1.332327E-08,2.976E-02
-1.327327E-08,2.871E-02
-1.322327E-08,2.767E-02
-1.317327E-08,2.715E-02
-1.312327E-08,2.611E-02
-1.307327E-08,2.506E-02
-1.302327E-08,2.454E-02
-1.297327E-08,2.298E-02
-1.292327E-08,2.141E-02
-1.287327E-08,2.141E-02
-1.282327E-08,2.037E-02
-1.277327E-08,1.932E-02
-1.272327E-08,1.880E-02
-1.267327E-08,1.776E-02
-1.262327E-08,1.672E-02
-1.257327E-08,1.672E-02
-1.252327E-08,1.567E-02
-1.247327E-08,1.463E-02
-1.242327E-08,1.411E-02
-1.237327E-08,1.411E-02
-1.232327E-08,1.306E-02
-1.227327E-08,1.254E-02
-1.222327E-08,1.202E-02
-1.217327E-08,1.150E-02
-1.212327E-08,1.150E-02
-1.207327E-08,1.098E-02
-1.202327E-08,9.93E-03
-1.197327E-08,9.93E-03
-1.192327E-08,9.41E-03
-1.187327E-08,9.41E-03
-1.182327E-08,8.89E-03
-1.177327E-08,8.37E-03
-1.172327E-08,8.37E-03
-1.167327E-08,7.85E-03
-1.162327E-08,7.33E-03
-1.157327E-08,6.81E-03
-1.152327E-08,6.81E-03
-1.147327E-08,6.28E-03
-1.142327E-08,6.28E-03
-1.137327E-08,5.76E-03
-1.132327E-08,5.24E-03
-1.127327E-08,5.76E-03
-1.122327E-08,5.76E-03
-1.117327E-08,5.76E-03
-1.112327E-08,5.76E-03
-1.107327E-08,5.76E-03
-1.102327E-08,5.76E-03
-1.097327E-08,5.76E-03
-1.092327E-08,5.24E-03
-1.087327E-08,5.76E-03
-1.082327E-08,6.28E-03
-1.077327E-08,6.81E-03
-1.072327E-08,7.33E-03
-1.067327E-08,8.37E-03
-1.062327E-08,8.37E-03
-1.057327E-08,9.41E-03
-1.052327E-08,9.93E-03
-1.047327E-08,1.150E-02
-1.042327E-08,1.202E-02
-1.037327E-08,1.306E-02
-1.032327E-08,1.411E-02
-1.027327E-08,1.515E-02
-1.022327E-08,1.672E-02
-1.017327E-08,1.724E-02
-1.012327E-08,1.880E-02
-1.007327E-08,1.985E-02
-1.002327E-08,2.037E-02
-9.97327E-09,2.245E-02
-9.92327E-09,2.245E-02
-9.87327E-09,2.350E-02
-9.82327E-09,2.506E-02
-9.77327E-09,2.558E-02
-9.72327E-09,2.611E-02
-9.67327E-09,2.663E-02
-9.62327E-09,2.715E-02
-9.57327E-09,2.767E-02
-9.52327E-09,2.767E-02
-9.47327E-09,2.767E-02
-9.42327E-09,2.819E-02
-9.37327E-09,2.819E-02
-9.32327E-09,2.767E-02
-9.27327E-09,2.767E-02
-9.22327E-09,2.715E-02
-9.17327E-09,2.767E-02
-9.12327E-09,2.715E-02
-9.07327E-09,2.715E-02
-9.02327E-09,2.663E-02
-8.97327E-09,2.663E-02
-8.92327E-09,2.611E-02
-8.87327E-09,2.611E-02
-8.82327E-09,2.611E-02
-8.77327E-09,2.611E-02
-8.72327E-09,2.663E-02
-8.67327E-09,2.663E-02
-8.62327E-09,2.715E-02
-8.57327E-09,2.715E-02
-8.52327E-09,2.819E-02
-8.47327E-09,2.871E-02
-8.42327E-09,2.924E-02
-8.37327E-09,3.132E-02
-8.32327E-09,3.184E-02
-8.27327E-09,3.289E-02
-8.22327E-09,3.393E-02
-8.17327E-09,3.497E-02
-8.12327E-09,3.706E-02
-8.07327E-09,3.915E-02
-8.02327E-09,4.019E-02
-7.97327E-09,4.228E-02
-7.92327E-09,4.332E-02
-7.87327E-09,4.489E-02
-7.82327E-09,4.593E-02
-7.77327E-09,4.802E-02
-7.72327E-09,4.958E-02
-7.67327E-09,5.114E-02
-7.62327E-09,5.271E-02
-7.57327E-09,5.480E-02
-7.52327E-09,5.636E-02
-7.47327E-09,5.740E-02
-7.42327E-09,5.897E-02
-7.37327E-09,6.158E-02
-7.32327E-09,6.314E-02
-7.27327E-09,6.523E-02
-7.22327E-09,6.784E-02
-7.17327E-09,6.940E-02
-7.12327E-09,7.201E-02
-7.07327E-09,7.410E-02
-7.02327E-09,7.775E-02
-6.97327E-09,7.984E-02
-6.92327E-09,8.297E-02
-6.87327E-09,8.505E-02
-6.82327E-09,8.870E-02
-6.77327E-09,9.183E-02
-6.72327E-09,9.548E-02
-6.67327E-09,9.966E-02
-6.62327E-09,1.0279E-01
-6.57327E-09,1.0748E-01
-6.52327E-09,1.1113E-01
-6.47327E-09,1.1479E-01
-6.42327E-09,1.1844E-01
-6.37327E-09,1.2261E-01
-6.32327E-09,1.2626E-01
-6.27327E-09,1.3148E-01
-6.22327E-09,1.3565E-01
-6.17327E-09,1.3930E-01
-6.12327E-09,1.4348E-01
-6.07327E-09,1.4817E-01
-6.02327E-09,1.5182E-01
-5.97327E-09,1.5600E-01
-5.92327E-09,1.5913E-01
-5.87327E-09,1.6382E-01
-5.82327E-09,1.6904E-01
-5.77327E-09,1.7164E-01
-5.72327E-09,1.7634E-01
-5.67327E-09,1.7947E-01
-5.62327E-09,1.8416E-01
-5.57327E-09,1.8625E-01
-5.52327E-09,1.8990E-01
-5.47327E-09,1.9355E-01
-5.42327E-09,1.9721E-01
-5.37327E-09,2.0086E-01
-5.32327E-09,2.0347E-01
-5.27327E-09,2.0764E-01
-5.22327E-09,2.1025E-01
-5.17327E-09,2.1442E-01
-5.12327E-09,2.1807E-01
-5.07327E-09,2.2224E-01
-5.02327E-09,2.2537E-01
-4.97327E-09,2.2903E-01
-4.92327E-09,2.3372E-01
-4.87327E-09,2.3737E-01
-4.82327E-09,2.4207E-01
-4.77327E-09,2.4728E-01
-4.72327E-09,2.5146E-01
-4.67327E-09,2.5667E-01
-4.62327E-09,2.6189E-01
-4.57327E-09,2.6658E-01
-4.52327E-09,2.7284E-01
-4.47327E-09,2.7910E-01
-4.42327E-09,2.8432E-01
-4.37327E-09,2.9162E-01
-4.32327E-09,2.9736E-01
-4.27327E-09,3.0519E-01
-4.22327E-09,3.1145E-01
-4.17327E-09,3.1979E-01
-4.12327E-09,3.2657E-01
-4.07327E-09,3.3335E-01
-4.02327E-09,3.4118E-01
-3.97327E-09,3.4953E-01
-3.92327E-09,3.5735E-01
-3.87327E-09,3.6518E-01
-3.82327E-09,3.7352E-01
-3.77327E-09,3.8135E-01
-3.72327E-09,3.8969E-01
-3.67327E-09,3.9752E-01
-3.62327E-09,4.0639E-01
-3.57327E-09,4.1421E-01
-3.52327E-09,4.2308E-01
-3.47327E-09,4.3195E-01
-3.42327E-09,4.4029E-01
-3.37327E-09,4.4916E-01
-3.32327E-09,4.5751E-01
-3.27327E-09,4.6585E-01
-3.22327E-09,4.7472E-01
-3.17327E-09,4.8307E-01
-3.12327E-09,4.9246E-01
-3.07327E-09,5.0185E-01
-3.02327E-09,5.0967E-01
-2.97327E-09,5.1906E-01
-2.92327E-09,5.2741E-01
-2.87327E-09,5.3732E-01
-2.82327E-09,5.4671E-01
-2.77327E-09,5.5714E-01
-2.72327E-09,5.6601E-01
-2.67327E-09,5.7592E-01
-2.62327E-09,5.8635E-01
-2.57327E-09,5.9626E-01
-2.52327E-09,6.0670E-01
-2.47327E-09,6.1713E-01
-2.42327E-09,6.2913E-01
-2.37327E-09,6.4008E-01
-2.32327E-09,6.5104E-01
-2.27327E-09,6.6303E-01
-2.22327E-09,6.7555E-01
-2.17327E-09,6.8703E-01
-2.12327E-09,6.9955E-01
-2.07327E-09,7.1311E-01
-2.02327E-09,7.2615E-01
-1.97327E-09,7.3972E-01
-1.92327E-09,7.5328E-01
-1.87327E-09,7.6736E-01
-1.82327E-09,7.8093E-01
-1.77327E-09,7.9553E-01
-1.72327E-09,8.1014E-01
-1.67327E-09,8.2527E-01
-1.62327E-09,8.3883E-01
-1.57327E-09,8.5396E-01
-1.52327E-09,8.6856E-01
-1.47327E-09,8.8421E-01
-1.42327E-09,8.9934E-01
-1.37327E-09,9.1447E-01
-1.32327E-09,9.2855E-01
-1.27327E-09,9.4472E-01
-1.22327E-09,9.5933E-01
-1.17327E-09,9.7394E-01
-1.12327E-09,9.8906E-01
-1.07327E-09,1.00315E+00
-1.02327E-09,1.01880E+00
-9.7327E-10,1.03340E+00
-9.2327E-10,1.04749E+00
-8.7327E-10,1.06157E+00
-8.2327E-10,1.07566E+00
-7.7327E-10,1.09026E+00
-7.2327E-10,1.10435E+00
-6.7327E-10,1.11791E+00
-6.2327E-10,1.13252E+00
-5.7327E-10,1.14556E+00
-5.2327E-10,1.16068E+00
-4.7327E-10,1.17320E+00
-4.2327E-10,1.18729E+00
-3.7327E-10,1.20085E+00
-3.2327E-10,1.21494E+00
-2.7327E-10,1.22850E+00
-2.2327E-10,1.24363E+00
-1.7327E-10,1.25667E+00
-1.2327E-10,1.27023E+00
-7.327E-11,1.28379E+00
-2.327E-11,1.29840E+00
2.673E-11,1.31196E+00
7.673E-11,1.32657E+00
1.2673E-10,1.34065E+00
1.7673E-10,1.35526E+00
2.2673E-10,1.36934E+00
2.7673E-10,1.38290E+00
3.2673E-10,1.39699E+00
3.7673E-10,1.41264E+00
4.2673E-10,1.42777E+00
4.7673E-10,1.44133E+00
5.2673E-10,1.45646E+00
5.7673E-10,1.47158E+00
6.2673E-10,1.48671E+00
6.7673E-10,1.50132E+00
7.2673E-10,1.51645E+00
7.7673E-10,1.53157E+00
8.2673E-10,1.54670E+00
8.7673E-10,1.56183E+00
9.2673E-10,1.57748E+00
9.7673E-10,1.59313E+00
1.02673E-09,1.60878E+00
1.07673E-09,1.62495E+00
1.12673E-09,1.63955E+00
1.17673E-09,1.65677E+00
1.22673E-09,1.67190E+00
1.27673E-09,1.68807E+00
1.32673E-09,1.70372E+00
1.37673E-09,1.71937E+00
1.42673E-09,1.73658E+00
1.47673E-09,1.75223E+00
1.52673E-09,1.76840E+00
1.57673E-09,1.78405E+00
1.62673E-09,1.79970E+00
1.67673E-09,1.81535E+00
1.72673E-09,1.83100E+00
1.77673E-09,1.84613E+00
1.82673E-09,1.86178E+00
1.87673E-09,1.87690E+00
1.92673E-09,1.89151E+00
1.97673E-09,1.90664E+00
2.02673E-09,1.92124E+00
2.07673E-09,1.93533E+00
2.12673E-09,1.94941E+00
2.17673E-09,1.96297E+00
2.22673E-09,1.97497E+00
2.27673E-09,1.98801E+00
2.32673E-09,2.00053E+00
2.37673E-09,2.01357E+00
2.42673E-09,2.02609E+00
2.47673E-09,2.03653E+00
2.52673E-09,2.04905E+00
2.57673E-09,2.05896E+00
2.62673E-09,2.07095E+00
2.67673E-09,2.08139E+00
2.72673E-09,2.09182E+00
2.77673E-09,2.10225E+00
2.82673E-09,2.11112E+00
2.87673E-09,2.12155E+00
2.92673E-09,2.13199E+00
2.97673E-09,2.14086E+00
3.02673E-09,2.15129E+00
3.07673E-09,2.16068E+00
3.12673E-09,2.16955E+00
3.17673E-09,2.17946E+00
3.22673E-09,2.18937E+00
3.27673E-09,2.19824E+00
3.32673E-09,2.20867E+00
3.37673E-09,2.21858E+00
3.42673E-09,2.22745E+00
3.47673E-09,2.23736E+00
3.52673E-09,2.24779E+00
3.57673E-09,2.25770E+00
3.62673E-09,2.26761E+00
3.67673E-09,2.27700E+00
3.72673E-09,2.28796E+00
3.77673E-09,2.29787E+00
3.82673E-09,2.30726E+00
3.87673E-09,2.31874E+00
3.92673E-09,2.32813E+00
3.97673E-09,2.33699E+00
4.02673E-09,2.34743E+00
4.07673E-09,2.35734E+00
4.12673E-09,2.36568E+00
4.17673E-09,2.37455E+00
4.22673E-09,2.38394E+00
4.27673E-09,2.39229E+00
4.32673E-09,2.40011E+00
4.37673E-09,2.40794E+00
4.42673E-09,2.41628E+00
4.47673E-09,2.42307E+00
4.52673E-09,2.42932E+00
4.57673E-09,2.43663E+00
4.62673E-09,2.44289E+00
4.67673E-09,2.44863E+00
4.72673E-09,2.45332E+00
4.77673E-09,2.45854E+00
4.82673E-09,2.46375E+00
4.87673E-09,2.46793E+00
4.92673E-09,2.47314E+00
4.97673E-09,2.47627E+00
5.02673E-09,2.48045E+00
5.07673E-09,2.48462E+00
5.12673E-09,2.48827E+00
5.17673E-09,2.49140E+00
5.22673E-09,2.49505E+00
5.27673E-09,2.49870E+00
5.32673E-09,2.50131E+00
5.37673E-09,2.50549E+00
5.42673E-09,2.50966E+00
5.47673E-09,2.51331E+00
5.52673E-09,2.51644E+00
5.57673E-09,2.52113E+00
5.62673E-09,2.52426E+00
5.67673E-09,2.52792E+00
5.72673E-09,2.53209E+00
5.77673E-09,2.53731E+00
5.82673E-09,2.54148E+00
5.87673E-09,2.54565E+00
5.92673E-09,2.55035E+00
5.97673E-09,2.55504E+00
6.02673E-09,2.55869E+00
6.07673E-09,2.56339E+00
6.12673E-09,2.56913E+00
6.17673E-09,2.57226E+00
6.22673E-09,2.57695E+00
6.27673E-09,2.58165E+00
6.32673E-09,2.58530E+00
6.37673E-09,2.58895E+00
6.42673E-09,2.59208E+00
6.47673E-09,2.59521E+00
6.52673E-09,2.59834E+00
6.57673E-09,2.60147E+00
6.62673E-09,2.60355E+00
6.67673E-09,2.60564E+00
6.72673E-09,2.60721E+00
6.77673E-09,2.60825E+00
6.82673E-09,2.60877E+00
6.87673E-09,2.60929E+00
6.92673E-09,2.60929E+00
6.97673E-09,2.60929E+00
7.02673E-09,2.60825E+00
7.07673E-09,2.60825E+00
7.12673E-09,2.60721E+00
7.17673E-09,2.60564E+00
7.22673E-09,2.60408E+00
7.27673E-09,2.60251E+00
7.32673E-09,2.60147E+00
7.37673E-09,2.59990E+00
7.42673E-09,2.59834E+00
7.47673E-09,2.59677E+00
7.52673E-09,2.59469E+00
7.57673E-09,2.59312E+00
7.62673E-09,2.59208E+00
7.67673E-09,2.59103E+00
7.72673E-09,2.58947E+00
7.77673E-09,2.58791E+00
7.82673E-09,2.58738E+00
7.87673E-09,2.58791E+00
7.92673E-09,2.58738E+00
7.97673E-09,2.58791E+00
8.02673E-09,2.58791E+00
8.07673E-09,2.58791E+00
8.12673E-09,2.58895E+00
8.17673E-09,2.59051E+00
8.22673E-09,2.59156E+00
8.27673E-09,2.59312E+00
8.32673E-09,2.59364E+00
8.37673E-09,2.59573E+00
8.42673E-09,2.59782E+00
8.47673E-09,2.59938E+00
8.52673E-09,2.59990E+00
8.57673E-09,2.60147E+00
8.62673E-09,2.60303E+00
8.67673E-09,2.60408E+00
8.72673E-09,2.60564E+00
8.77673E-09,2.60773E+00
8.82673E-09,2.60773E+00
8.87673E-09,2.60773E+00
8.92673E-09,2.60929E+00
8.97673E-09,2.60929E+00
9.02673E-09,2.60929E+00
9.07673E-09,2.60877E+00
9.12673E-09,2.60773E+00
9.17673E-09,2.60773E+00
9.22673E-09,2.60721E+00
9.27673E-09,2.60564E+00
9.32673E-09,2.60408E+00
9.37673E-09,2.60251E+00
9.42673E-09,2.60147E+00
9.47673E-09,2.59938E+00
9.52673E-09,2.59834E+00
9.57673E-09,2.59573E+00
9.62673E-09,2.59312E+00
9.67673E-09,2.59156E+00
9.72673E-09,2.58895E+00
9.77673E-09,2.58738E+00
9.82673E-09,2.58530E+00
9.87673E-09,2.58373E+00
9.92673E-09,2.58269E+00
9.97673E-09,2.58112E+00
1.002673E-08,2.57956E+00
1.007673E-08,2.57852E+00
1.012673E-08,2.57747E+00
1.017673E-08,2.57591E+00
1.022673E-08,2.57539E+00
1.027673E-08,2.57486E+00
1.032673E-08,2.57434E+00
1.037673E-08,2.57382E+00
1.042673E-08,2.57330E+00
1.047673E-08,2.57382E+00
1.052673E-08,2.57330E+00
1.057673E-08,2.57330E+00
1.062673E-08,2.57330E+00
1.067673E-08,2.57330E+00
1.072673E-08,2.57330E+00
1.077673E-08,2.57330E+00
1.082673E-08,2.57330E+00
1.087673E-08,2.57330E+00
1.092673E-08,2.57330E+00
1.097673E-08,2.57330E+00
1.102673E-08,2.57278E+00
1.107673E-08,2.57278E+00
1.112673E-08,2.57278E+00
1.117673E-08,2.57226E+00
1.122673E-08,2.57226E+00
1.127673E-08,2.57173E+00
1.132673E-08,2.57173E+00
1.137673E-08,2.57121E+00
1.142673E-08,2.57173E+00
1.147673E-08,2.57121E+00
1.152673E-08,2.57121E+00
1.157673E-08,2.57121E+00
1.162673E-08,2.57069E+00
1.167673E-08,2.57069E+00
1.172673E-08,2.57069E+00
1.177673E-08,2.57069E+00
1.182673E-08,2.57017E+00
1.187673E-08,2.57069E+00
1.192673E-08,2.57017E+00
1.197673E-08,2.57069E+00
1.202673E-08,2.57226E+00
1.207673E-08,2.57330E+00
1.212673E-08,2.57382E+00
1.217673E-08,2.57539E+00
1.222673E-08,2.57539E+00
1.227673E-08,2.57695E+00
1.232673E-08,2.57852E+00
1.237673E-08,2.57956E+00
1.242673E-08,2.58060E+00
1.247673E-08,2.58217E+00
1.252673E-08,2.58373E+00
1.257673E-08,2.58425E+00
1.262673E-08,2.58530E+00
1.267673E-08,2.58634E+00
1.272673E-08,2.58686E+00
1.277673E-08,2.58686E+00
1.282673E-08,2.58738E+00
1.287673E-08,2.58738E+00
1.292673E-08,2.58738E+00
1.297673E-08,2.58738E+00
1.302673E-08,2.58686E+00
1.307673E-08,2.58634E+00
1.312673E-08,2.58582E+00
1.317673E-08,2.58478E+00
1.322673E-08,2.58373E+00
1.327673E-08,2.58217E+00
1.332673E-08,2.58060E+00
1.337673E-08,2.57904E+00
1.342673E-08,2.57747E+00
1.347673E-08,2.57539E+00
1.352673E-08,2.57486E+00
1.357673E-08,2.57330E+00
1.362673E-08,2.57121E+00
1.367673E-08,2.57121E+00
1.372673E-08,2.56965E+00
1.377673E-08,2.56860E+00
1.382673E-08,2.56704E+00
1.387673E-08,2.56600E+00
1.392673E-08,2.56547E+00
1.397673E-08,2.56547E+00
1.402673E-08,2.56547E+00
1.407673E-08,2.56547E+00
1.412673E-08,2.56547E+00
1.417673E-08,2.56600E+00
1.422673E-08,2.56600E+00
1.427673E-08,2.56652E+00
1.432673E-08,2.56756E+00
1.437673E-08,2.56860E+00
1.442673E-08,2.56913E+00
1.447673E-08,2.57069E+00
1.452673E-08,2.57121E+00
1.457673E-08,2.57121E+00
1.462673E-08,2.57278E+00
1.467673E-08,2.57434E+00
1.472673E-08,2.57539E+00
1.477673E-08,2.57695E+00
1.482673E-08,2.57695E+00
1.487673E-08,2.57747E+00
1.492673E-08,2.57799E+00
1.497673E-08,2.57852E+00
1.502673E-08,2.57904E+00
1.507673E-08,2.57904E+00
1.512673E-08,2.57904E+00
1.517673E-08,2.57852E+00
1.522673E-08,2.57852E+00
1.527673E-08,2.57799E+00
1.532673E-08,2.57747E+00
1.537673E-08,2.57695E+00
1.542673E-08,2.57695E+00
1.547673E-08,2.57643E+00
1.552673E-08,2.57591E+00
1.557673E-08,2.57591E+00
1.562673E-08,2.57539E+00
1.567673E-08,2.57539E+00
1.572673E-08,2.57486E+00
1.577673E-08,2.57539E+00
1.582673E-08,2.57539E+00
1.587673E-08,2.57591E+00
1.592673E-08,2.57591E+00
1.597673E-08,2.57643E+00
1.602673E-08,2.57747E+00
1.607673E-08,2.57799E+00
1.612673E-08,2.57852E+00
1.617673E-08,2.57904E+00
1.622673E-08,2.57956E+00
1.627673E-08,2.58112E+00
1.632673E-08,2.58165E+00
1.637673E-08,2.58269E+00
1.642673E-08,2.58373E+00
1.647673E-08,2.58425E+00
1.652673E-08,2.58478E+00
1.657673E-08,2.58478E+00
1.662673E-08,2.58530E+00
1.667673E-08,2.58582E+00
1.672673E-08,2.58582E+00
1.677673E-08,2.58530E+00
1.682673E-08,2.58478E+00
1.687673E-08,2.58478E+00
1.692673E-08,2.58425E+00
1.697673E-08,2.58321E+00
1.702673E-08,2.58165E+00
1.707673E-08,2.58060E+00
1.712673E-08,2.57956E+00
1.717673E-08,2.57852E+00
1.722673E-08,2.57695E+00
1.727673E-08,2.57643E+00
1.732673E-08,2.57434E+00
1.737673E-08,2.57278E+00
1.742673E-08,2.57121E+00
1.747673E-08,2.57069E+00
1.752673E-08,2.56860E+00
1.757673E-08,2.56756E+00
1.762673E-08,2.56652E+00
1.767673E-08,2.56547E+00
1.772673E-08,2.56391E+00
1.777673E-08,2.56287E+00
1.782673E-08,2.56182E+00
1.787673E-08,2.56130E+00
1.792673E-08,2.56026E+00
1.797673E-08,2.55974E+00
1.802673E-08,2.55974E+00
1.807673E-08,2.55974E+00
1.812673E-08,2.55921E+00
1.817673E-08,2.55921E+00
1.822673E-08,2.55921E+00
1.827673E-08,2.55974E+00
1.832673E-08,2.55974E+00
1.837673E-08,2.55974E+00
1.842673E-08,2.55974E+00
1.847673E-08,2.56026E+00
1.852673E-08,2.56026E+00
1.857673E-08,2.56078E+00
1.862673E-08,2.56078E+00
1.867673E-08,2.56130E+00
1.872673E-08,2.56234E+00
1.877673E-08,2.56234E+00
1.882673E-08,2.56234E+00
1.887673E-08,2.56287E+00
1.892673E-08,2.56339E+00
1.897673E-08,2.56339E+00
1.902673E-08,2.56443E+00
1.907673E-08,2.56495E+00
1.912673E-08,2.56600E+00
1.917673E-08,2.56652E+00
1.922673E-08,2.56704E+00
1.927673E-08,2.56756E+00
1.932673E-08,2.56704E+00
1.937673E-08,2.56808E+00
1.942673E-08,2.56860E+00
1.947673E-08,2.56860E+00
1.952673E-08,2.56913E+00
1.957673E-08,2.56965E+00
1.962673E-08,2.56965E+00
1.967673E-08,2.57069E+00
1.972673E-08,2.57121E+00
1.977673E-08,2.57121E+00
1.982673E-08,2.57173E+00
1.987673E-08,2.57173E+00
1.992673E-08,2.57226E+00
1.997673E-08,2.57121E+00
2.002673E-08,2.57226E+00
2.007673E-08,2.57278E+00
2.012673E-08,2.57330E+00
2.017673E-08,2.57382E+00
2.022673E-08,2.57382E+00
2.027673E-08,2.57434E+00
2.032673E-08,2.57434E+00
2.037673E-08,2.57486E+00
2.042673E-08,2.57486E+00
2.047673E-08,2.57486E+00
2.052673E-08,2.57486E+00
2.057673E-08,2.57486E+00
2.062673E-08,2.57486E+00
2.067673E-08,2.57486E+00
2.072673E-08,2.57486E+00
2.077673E-08,2.57486E+00
2.082673E-08,2.57486E+00
2.087673E-08,2.57486E+00
2.092673E-08,2.57486E+00
2.097673E-08,2.57486E+00
2.102673E-08,2.57486E+00
2.107673E-08,2.57486E+00
2.112673E-08,2.57486E+00
2.117673E-08,2.57434E+00
2.122673E-08,2.57434E+00
2.127673E-08,2.57434E+00
2.132673E-08,2.57434E+00
2.137673E-08,2.57382E+00
2.142673E-08,2.57382E+00
2.147673E-08,2.57278E+00
2.152673E-08,2.57330E+00
2.157673E-08,2.57278E+00
2.162673E-08,2.57226E+00
2.167673E-08,2.57173E+00
2.172673E-08,2.57173E+00
2.177673E-08,2.57173E+00
2.182673E-08,2.57121E+00
2.187673E-08,2.57069E+00
2.192673E-08,2.56965E+00
2.197673E-08,2.56965E+00
2.202673E-08,2.56860E+00
2.207673E-08,2.56860E+00
2.212673E-08,2.56756E+00
2.217673E-08,2.56652E+00
2.222673E-08,2.56704E+00
2.227673E-08,2.56652E+00
2.232673E-08,2.56600E+00
2.237673E-08,2.56600E+00
2.242673E-08,2.56600E+00
2.247673E-08,2.56600E+00
2.252673E-08,2.56652E+00
2.257673E-08,2.56652E+00
2.262673E-08,2.56704E+00
2.267673E-08,2.56808E+00
2.272673E-08,2.56860E+00
2.277673E-08,2.56913E+00
2.282673E-08,2.57069E+00
2.287673E-08,2.57121E+00
2.292673E-08,2.57330E+00
2.297673E-08,2.57486E+00
2.302673E-08,2.57591E+00
2.307673E-08,2.57799E+00
2.312673E-08,2.57956E+00
2.317673E-08,2.58165E+00
2.322673E-08,2.58321E+00
2.327673E-08,2.58478E+00
2.332673E-08,2.58686E+00
2.337673E-08,2.58738E+00
2.342673E-08,2.58947E+00
2.347673E-08,2.59103E+00
2.352673E-08,2.59208E+00
2.357673E-08,2.59364E+00
2.362673E-08,2.59416E+00
2.367673E-08,2.59469E+00
2.372673E-08,2.59625E+00
2.377673E-08,2.59625E+00
2.382673E-08,2.59729E+00
2.387673E-08,2.59729E+00
2.392673E-08,2.59729E+00
2.397673E-08,2.59625E+00
2.402673E-08,2.59573E+00
2.407673E-08,2.59469E+00
2.412673E-08,2.59416E+00
2.417673E-08,2.59364E+00
2.422673E-08,2.59208E+00
2.427673E-08,2.59103E+00
2.432673E-08,2.58947E+00
2.437673E-08,2.58843E+00
2.442673E-08,2.58634E+00
2.447673E-08,2.58582E+00
2.452673E-08,2.58478E+00
2.457673E-08,2.58321E+00
2.462673E-08,2.58165E+00
2.467673E-08,2.57956E+00
2.472673E-08,2.57852E+00
2.477673E-08,2.57747E+00
2.482673E-08,2.57643E+00
2.487673E-08,2.57539E+00
2.492673E-08,2.57486E+00
2.497673E-08,2.57382E+00
2.502673E-08,2.57330E+00
2.507673E-08,2.57226E+00
2.512673E-08,2.57121E+00
2.517673E-08,2.57069E+00
2.522673E-08,2.57069E+00
2.527673E-08,2.57017E+00
2.532673E-08,2.57121E+00
2.537673E-08,2.57121E+00
2.542673E-08,2.57121E+00
2.547673E-08,2.57121E+00
2.552673E-08,2.57121E+00
2.557673E-08,2.57121E+00
2.562673E-08,2.57121E+00
2.567673E-08,2.57173E+00
2.572673E-08,2.57173E+00
2.577673E-08,2.57173E+00
2.582673E-08,2.57173E+00
2.587673E-08,2.57173E+00
2.592673E-08,2.57226E+00
2.597673E-08,2.57121E+00
2.602673E-08,2.57121E+00
2.607673E-08,2.57121E+00
2.612673E-08,2.57173E+00
2.617673E-08,2.57173E+00
2.622673E-08,2.57226E+00
2.627673E-08,2.57226E+00
2.632673E-08,2.57226E+00
2.637673E-08,2.57226E+00
2.642673E-08,2.57226E+00
2.647673E-08,2.57278E+00
2.652673E-08,2.57278E+00
2.657673E-08,2.57278E+00
2.662673E-08,2.57278E+00
2.667673E-08,2.57330E+00
2.672673E-08,2.57382E+00
2.677673E-08,2.57382E+00
2.682673E-08,2.57330E+00
2.687673E-08,2.57382E+00
2.692673E-08,2.57382E+00
2.697673E-08,2.57434E+00
2.702673E-08,2.57434E+00
2.707673E-08,2.57486E+00
2.712673E-08,2.57434E+00
2.717673E-08,2.57539E+00
2.722673E-08,2.57591E+00
2.727673E-08,2.57591E+00
2.732673E-08,2.57591E+00
2.737673E-08,2.57643E+00
2.742673E-08,2.57643E+00
2.747673E-08,2.57643E+00
2.752673E-08,2.57643E+00
2.757673E-08,2.57643E+00
2.762673E-08,2.57591E+00
2.767673E-08,2.57591E+00
2.772673E-08,2.57591E+00
2.777673E-08,2.57486E+00
2.782673E-08,2.57486E+00
2.787673E-08,2.57434E+00
2.792673E-08,2.57382E+00
2.797673E-08,2.57278E+00
2.802673E-08,2.57226E+00
2.807673E-08,2.57173E+00
2.812673E-08,2.57173E+00
2.817673E-08,2.57121E+00
2.822673E-08,2.57069E+00
2.827673E-08,2.57017E+00
2.832673E-08,2.56965E+00
2.837673E-08,2.56913E+00
2.842673E-08,2.56808E+00
2.847673E-08,2.56808E+00
2.852673E-08,2.56808E+00
2.857673E-08,2.56756E+00
2.862673E-08,2.56756E+00
2.867673E-08,2.56704E+00
2.872673E-08,2.56756E+00
2.877673E-08,2.56756E+00
2.882673E-08,2.56756E+00
2.887673E-08,2.56808E+00
2.892673E-08,2.56860E+00
2.897673E-08,2.56860E+00
2.902673E-08,2.56913E+00
2.907673E-08,2.56965E+00
2.912673E-08,2.57017E+00
2.917673E-08,2.57121E+00
2.922673E-08,2.57121E+00
2.927673E-08,2.57173E+00
2.932673E-08,2.57173E+00
2.937673E-08,2.57278E+00
2.942673E-08,2.57278E+00
2.947673E-08,2.57330E+00
2.952673E-08,2.57330E+00
2.957673E-08,2.57382E+00
2.962673E-08,2.57382E+00
2.967673E-08,2.57434E+00
2.972673E-08,2.57382E+00
2.977673E-08,2.57330E+00
2.982673E-08,2.57278E+00
2.987673E-08,2.57330E+00
2.992673E-08,2.57330E+00
2.997673E-08,2.57173E+00
3.002673E-08,2.57173E+00
3.007673E-08,2.57121E+00
3.012673E-08,2.57121E+00
3.017673E-08,2.56965E+00
3.022673E-08,2.56965E+00
3.027673E-08,2.56860E+00
3.032673E-08,2.56860E+00
3.037673E-08,2.56756E+00
3.042673E-08,2.56756E+00
3.047673E-08,2.56704E+00
3.052673E-08,2.56652E+00
3.057673E-08,2.56704E+00
3.062673E-08,2.56704E+00
3.067673E-08,2.56704E+00
3.072673E-08,2.56652E+00
3.077673E-08,2.56704E+00
3.082673E-08,2.56756E+00
3.087673E-08,2.56756E+00
3.092673E-08,2.56860E+00
3.097673E-08,2.56860E+00
3.102673E-08,2.56965E+00
3.107673E-08,2.56965E+00
3.112673E-08,2.57121E+00
3.117673E-08,2.57121E+00
3.122673E-08,2.57226E+00
3.127673E-08,2.57226E+00
3.132673E-08,2.57226E+00
3.137673E-08,2.57278E+00
3.142673E-08,2.57330E+00
3.147673E-08,2.57330E+00
3.152673E-08,2.57226E+00
3.157673E-08,2.57226E+00
3.162673E-08,2.57226E+00
3.167673E-08,2.57173E+00
3.172673E-08,2.57017E+00
3.177673E-08,2.56965E+00
3.182673E-08,2.56808E+00
3.187673E-08,2.56600E+00
3.192673E-08,2.56391E+00
3.197673E-08,2.56287E+00
3.202673E-08,2.56130E+00
3.207673E-08,2.55869E+00
3.212673E-08,2.55765E+00
3.217673E-08,2.55504E+00
3.222673E-08,2.55348E+00
3.227673E-08,2.55087E+00
3.232673E-08,2.54878E+00
3.237673E-08,2.54722E+00
3.242673E-08,2.54513E+00
3.247673E-08,2.54304E+00
3.252673E-08,2.54096E+00
3.257673E-08,2.53939E+00
3.262673E-08,2.53835E+00
3.267673E-08,2.53574E+00
3.272673E-08,2.53365E+00
3.277673E-08,2.53209E+00
3.282673E-08,2.53052E+00
3.287673E-08,2.52948E+00
3.292673E-08,2.52739E+00
3.297673E-08,2.52583E+00
3.302673E-08,2.52426E+00
3.307673E-08,2.52322E+00
3.312673E-08,2.52061E+00
3.317673E-08,2.51905E+00
3.322673E-08,2.51748E+00
3.327673E-08,2.51592E+00
3.332673E-08,2.51279E+00
3.337673E-08,2.50966E+00
3.342673E-08,2.50705E+00
3.347673E-08,2.50444E+00
3.352673E-08,2.50131E+00
3.357673E-08,2.49766E+00
3.362673E-08,2.49349E+00
3.367673E-08,2.48984E+00
3.372673E-08,2.48723E+00
3.377673E-08,2.48253E+00
3.382673E-08,2.47836E+00
3.387673E-08,2.47471E+00
3.392673E-08,2.47106E+00
3.397673E-08,2.46584E+00
3.402673E-08,2.46167E+00
3.407673E-08,2.45749E+00
3.412673E-08,2.45280E+00
3.417673E-08,2.44758E+00
3.422673E-08,2.44341E+00
3.427673E-08,2.43976E+00
3.432673E-08,2.43402E+00
3.437673E-08,2.43037E+00
3.442673E-08,2.42620E+00
3.447673E-08,2.42150E+00
3.452673E-08,2.41837E+00
3.457673E-08,2.41472E+00
3.462673E-08,2.41055E+00
3.467673E-08,2.40637E+00
3.472673E-08,2.40324E+00
3.477673E-08,2.39855E+00
3.482673E-08,2.39490E+00
3.487673E-08,2.39072E+00
3.492673E-08,2.38707E+00
3.497673E-08,2.38238E+00
3.502673E-08,2.37925E+00
3.507673E-08,2.37403E+00
3.512673E-08,2.36934E+00
3.517673E-08,2.36412E+00
3.522673E-08,2.35995E+00
3.527673E-08,2.35421E+00
3.532673E-08,2.34951E+00
3.537673E-08,2.34325E+00
3.542673E-08,2.33647E+00
3.547673E-08,2.33126E+00
3.552673E-08,2.32395E+00
3.557673E-08,2.31717E+00
3.562673E-08,2.30987E+00
3.567673E-08,2.30309E+00
3.572673E-08,2.29578E+00
3.577673E-08,2.28848E+00
3.582673E-08,2.28066E+00
3.587673E-08,2.27283E+00
3.592673E-08,2.26449E+00
3.597673E-08,2.25562E+00
3.602673E-08,2.24727E+00
3.607673E-08,2.23788E+00
3.612673E-08,2.22901E+00
3.617673E-08,2.22171E+00
3.622673E-08,2.21180E+00
3.627673E-08,2.20189E+00
3.632673E-08,2.19250E+00
3.637673E-08,2.18259E+00
3.642673E-08,2.17215E+00
3.647673E-08,2.16276E+00
3.652673E-08,2.15285E+00
3.657673E-08,2.14190E+00
3.662673E-08,2.13199E+00
3.667673E-08,2.12155E+00
3.672673E-08,2.11008E+00
3.677673E-08,2.10017E+00
3.682673E-08,2.08921E+00
3.687673E-08,2.07930E+00
3.692673E-08,2.06782E+00
3.697673E-08,2.05687E+00
3.702673E-08,2.04592E+00
3.707673E-08,2.03444E+00
3.712673E-08,2.02401E+00
3.717673E-08,2.01201E+00
3.722673E-08,2.00053E+00
3.727673E-08,1.98958E+00
3.732673E-08,1.97862E+00
3.737673E-08,1.96715E+00
3.742673E-08,1.95671E+00
3.747673E-08,1.94576E+00
3.752673E-08,1.93428E+00
3.757673E-08,1.92385E+00
3.762673E-08,1.91185E+00
3.767673E-08,1.90142E+00
3.772673E-08,1.89047E+00
3.777673E-08,1.88055E+00
3.782673E-08,1.86960E+00
3.787673E-08,1.85917E+00
3.792673E-08,1.84873E+00
3.797673E-08,1.83726E+00
3.802673E-08,1.82787E+00
3.807673E-08,1.81535E+00
3.812673E-08,1.80544E+00
3.817673E-08,1.79448E+00
3.822673E-08,1.78353E+00
3.827673E-08,1.77310E+00
3.832673E-08,1.76058E+00
3.837673E-08,1.74962E+00
3.842673E-08,1.73762E+00
3.847673E-08,1.72458E+00
3.852673E-08,1.71206E+00
3.857673E-08,1.70007E+00
3.862673E-08,1.68702E+00
3.867673E-08,1.67242E+00
3.872673E-08,1.65938E+00
3.877673E-08,1.64477E+00
3.882673E-08,1.63016E+00
3.887673E-08,1.61504E+00
3.892673E-08,1.59939E+00
3.897673E-08,1.58374E+00
3.902673E-08,1.56809E+00
3.907673E-08,1.55244E+00
3.912673E-08,1.53523E+00
3.917673E-08,1.52010E+00
3.922673E-08,1.50288E+00
3.927673E-08,1.48619E+00
3.932673E-08,1.46845E+00
3.937673E-08,1.45072E+00
3.942673E-08,1.43507E+00
3.947673E-08,1.41786E+00
3.952673E-08,1.39960E+00
3.957673E-08,1.38238E+00
3.962673E-08,1.36569E+00
3.967673E-08,1.34952E+00
3.972673E-08,1.33126E+00
3.977673E-08,1.31353E+00
3.982673E-08,1.29788E+00
3.987673E-08,1.28118E+00
3.992673E-08,1.26397E+00
3.997673E-08,1.24728E+00
4.002673E-08,1.23111E+00
4.007673E-08,1.21494E+00
4.012673E-08,1.19876E+00
4.017673E-08,1.18259E+00
4.022673E-08,1.16694E+00
4.027673E-08,1.15182E+00
4.032673E-08,1.13512E+00
4.037673E-08,1.11895E+00
4.042673E-08,1.10382E+00
4.047673E-08,1.08713E+00
4.052673E-08,1.07200E+00
4.057673E-08,1.05636E+00
4.062673E-08,1.04175E+00
4.067673E-08,1.02610E+00
4.072673E-08,1.01045E+00
4.077673E-08,9.9480E-01
4.082673E-08,9.8019E-01
4.087673E-08,9.6507E-01
4.092673E-08,9.4942E-01
4.097673E-08,9.3429E-01
4.102673E-08,9.1812E-01
4.107673E-08,9.0351E-01
4.112673E-08,8.8839E-01
4.117673E-08,8.7326E-01
4.122673E-08,8.5761E-01
4.127673E-08,8.4352E-01
4.132673E-08,8.2840E-01
4.137673E-08,8.1327E-01
4.142673E-08,7.9866E-01
4.147673E-08,7.8353E-01
4.152673E-08,7.6893E-01
4.157673E-08,7.5432E-01
4.162673E-08,7.3972E-01
4.167673E-08,7.2459E-01
4.172673E-08,7.1259E-01
4.177673E-08,6.9694E-01
4.182673E-08,6.8286E-01
4.187673E-08,6.6825E-01
4.192673E-08,6.5521E-01
4.197673E-08,6.4060E-01
4.202673E-08,6.2756E-01
4.207673E-08,6.1400E-01
4.212673E-08,6.0096E-01
4.217673E-08,5.8740E-01
4.222673E-08,5.7383E-01
4.227673E-08,5.6079E-01
4.232673E-08,5.4827E-01
4.237673E-08,5.3419E-01
4.242673E-08,5.2271E-01
4.247673E-08,5.1071E-01
4.252673E-08,4.9924E-01
4.257673E-08,4.8672E-01
4.262673E-08,4.7472E-01
4.267673E-08,4.6324E-01
4.272673E-08,4.5177E-01
4.277673E-08,4.4134E-01
4.282673E-08,4.3090E-01
4.287673E-08,4.1943E-01
4.292673E-08,4.0899E-01
4.297673E-08,3.9908E-01
4.302673E-08,3.8969E-01
4.307673E-08,3.7978E-01
4.312673E-08,3.7091E-01
4.317673E-08,3.6100E-01
4.322673E-08,3.5213E-01
4.327673E-08,3.4379E-01
4.332673E-08,3.3492E-01
4.337673E-08,3.2762E-01
4.342673E-08,3.1875E-01
4.347673E-08,3.1040E-01
4.352673E-08,3.0258E-01
4.357673E-08,2.9423E-01
4.362673E-08,2.8641E-01
4.367673E-08,2.7910E-01
4.372673E-08,2.7128E-01
4.377673E-08,2.6502E-01
4.382673E-08,2.5667E-01
4.387673E-08,2.5041E-01
4.392673E-08,2.4259E-01
4.397673E-08,2.3581E-01
4.402673E-08,2.2850E-01
4.407673E-08,2.2172E-01
4.412673E-08,2.1442E-01
4.417673E-08,2.0764E-01
4.422673E-08,2.0034E-01
4.427673E-08,1.9408E-01
4.432673E-08,1.8677E-01
4.437673E-08,1.8051E-01
4.442673E-08,1.7269E-01
4.447673E-08,1.6643E-01
4.452673E-08,1.6069E-01
4.457673E-08,1.5391E-01
4.462673E-08,1.4713E-01
4.467673E-08,1.4035E-01
4.472673E-08,1.3461E-01
4.477673E-08,1.2887E-01
4.482673E-08,1.2365E-01
4.487673E-08,1.1687E-01
4.492673E-08,1.1113E-01
4.497673E-08,1.0540E-01
4.502673E-08,1.0018E-01
4.507673E-08,9.496E-02
4.512673E-08,8.922E-02
4.517673E-08,8.453E-02
4.522673E-08,7.984E-02
4.527673E-08,7.514E-02
4.532673E-08,7.097E-02
4.537673E-08,6.732E-02
4.542673E-08,6.314E-02
4.547673E-08,5.949E-02
4.552673E-08,5.480E-02
4.557673E-08,5.167E-02
4.562673E-08,4.906E-02
4.567673E-08,4.541E-02
4.572673E-08,4.176E-02
4.577673E-08,4.019E-02
4.582673E-08,3.758E-02
4.587673E-08,3.445E-02
4.592673E-08,3.237E-02
4.597673E-08,3.080E-02
4.602673E-08,2.871E-02
4.607673E-08,2.715E-02
4.612673E-08,2.611E-02
4.617673E-08,2.506E-02
4.622673E-08,2.454E-02
4.627673E-08,2.402E-02
4.632673E-08,2.245E-02
4.637673E-08,2.141E-02
4.642673E-08,2.141E-02
4.647673E-08,2.089E-02
4.652673E-08,2.037E-02
4.657673E-08,1.985E-02
4.662673E-08,1.932E-02
4.667673E-08,1.932E-02
4.672673E-08,1.880E-02
4.677673E-08,1.828E-02
4.682673E-08,1.828E-02
4.687673E-08,1.776E-02
4.692673E-08,1.724E-02
4.697673E-08,1.724E-02
4.702673E-08,1.672E-02
4.707673E-08,1.724E-02
4.712673E-08,1.724E-02
4.717673E-08,1.724E-02
4.722673E-08,1.672E-02
4.727673E-08,1.672E-02
4.732673E-08,1.672E-02
4.737673E-08,1.672E-02
4.742673E-08,1.724E-02
4.747673E-08,1.724E-02
4.752673E-08,1.619E-02
4.757673E-08,1.672E-02
4.762673E-08,1.724E-02
4.767673E-08,1.776E-02
4.772673E-08,1.828E-02
4.777673E-08,1.828E-02
4.782673E-08,1.932E-02
4.787673E-08,1.932E-02
4.792673E-08,1.985E-02
4.797673E-08,2.089E-02
4.802673E-08,2.141E-02
4.807673E-08,2.141E-02
4.812673E-08,2.141E-02
4.817673E-08,2.245E-02
4.822673E-08,2.298E-02
4.827673E-08,2.350E-02
4.832673E-08,2.402E-02
4.837673E-08,2.506E-02
4.842673E-08,2.506E-02
4.847673E-08,2.558E-02
4.852673E-08,2.558E-02
4.857673E-08,2.558E-02
4.862673E-08,2.506E-02
4.867673E-08,2.506E-02
4.872673E-08,2.506E-02
4.877673E-08,2.454E-02
4.882673E-08,2.350E-02
4.887673E-08,2.298E-02
4.892673E-08,2.245E-02
4.897673E-08,2.193E-02
4.902673E-08,2.141E-02
4.907673E-08,2.141E-02
4.912673E-08,2.089E-02
4.917673E-08,2.089E-02
4.922673E-08,2.089E-02
4.927673E-08,2.089E-02
4.932673E-08,2.089E-02
4.937673E-08,2.089E-02
4.942673E-08,2.141E-02
4.947673E-08,2.089E-02
4.952673E-08,2.089E-02
4.957673E-08,2.141E-02
4.962673E-08,2.193E-02
4.967673E-08,2.193E-02
4.972673E-08,2.298E-02
4.977673E-08,2.402E-02
4.982673E-08,2.454E-02
4.987673E-08,2.506E-02
4.992673E-08,2.611E-02
4.997673E-08,2.611E-02
5.002673E-08,2.715E-02
5.007673E-08,2.715E-02
5.012673E-08,2.819E-02
5.017673E-08,2.871E-02
5.022673E-08,2.924E-02
5.027673E-08,2.976E-02
5.032673E-08,2.976E-02
5.037673E-08,2.976E-02
5.042673E-08,2.976E-02
5.047673E-08,2.976E-02
5.052673E-08,2.924E-02
5.057673E-08,2.871E-02
5.062673E-08,2.819E-02
5.067673E-08,2.715E-02
5.072673E-08,2.715E-02
5.077673E-08,2.663E-02
5.082673E-08,2.558E-02
5.087673E-08,2.506E-02
5.092673E-08,2.350E-02
5.097673E-08,2.193E-02
5.102673E-08,2.141E-02
5.107673E-08,2.089E-02
5.112673E-08,2.037E-02
5.117673E-08,1.932E-02
5.122673E-08,1.880E-02
5.127673E-08,1.828E-02
5.132673E-08,1.776E-02
5.137673E-08,1.724E-02
5.142673E-08,1.672E-02
5.147673E-08,1.672E-02
5.152673E-08,1.672E-02
5.157673E-08,1.672E-02
5.162673E-08,1.724E-02
5.167673E-08,1.776E-02
5.172673E-08,1.880E-02
5.177673E-08,1.828E-02
5.182673E-08,1.932E-02
5.187673E-08,1.985E-02
5.192673E-08,2.037E-02
5.197673E-08,2.141E-02
5.202673E-08,2.193E-02
5.207673E-08,2.193E-02
5.212673E-08,2.298E-02
5.217673E-08,2.350E-02
5.222673E-08,2.506E-02
5.227673E-08,2.558E-02
5.232673E-08,2.558E-02
5.237673E-08,2.558E-02
5.242673E-08,2.611E-02
5.247673E-08,2.611E-02
5.252673E-08,2.611E-02
5.257673E-08,2.558E-02
5.262673E-08,2.506E-02
5.267673E-08,2.506E-02
5.272673E-08,2.402E-02
5.277673E-08,2.298E-02
5.282673E-08,2.193E-02
5.287673E-08,2.193E-02
5.292673E-08,2.037E-02
5.297673E-08,1.985E-02
5.302673E-08,1.932E-02
5.307673E-08,1.828E-02
5.312673E-08,1.724E-02
5.317673E-08,1.724E-02
5.322673E-08,1.619E-02
5.327673E-08,1.515E-02
5.332673E-08,1.359E-02
5.337673E-08,1.359E-02
5.342673E-08,1.306E-02
5.347673E-08,1.306E-02
5.352673E-08,1.254E-02
5.357673E-08,1.254E-02
5.362673E-08,1.306E-02
5.367673E-08,1.306E-02
5.372673E-08,1.359E-02
5.377673E-08,1.411E-02
5.382673E-08,1.515E-02
5.387673E-08,1.619E-02
5.392673E-08,1.672E-02
5.397673E-08,1.776E-02
5.402673E-08,1.932E-02
5.407673E-08,1.985E-02
5.412673E-08,2.141E-02
5.417673E-08,2.193E-02
5.422673E-08,2.350E-02
5.427673E-08,2.558E-02
5.432673E-08,2.611E-02
5.437673E-08,2.715E-02
5.442673E-08,2.767E-02
5.447673E-08,2.871E-02
5.452673E-08,2.924E-02
5.457673E-08,2.976E-02
5.462673E-08,3.028E-02
5.467673E-08,3.080E-02
5.472673E-08,3.080E-02
5.477673E-08,3.080E-02
5.482673E-08,3.028E-02
5.487673E-08,2.976E-02
5.492673E-08,2.871E-02
5.497673E-08,2.819E-02
5.502673E-08,2.767E-02
5.507673E-08,2.663E-02
5.512673E-08,2.611E-02
5.517673E-08,2.506E-02
5.522673E-08,2.350E-02
5.527673E-08,2.193E-02
5.532673E-08,2.141E-02
5.537673E-08,2.089E-02
5.542673E-08,1.932E-02
5.547673E-08,1.880E-02
5.552673E-08,1.828E-02
5.557673E-08,1.724E-02
5.562673E-08,1.672E-02
5.567673E-08,1.619E-02
5.572673E-08,1.672E-02
5.577673E-08,1.672E-02
5.582673E-08,1.672E-02
5.587673E-08,1.672E-02
5.592673E-08,1.672E-02
5.597673E-08,1.619E-02
5.602673E-08,1.672E-02
5.607673E-08,1.776E-02
5.612673E-08,1.828E-02
5.617673E-08,1.880E-02
5.622673E-08,1.932E-02
5.627673E-08,2.037E-02
5.632673E-08,2.037E-02
5.637673E-08,2.193E-02
5.642673E-08,2.193E-02
5.647673E-08,2.245E-02
5.652673E-08,2.298E-02
5.657673E-08,2.350E-02
5.662673E-08,2.454E-02
5.667673E-08,2.506E-02
5.672673E-08,2.506E-02
5.677673E-08,2.558E-02
5.682673E-08,2.506E-02
5.687673E-08,2.506E-02
5.692673E-08,2.506E-02
5.697673E-08,2.558E-02
5.702673E-08,2.506E-02
5.707673E-08,2.506E-02
5.712673E-08,2.506E-02
5.717673E-08,2.454E-02
5.722673E-08,2.402E-02
5.727673E-08,2.402E-02
5.732673E-08,2.350E-02
5.737673E-08,2.402E-02
5.742673E-08,2.350E-02
5.747673E-08,2.402E-02
5.752673E-08,2.350E-02
5.757673E-08,2.402E-02
5.762673E-08,2.454E-02
5.767673E-08,2.506E-02
5.772673E-08,2.506E-02
5.777673E-08,2.558E-02
5.782673E-08,2.663E-02
5.787673E-08,2.767E-02
5.792673E-08,2.819E-02
5.797673E-08,2.871E-02
5.802673E-08,2.976E-02
5.807673E-08,3.132E-02
5.812673E-08,3.237E-02
5.817673E-08,3.289E-02
5.822673E-08,3.393E-02
5.827673E-08,3.497E-02
5.832673E-08,3.550E-02
5.837673E-08,3.654E-02
5.842673E-08,3.706E-02
5.847673E-08,3.810E-02
5.852673E-08,3.810E-02
5.857673E-08,3.810E-02
5.862673E-08,3.863E-02
5.867673E-08,3.863E-02
5.872673E-08,3.810E-02
5.877673E-08,3.758E-02
5.882673E-08,3.810E-02
5.887673E-08,3.706E-02
5.892673E-08,3.654E-02
5.897673E-08,3.550E-02
5.902673E-08,3.497E-02
5.907673E-08,3.445E-02
5.912673E-08,3.289E-02
5.917673E-08,3.237E-02
5.922673E-08,3.080E-02
5.927673E-08,2.924E-02
5.932673E-08,2.924E-02
5.937673E-08,2.819E-02
5.942673E-08,2.715E-02
5.947673E-08,2.663E-02
5.952673E-08,2.611E-02
5.957673E-08,2.558E-02
5.962673E-08,2.506E-02
5.967673E-08,2.454E-02
5.972673E-08,2.402E-02
5.977673E-08,2.350E-02
5.982673E-08,2.350E-02
5.987673E-08,2.298E-02
5.992673E-08,2.245E-02
5.997673E-08,2.245E-02
6.002673E-08,2.245E-02
6.007673E-08,2.245E-02
6.012673E-08,2.245E-02
6.017673E-08,2.245E-02
6.022673E-08,2.245E-02
6.027673E-08,2.245E-02
6.032673E-08,2.245E-02
6.037673E-08,2.245E-02
6.042673E-08,2.245E-02
6.047673E-08,2.245E-02
6.052673E-08,2.245E-02
6.057673E-08,2.245E-02
6.062673E-08,2.193E-02
6.067673E-08,2.193E-02
6.072673E-08,2.193E-02
6.077673E-08,2.193E-02
6.082673E-08,2.141E-02
6.087673E-08,2.089E-02
6.092673E-08,2.037E-02
6.097673E-08,1.985E-02
6.102673E-08,1.985E-02
6.107673E-08,1.932E-02
6.112673E-08,1.828E-02
6.117673E-08,1.828E-02
6.122673E-08,1.776E-02
6.127673E-08,1.724E-02
6.132673E-08,1.724E-02
6.137673E-08,1.672E-02
6.142673E-08,1.619E-02
6.147673E-08,1.619E-02
6.152673E-08,1.724E-02
6.157673E-08,1.672E-02
6.162673E-08,1.672E-02
6.167673E-08,1.672E-02
6.172673E-08,1.672E-02
6.177673E-08,1.724E-02
6.182673E-08,1.724E-02
6.187673E-08,1.776E-02
6.192673E-08,1.776E-02
6.197673E-08,1.776E-02
6.202673E-08,1.828E-02
6.207673E-08,1.828E-02
6.212673E-08,1.880E-02
6.217673E-08,1.880E-02
6.222673E-08,1.880E-02
6.227673E-08,1.880E-02
6.232673E-08,1.828E-02
6.237673E-08,1.776E-02
6.242673E-08,1.828E-02
6.247673E-08,1.776E-02
6.252673E-08,1.724E-02
6.257673E-08,1.776E-02
6.262673E-08,1.724E-02
6.267673E-08,1.724E-02
6.272673E-08,1.672E-02
6.277673E-08,1.619E-02
6.282673E-08,1.515E-02
6.287673E-08,1.567E-02
6.292673E-08,1.515E-02
6.297673E-08,1.515E-02
6.302673E-08,1.515E-02
6.307673E-08,1.567E-02
6.312673E-08,1.567E-02
6.317673E-08,1.619E-02
6.322673E-08,1.672E-02
6.327673E-08,1.724E-02
6.332673E-08,1.828E-02
6.337673E-08,1.932E-02
6.342673E-08,2.037E-02
6.347673E-08,2.141E-02
6.352673E-08,2.298E-02
6.357673E-08,2.454E-02
6.362673E-08,2.611E-02
6.367673E-08,2.715E-02
6.372673E-08,2.871E-02
6.377673E-08,2.976E-02
6.382673E-08,3.237E-02
6.387673E-08,3.393E-02
6.392673E-08,3.497E-02
6.397673E-08,3.758E-02
6.402673E-08,3.863E-02
6.407673E-08,4.071E-02
6.412673E-08,4.228E-02
6.417673E-08,4.280E-02
6.422673E-08,4.384E-02
6.427673E-08,4.489E-02
6.432673E-08,4.593E-02
6.437673E-08,4.593E-02
6.442673E-08,4.593E-02
6.447673E-08,4.593E-02
6.452673E-08,4.593E-02
6.457673E-08,4.593E-02
6.462673E-08,4.593E-02
6.467673E-08,4.489E-02
6.472673E-08,4.489E-02
6.477673E-08,4.384E-02
6.482673E-08,4.280E-02
6.487673E-08,4.228E-02
6.492673E-08,4.071E-02
6.497673E-08,3.967E-02
6.502673E-08,3.810E-02
6.507673E-08,3.706E-02
6.512673E-08,3.602E-02
6.517673E-08,3.445E-02
6.522673E-08,3.393E-02
6.527673E-08,3.289E-02
6.532673E-08,3.132E-02
6.537673E-08,3.028E-02
6.542673E-08,2.976E-02
6.547673E-08,2.819E-02
6.552673E-08,2.819E-02
6.557673E-08,2.767E-02
6.562673E-08,2.663E-02
6.567673E-08,2.611E-02
6.572673E-08,2.558E-02
6.577673E-08,2.558E-02
6.582673E-08,2.454E-02
6.587673E-08,2.402E-02
6.592673E-08,2.298E-02
6.597673E-08,2.245E-02
6.602673E-08,2.141E-02
6.607673E-08,2.193E-02
6.612673E-08,2.089E-02
6.617673E-08,2.037E-02
6.622673E-08,1.985E-02
6.627673E-08,1.932E-02
6.632673E-08,1.828E-02
6.637673E-08,1.724E-02
6.642673E-08,1.724E-02
6.647673E-08,1.672E-02
6.652673E-08,1.515E-02
6.657673E-08,1.463E-02
6.662673E-08,1.359E-02
6.667673E-08,1.359E-02
6.672673E-08,1.359E-02
6.677673E-08,1.254E-02
6.682673E-08,1.254E-02
6.687673E-08,1.254E-02
6.692673E-08,1.254E-02
6.697673E-08,1.254E-02
6.702673E-08,1.202E-02
6.707673E-08,1.306E-02
6.712673E-08,1.306E-02
6.717673E-08,1.515E-02
6.722673E-08,1.619E-02
6.727673E-08,1.672E-02
6.732673E-08,1.828E-02
6.737673E-08,1.932E-02
6.742673E-08,2.089E-02
6.747673E-08,2.193E-02
6.752673E-08,2.454E-02
6.757673E-08,2.611E-02
6.762673E-08,2.715E-02
6.767673E-08,2.871E-02
6.772673E-08,3.028E-02
6.777673E-08,3.132E-02
6.782673E-08,3.289E-02
6.787673E-08,3.341E-02
6.792673E-08,3.497E-02
6.797673E-08,3.602E-02
6.802673E-08,3.550E-02
6.807673E-08,3.654E-02
6.812673E-08,3.654E-02
6.817673E-08,3.706E-02
6.822673E-08,3.706E-02
6.827673E-08,3.654E-02
6.832673E-08,3.654E-02
6.837673E-08,3.550E-02
6.842673E-08,3.497E-02
6.847673E-08,3.497E-02
6.852673E-08,3.445E-02
6.857673E-08,3.289E-02
6.862673E-08,3.237E-02
6.867673E-08,3.132E-02
6.872673E-08,2.976E-02
6.877673E-08,2.924E-02
6.882673E-08,2.871E-02
6.887673E-08,2.767E-02
6.892673E-08,2.715E-02
6.897673E-08,2.611E-02
6.902673E-08,2.611E-02
6.907673E-08,2.506E-02
6.912673E-08,2.558E-02
6.917673E-08,2.506E-02
6.922673E-08,2.506E-02
6.927673E-08,2.558E-02
6.932673E-08,2.506E-02
6.937673E-08,2.611E-02
6.942673E-08,2.611E-02
6.947673E-08,2.715E-02
6.952673E-08,2.767E-02
6.957673E-08,2.871E-02
6.962673E-08,2.924E-02
6.967673E-08,2.924E-02
6.972673E-08,3.132E-02
6.977673E-08,3.184E-02
6.982673E-08,3.289E-02
6.987673E-08,3.341E-02
6.992673E-08,3.445E-02
6.997673E-08,3.550E-02
7.002673E-08,3.497E-02
7.007673E-08,3.550E-02
7.012673E-08,3.654E-02
7.017673E-08,3.654E-02
7.022673E-08,3.706E-02
7.027673E-08,3.654E-02
7.032673E-08,3.654E-02
7.037673E-08,3.550E-02
7.042673E-08,3.497E-02
7.047673E-08,3.550E-02
7.052673E-08,3.497E-02
7.057673E-08,3.445E-02
7.062673E-08,3.393E-02
7.067673E-08,3.289E-02
7.072673E-08,3.237E-02
7.077673E-08,3.184E-02
7.082673E-08,3.132E-02
7.087673E-08,2.976E-02
7.092673E-08,2.976E-02
7.097673E-08,2.924E-02
7.102673E-08,2.871E-02
7.107673E-08,2.871E-02
7.112673E-08,2.819E-02
7.117673E-08,2.767E-02
7.122673E-08,2.767E-02
7.127673E-08,2.715E-02
7.132673E-08,2.767E-02
7.137673E-08,2.767E-02
7.142673E-08,2.715E-02
7.147673E-08,2.715E-02
7.152673E-08,2.715E-02
7.157673E-08,2.715E-02
7.162673E-08,2.715E-02
7.167673E-08,2.715E-02
7.172673E-08,2.715E-02
7.177673E-08,2.715E-02
7.182673E-08,2.715E-02
7.187673E-08,2.715E-02
7.192673E-08,2.663E-02
7.197673E-08,2.663E-02
7.202673E-08,2.663E-02
7.207673E-08,2.611E-02
7.212673E-08,2.611E-02
7.217673E-08,2.558E-02
7.222673E-08,2.506E-02
7.227673E-08,2.506E-02
7.232673E-08,2.454E-02
7.237673E-08,2.298E-02
7.242673E-08,2.245E-02
7.247673E-08,2.193E-02
7.252673E-08,2.193E-02
7.257673E-08,2.089E-02
7.262673E-08,2.089E-02
7.267673E-08,2.089E-02
7.272673E-08,2.037E-02
7.277673E-08,1.985E-02
7.282673E-08,1.985E-02
7.287673E-08,1.932E-02
7.292673E-08,1.932E-02
7.297673E-08,1.932E-02
7.302673E-08,1.932E-02
7.307673E-08,1.985E-02
7.312673E-08,1.985E-02
7.317673E-08,2.037E-02
7.322673E-08,2.037E-02
7.327673E-08,2.037E-02
7.332673E-08,2.141E-02
7.337673E-08,2.193E-02
7.342673E-08,2.193E-02
7.347673E-08,2.193E-02
7.352673E-08,2.193E-02
7.357673E-08,2.245E-02
7.362673E-08,2.245E-02
7.367673E-08,2.298E-02
7.372673E-08,2.298E-02
7.377673E-08,2.245E-02
7.382673E-08,2.245E-02
7.387673E-08,2.193E-02
7.392673E-08,2.245E-02
7.397673E-08,2.193E-02
7.402673E-08,2.037E-02
7.407673E-08,2.037E-02
7.412673E-08,1.985E-02
7.417673E-08,1.880E-02
7.422673E-08,1.776E-02
7.427673E-08,1.724E-02
7.432673E-08,1.515E-02
7.437673E-08,1.463E-02
7.442673E-08,1.411E-02
7.447673E-08,1.306E-02
7.452673E-08,1.150E-02
7.457673E-08,1.098E-02
7.462673E-08,9.41E-03
7.467673E-08,8.89E-03
7.472673E-08,8.37E-03
7.477673E-08,8.37E-03
7.482673E-08,8.37E-03
7.487673E-08,7.85E-03
7.492673E-08,7.85E-03
7.497673E-08,8.37E-03
7.502673E-08,8.37E-03
7.507673E-08,8.37E-03
7.512673E-08,9.41E-03
7.517673E-08,1.046E-02
7.522673E-08,1.150E-02
7.527673E-08,1.254E-02
7.532673E-08,1.359E-02
7.537673E-08,1.567E-02
7.542673E-08,1.672E-02
7.547673E-08,1.828E-02
7.552673E-08,1.985E-02
7.557673E-08,2.141E-02
7.562673E-08,2.245E-02
7.567673E-08,2.506E-02
7.572673E-08,2.663E-02
7.577673E-08,2.767E-02
7.582673E-08,2.924E-02
7.587673E-08,3.028E-02
7.592673E-08,3.080E-02
7.597673E-08,3.289E-02
7.602673E-08,3.341E-02
7.607673E-08,3.445E-02
7.612673E-08,3.497E-02
7.617673E-08,3.550E-02
7.622673E-08,3.550E-02
7.627673E-08,3.550E-02
7.632673E-08,3.550E-02
7.637673E-08,3.445E-02
7.642673E-08,3.341E-02
7.647673E-08,3.341E-02
7.652673E-08,3.132E-02
7.657673E-08,3.080E-02
7.662673E-08,2.924E-02
7.667673E-08,2.767E-02
7.672673E-08,2.611E-02
7.677673E-08,2.402E-02
7.682673E-08,2.193E-02
7.687673E-08,2.037E-02
7.692673E-08,1.828E-02
7.697673E-08,1.672E-02
7.702673E-08,1.411E-02
7.707673E-08,1.254E-02
7.712673E-08,1.046E-02
7.717673E-08,8.37E-03
7.722673E-08,7.33E-03
7.727673E-08,5.76E-03
7.732673E-08,3.68E-03
7.737673E-08,2.63E-03
7.742673E-08,1.59E-03
7.747673E-08,1.07E-03
7.752673E-08,1.07E-03
7.757673E-08,5.5E-04
7.762673E-08,2E-05
7.767673E-08,2E-05
7.772673E-08,2E-05
7.777673E-08,1.07E-03
7.782673E-08,1.07E-03
7.787673E-08,1.59E-03
7.792673E-08,2.63E-03
7.797673E-08,3.68E-03
7.802673E-08,3.68E-03
7.807673E-08,4.72E-03
7.812673E-08,5.76E-03
7.817673E-08,6.28E-03
7.822673E-08,7.33E-03
7.827673E-08,8.89E-03
7.832673E-08,9.93E-03
7.837673E-08,1.150E-02
7.842673E-08,1.202E-02
7.847673E-08,1.254E-02
7.852673E-08,1.359E-02
7.857673E-08,1.515E-02
7.862673E-08,1.567E-02
7.867673E-08,1.672E-02
7.872673E-08,1.724E-02
7.877673E-08,1.776E-02
7.882673E-08,1.880E-02
7.887673E-08,1.985E-02
7.892673E-08,1.985E-02
7.897673E-08,2.037E-02
7.902673E-08,2.037E-02
7.907673E-08,2.141E-02
7.912673E-08,2.141E-02
7.917673E-08,2.141E-02
7.922673E-08,2.193E-02
7.927673E-08,2.245E-02
7.932673E-08,2.298E-02
7.937673E-08,2.350E-02
7.942673E-08,2.402E-02
7.947673E-08,2.454E-02
7.952673E-08,2.506E-02
7.957673E-08,2.558E-02
7.962673E-08,2.558E-02
7.967673E-08,2.611E-02
7.972673E-08,2.611E-02
7.977673E-08,2.611E-02
7.982673E-08,2.663E-02
7.987673E-08,2.715E-02
7.992673E-08,2.767E-02
7.997673E-08,2.819E-02
8.002673E-08,2.924E-02
8.007673E-08,2.871E-02
8.012673E-08,2.976E-02
8.017673E-08,2.976E-02
8.022673E-08,2.976E-02
8.027673E-08,3.132E-02
8.032673E-08,3.184E-02
8.037673E-08,3.237E-02
8.042673E-08,3.289E-02
8.047673E-08,3.289E-02
8.052673E-08,3.341E-02
8.057673E-08,3.393E-02
8.062673E-08,3.393E-02
8.067673E-08,3.445E-02
8.072673E-08,3.497E-02
8.077673E-08,3.497E-02
8.082673E-08,3.497E-02
8.087673E-08,3.550E-02
8.092673E-08,3.550E-02
8.097673E-08,3.497E-02
8.102673E-08,3.497E-02
8.107673E-08,3.497E-02
8.112673E-08,3.445E-02
8.117673E-08,3.445E-02
8.122673E-08,3.341E-02
8.127673E-08,3.289E-02
8.132673E-08,3.237E-02
8.137673E-08,3.184E-02
8.142673E-08,3.028E-02
8.147673E-08,2.976E-02
8.152673E-08,2.976E-02
8.157673E-08,2.819E-02
8.162673E-08,2.767E-02
8.167673E-08,2.663E-02
