-1.837980E-08,1.776E-02
-1.832980E-08,1.724E-02
-1.827980E-08,1.672E-02
-1.822980E-08,1.515E-02
-1.817980E-08,1.463E-02
-1.812980E-08,1.359E-02
-1.807980E-08,1.254E-02
-1.802980E-08,1.150E-02
-1.797980E-08,9.93E-03
-1.792980E-08,8.89E-03
-1.787980E-08,7.33E-03
-1.782980E-08,5.76E-03
-1.777980E-08,3.68E-03
-1.772980E-08,3.15E-03
-1.767980E-08,2.63E-03
-1.762980E-08,1.59E-03
-1.757980E-08,1.07E-03
-1.752980E-08,-5.0E-04
-1.747980E-08,-1.02E-03
-1.742980E-08,-2.06E-03
-1.737980E-08,-1.02E-03
-1.732980E-08,-1.54E-03
-1.727980E-08,-1.54E-03
-1.722980E-08,-1.02E-03
-1.717980E-08,-1.02E-03
-1.712980E-08,-1.02E-03
-1.707980E-08,-1.54E-03
-1.702980E-08,2E-05
-1.697980E-08,1.07E-03
-1.692980E-08,2.11E-03
-1.687980E-08,2.63E-03
-1.682980E-08,3.68E-03
-1.677980E-08,4.72E-03
-1.672980E-08,5.24E-03
-1.667980E-08,6.28E-03
-1.662980E-08,7.85E-03
-1.657980E-08,7.85E-03
-1.652980E-08,7.85E-03
-1.647980E-08,9.41E-03
-1.642980E-08,9.93E-03
-1.637980E-08,1.046E-02
-1.632980E-08,1.098E-02
-1.627980E-08,1.150E-02
-1.622980E-08,1.202E-02
-1.617980E-08,1.150E-02
-1.612980E-08,1.150E-02
-1.607980E-08,1.150E-02
-1.602980E-08,1.150E-02
-1.597980E-08,1.150E-02
-1.592980E-08,1.098E-02
-1.587980E-08,1.046E-02
-1.582980E-08,9.93E-03
-1.577980E-08,9.93E-03
-1.572980E-08,9.41E-03
-1.567980E-08,9.41E-03
-1.562980E-08,8.89E-03
-1.557980E-08,8.37E-03
-1.552980E-08,8.37E-03
-1.547980E-08,8.37E-03
-1.542980E-08,8.37E-03
-1.537980E-08,8.37E-03
-1.532980E-08,8.89E-03
-1.527980E-08,8.37E-03
-1.522980E-08,8.37E-03
-1.517980E-08,8.89E-03
-1.512980E-08,9.41E-03
-1.507980E-08,9.93E-03
-1.502980E-08,9.93E-03
-1.497980E-08,1.098E-02
-1.492980E-08,1.150E-02
-1.487980E-08,1.150E-02
-1.482980E-08,1.202E-02
-1.477980E-08,1.254E-02
-1.472980E-08,1.254E-02
-1.467980E-08,1.359E-02
-1.462980E-08,1.411E-02
-1.457980E-08,1.515E-02
-1.452980E-08,1.567E-02
-1.447980E-08,1.515E-02
-1.442980E-08,1.515E-02
-1.437980E-08,1.619E-02
-1.432980E-08,1.672E-02
-1.427980E-08,1.724E-02
-1.422980E-08,1.724E-02
-1.417980E-08,1.672E-02
-1.412980E-08,1.724E-02
-1.407980E-08,1.724E-02
-1.402980E-08,1.724E-02
-1.397980E-08,1.724E-02
-1.392980E-08,1.672E-02
-1.387980E-08,1.724E-02
-1.382980E-08,1.724E-02
-1.377980E-08,1.672E-02
-1.372980E-08,1.672E-02
-1.367980E-08,1.672E-02
-1.362980E-08,1.619E-02
-1.357980E-08,1.619E-02
-1.352980E-08,1.567E-02
-1.347980E-08,1.515E-02
-1.342980E-08,1.463E-02
-1.337980E-08,1.463E-02
-1.332980E-08,1.515E-02
-1.327980E-08,1.515E-02
-1.322980E-08,1.463E-02
-1.317980E-08,1.463E-02
-1.312980E-08,1.463E-02
-1.307980E-08,1.463E-02
-1.302980E-08,1.515E-02
-1.297980E-08,1.515E-02
-1.292980E-08,1.463E-02
-1.287980E-08,1.567E-02
-1.282980E-08,1.619E-02
-1.277980E-08,1.619E-02
-1.272980E-08,1.672E-02
-1.267980E-08,1.724E-02
-1.262980E-08,1.672E-02
-1.257980E-08,1.724E-02
-1.252980E-08,1.724E-02
-1.247980E-08,1.724E-02
-1.242980E-08,1.776E-02
-1.237980E-08,1.828E-02
-1.232980E-08,1.776E-02
-1.227980E-08,1.776E-02
-1.222980E-08,1.828E-02
-1.217980E-08,1.828E-02
-1.212980E-08,1.828E-02
-1.207980E-08,1.776E-02
-1.202980E-08,1.776E-02
-1.197980E-08,1.828E-02
-1.192980E-08,1.776E-02
-1.187980E-08,1.776E-02
-1.182980E-08,1.724E-02
-1.177980E-08,1.672E-02
-1.172980E-08,1.567E-02
-1.167980E-08,1.567E-02
-1.162980E-08,1.411E-02
-1.157980E-08,1.306E-02
-1.152980E-08,1.254E-02
-1.147980E-08,1.150E-02
-1.142980E-08,1.046E-02
-1.137980E-08,9.41E-03
-1.132980E-08,8.37E-03
-1.127980E-08,6.81E-03
-1.122980E-08,5.76E-03
-1.117980E-08,4.72E-03
-1.112980E-08,4.20E-03
-1.107980E-08,3.68E-03
-1.102980E-08,2.63E-03
-1.097980E-08,1.59E-03
-1.092980E-08,1.07E-03
-1.087980E-08,2E-05
-1.082980E-08,-1.02E-03
-1.077980E-08,-1.02E-03
-1.072980E-08,-1.54E-03
-1.067980E-08,-1.02E-03
-1.062980E-08,-5.0E-04
-1.057980E-08,-5.0E-04
-1.052980E-08,5.5E-04
-1.047980E-08,1.07E-03
-1.042980E-08,2.63E-03
-1.037980E-08,2.63E-03
-1.032980E-08,3.68E-03
-1.027980E-08,5.76E-03
-1.022980E-08,6.81E-03
-1.017980E-08,8.37E-03
-1.012980E-08,9.93E-03
-1.007980E-08,1.202E-02
-1.002980E-08,1.359E-02
-9.97980E-09,1.463E-02
-9.92980E-09,1.724E-02
-9.87980E-09,1.880E-02
-9.82980E-09,2.037E-02
-9.77980E-09,2.193E-02
-9.72980E-09,2.245E-02
-9.67980E-09,2.402E-02
-9.62980E-09,2.558E-02
-9.57980E-09,2.663E-02
-9.52980E-09,2.767E-02
-9.47980E-09,2.767E-02
-9.42980E-09,2.767E-02
-9.37980E-09,2.819E-02
-9.32980E-09,2.871E-02
-9.27980E-09,2.871E-02
-9.22980E-09,2.871E-02
-9.17980E-09,2.924E-02
-9.12980E-09,2.871E-02
-9.07980E-09,2.819E-02
-9.02980E-09,2.819E-02
-8.97980E-09,2.819E-02
-8.92980E-09,2.767E-02
-8.87980E-09,2.767E-02
-8.82980E-09,2.715E-02
-8.77980E-09,2.767E-02
-8.72980E-09,2.819E-02
-8.67980E-09,2.819E-02
-8.62980E-09,2.871E-02
-8.57980E-09,2.871E-02
-8.52980E-09,2.976E-02
-8.47980E-09,3.132E-02
-8.42980E-09,3.184E-02
-8.37980E-09,3.341E-02
-8.32980E-09,3.445E-02
-8.27980E-09,3.602E-02
-8.22980E-09,3.810E-02
-8.17980E-09,3.915E-02
-8.12980E-09,4.176E-02
-8.07980E-09,4.280E-02
-8.02980E-09,4.436E-02
-7.97980E-09,4.749E-02
-7.92980E-09,4.906E-02
-7.87980E-09,5.114E-02
-7.82980E-09,5.271E-02
-7.77980E-09,5.584E-02
-7.72980E-09,5.688E-02
-7.67980E-09,5.897E-02
-7.62980E-09,6.158E-02
-7.57980E-09,6.366E-02
-7.52980E-09,6.575E-02
-7.47980E-09,6.784E-02
-7.42980E-09,7.097E-02
-7.37980E-09,7.201E-02
-7.32980E-09,7.410E-02
-7.27980E-09,7.566E-02
-7.22980E-09,7.827E-02
-7.17980E-09,8.036E-02
-7.12980E-09,8.244E-02
-7.07980E-09,8.505E-02
-7.02980E-09,8.610E-02
-6.97980E-09,8.766E-02
-6.92980E-09,9.027E-02
-6.87980E-09,9.183E-02
-6.82980E-09,9.444E-02
-6.77980E-09,9.653E-02
-6.72980E-09,9.809E-02
-6.67980E-09,1.0070E-01
-6.62980E-09,1.0227E-01
-6.57980E-09,1.0383E-01
-6.52980E-09,1.0540E-01
-6.47980E-09,1.0853E-01
-6.42980E-09,1.0957E-01
-6.37980E-09,1.1166E-01
-6.32980E-09,1.1374E-01
-6.27980E-09,1.1531E-01
-6.22980E-09,1.1792E-01
-6.17980E-09,1.1948E-01
-6.12980E-09,1.2157E-01
-6.07980E-09,1.2470E-01
-6.02980E-09,1.2626E-01
-5.97980E-09,1.2887E-01
-5.92980E-09,1.3096E-01
-5.87980E-09,1.3304E-01
-5.82980E-09,1.3565E-01
-5.77980E-09,1.3878E-01
-5.72980E-09,1.4139E-01
-5.67980E-09,1.4504E-01
-5.62980E-09,1.4765E-01
-5.57980E-09,1.5234E-01
-5.52980E-09,1.5547E-01
-5.47980E-09,1.5913E-01
-5.42980E-09,1.6330E-01
-5.37980E-09,1.6747E-01
-5.32980E-09,1.7112E-01
-5.27980E-09,1.7582E-01
-5.22980E-09,1.8156E-01
-5.17980E-09,1.8573E-01
-5.12980E-09,1.9147E-01
-5.07980E-09,1.9564E-01
-5.02980E-09,2.0034E-01
-4.97980E-09,2.0712E-01
-4.92980E-09,2.1233E-01
-4.87980E-09,2.1807E-01
-4.82980E-09,2.2329E-01
-4.77980E-09,2.2955E-01
-4.72980E-09,2.3685E-01
-4.67980E-09,2.4259E-01
-4.62980E-09,2.4937E-01
-4.57980E-09,2.5511E-01
-4.52980E-09,2.6293E-01
-4.47980E-09,2.6867E-01
-4.42980E-09,2.7545E-01
-4.37980E-09,2.8276E-01
-4.32980E-09,2.9006E-01
-4.27980E-09,2.9736E-01
-4.22980E-09,3.0466E-01
-4.17980E-09,3.1249E-01
-4.12980E-09,3.2031E-01
-4.07980E-09,3.2814E-01
-4.02980E-09,3.3544E-01
-3.97980E-09,3.4274E-01
-3.92980E-09,3.5109E-01
-3.87980E-09,3.5944E-01
-3.82980E-09,3.6778E-01
-3.77980E-09,3.7769E-01
-3.72980E-09,3.8604E-01
-3.67980E-09,3.9439E-01
-3.62980E-09,4.0378E-01
-3.57980E-09,4.1264E-01
-3.52980E-09,4.2099E-01
-3.47980E-09,4.3195E-01
-3.42980E-09,4.4134E-01
-3.37980E-09,4.5125E-01
-3.32980E-09,4.6116E-01
-3.27980E-09,4.6950E-01
-3.22980E-09,4.7942E-01
-3.17980E-09,4.8985E-01
-3.12980E-09,4.9924E-01
-3.07980E-09,5.0967E-01
-3.02980E-09,5.1906E-01
-2.97980E-09,5.2793E-01
-2.92980E-09,5.3784E-01
-2.87980E-09,5.4879E-01
-2.82980E-09,5.5766E-01
-2.77980E-09,5.6705E-01
-2.72980E-09,5.7696E-01
-2.67980E-09,5.8687E-01
-2.62980E-09,5.9626E-01
-2.57980E-09,6.0618E-01
-2.52980E-09,6.1609E-01
-2.47980E-09,6.2652E-01
-2.42980E-09,6.3643E-01
-2.37980E-09,6.4582E-01
-2.32980E-09,6.5625E-01
-2.27980E-09,6.6721E-01
-2.22980E-09,6.7712E-01
-2.17980E-09,6.8755E-01
-2.12980E-09,6.9903E-01
-2.07980E-09,7.0998E-01
-2.02980E-09,7.2094E-01
-1.97980E-09,7.3189E-01
-1.92980E-09,7.4389E-01
-1.87980E-09,7.5589E-01
-1.82980E-09,7.6841E-01
-1.77980E-09,7.8040E-01
-1.72980E-09,7.9188E-01
-1.67980E-09,8.0492E-01
-1.62980E-09,8.1796E-01
-1.57980E-09,8.2996E-01
-1.52980E-09,8.4352E-01
-1.47980E-09,8.5604E-01
-1.42980E-09,8.7065E-01
-1.37980E-09,8.8369E-01
-1.32980E-09,8.9830E-01
-1.27980E-09,9.1238E-01
-1.22980E-09,9.2594E-01
-1.17980E-09,9.4003E-01
-1.12980E-09,9.5516E-01
-1.07980E-09,9.7028E-01
-1.02980E-09,9.8437E-01
-9.7980E-10,9.9845E-01
-9.2980E-10,1.01358E+00
-8.7980E-10,1.02819E+00
-8.2980E-10,1.04384E+00
-7.7980E-10,1.05740E+00
-7.2980E-10,1.07357E+00
-6.7980E-10,1.08870E+00
-6.2980E-10,1.10435E+00
-5.7980E-10,1.11947E+00
-5.2980E-10,1.13565E+00
-4.7980E-10,1.15129E+00
-4.2980E-10,1.16642E+00
-3.7980E-10,1.18155E+00
-3.2980E-10,1.19772E+00
-2.7980E-10,1.21337E+00
-2.2980E-10,1.22954E+00
-1.7980E-10,1.24519E+00
-1.2980E-10,1.26136E+00
-7.980E-11,1.27753E+00
-2.980E-11,1.29423E+00
2.020E-11,1.30987E+00
7.020E-11,1.32552E+00
1.2020E-10,1.34169E+00
1.7020E-10,1.35787E+00
2.2020E-10,1.37299E+00
2.7020E-10,1.38864E+00
3.2020E-10,1.40534E+00
3.7020E-10,1.42098E+00
4.2020E-10,1.43611E+00
4.7020E-10,1.45072E+00
5.2020E-10,1.46480E+00
5.7020E-10,1.47993E+00
6.2020E-10,1.49506E+00
6.7020E-10,1.50914E+00
7.2020E-10,1.52271E+00
7.7020E-10,1.53679E+00
8.2020E-10,1.55140E+00
8.7020E-10,1.56496E+00
9.2020E-10,1.57800E+00
9.7020E-10,1.59208E+00
1.02020E-09,1.60565E+00
1.07020E-09,1.61869E+00
1.12020E-09,1.63277E+00
1.17020E-09,1.64529E+00
1.22020E-09,1.65990E+00
1.27020E-09,1.67346E+00
1.32020E-09,1.68650E+00
1.37020E-09,1.69954E+00
1.42020E-09,1.71415E+00
1.47020E-09,1.72771E+00
1.52020E-09,1.74232E+00
1.57020E-09,1.75692E+00
1.62020E-09,1.77101E+00
1.67020E-09,1.78509E+00
1.72020E-09,1.80022E+00
1.77020E-09,1.81431E+00
1.82020E-09,1.82995E+00
1.87020E-09,1.84508E+00
1.92020E-09,1.85917E+00
1.97020E-09,1.87429E+00
2.02020E-09,1.88890E+00
2.07020E-09,1.90403E+00
2.12020E-09,1.91863E+00
2.17020E-09,1.93324E+00
2.22020E-09,1.94732E+00
2.27020E-09,1.96193E+00
2.32020E-09,1.97445E+00
2.37020E-09,1.98906E+00
2.42020E-09,2.00262E+00
2.47020E-09,2.01462E+00
2.52020E-09,2.02818E+00
2.57020E-09,2.04070E+00
2.62020E-09,2.05322E+00
2.67020E-09,2.06417E+00
2.72020E-09,2.07565E+00
2.77020E-09,2.08713E+00
2.82020E-09,2.09808E+00
2.87020E-09,2.11008E+00
2.92020E-09,2.11999E+00
2.97020E-09,2.13147E+00
3.02020E-09,2.14086E+00
3.07020E-09,2.15233E+00
3.12020E-09,2.16172E+00
3.17020E-09,2.17111E+00
3.22020E-09,2.18259E+00
3.27020E-09,2.19198E+00
3.32020E-09,2.20241E+00
3.37020E-09,2.21284E+00
3.42020E-09,2.22328E+00
3.47020E-09,2.23371E+00
3.52020E-09,2.24466E+00
3.57020E-09,2.25510E+00
3.62020E-09,2.26605E+00
3.67020E-09,2.27753E+00
3.72020E-09,2.28744E+00
3.77020E-09,2.29787E+00
3.82020E-09,2.30778E+00
3.87020E-09,2.31978E+00
3.92020E-09,2.32969E+00
3.97020E-09,2.34065E+00
4.02020E-09,2.35160E+00
4.07020E-09,2.36099E+00
4.12020E-09,2.37038E+00
4.17020E-09,2.37977E+00
4.22020E-09,2.38968E+00
4.27020E-09,2.39803E+00
4.32020E-09,2.40742E+00
4.37020E-09,2.41576E+00
4.42020E-09,2.42307E+00
4.47020E-09,2.43037E+00
4.52020E-09,2.43767E+00
4.57020E-09,2.44393E+00
4.62020E-09,2.44967E+00
4.67020E-09,2.45489E+00
4.72020E-09,2.46010E+00
4.77020E-09,2.46532E+00
4.82020E-09,2.46949E+00
4.87020E-09,2.47419E+00
4.92020E-09,2.47784E+00
4.97020E-09,2.48097E+00
5.02020E-09,2.48514E+00
5.07020E-09,2.48775E+00
5.12020E-09,2.49036E+00
5.17020E-09,2.49349E+00
5.22020E-09,2.49610E+00
5.27020E-09,2.49975E+00
5.32020E-09,2.50183E+00
5.37020E-09,2.50549E+00
5.42020E-09,2.50862E+00
5.47020E-09,2.51279E+00
5.52020E-09,2.51487E+00
5.57020E-09,2.51800E+00
5.62020E-09,2.52270E+00
5.67020E-09,2.52583E+00
5.72020E-09,2.52948E+00
5.77020E-09,2.53313E+00
5.82020E-09,2.53835E+00
5.87020E-09,2.54200E+00
5.92020E-09,2.54565E+00
5.97020E-09,2.54982E+00
6.02020E-09,2.55400E+00
6.07020E-09,2.55817E+00
6.12020E-09,2.56130E+00
6.17020E-09,2.56495E+00
6.22020E-09,2.56913E+00
6.27020E-09,2.57278E+00
6.32020E-09,2.57539E+00
6.37020E-09,2.57852E+00
6.42020E-09,2.58112E+00
6.47020E-09,2.58217E+00
6.52020E-09,2.58530E+00
6.57020E-09,2.58738E+00
6.62020E-09,2.58738E+00
6.67020E-09,2.58791E+00
6.72020E-09,2.58947E+00
6.77020E-09,2.58947E+00
6.82020E-09,2.58947E+00
6.87020E-09,2.58895E+00
6.92020E-09,2.58791E+00
6.97020E-09,2.58686E+00
7.02020E-09,2.58634E+00
7.07020E-09,2.58530E+00
7.12020E-09,2.58425E+00
7.17020E-09,2.58269E+00
7.22020E-09,2.58165E+00
7.27020E-09,2.57956E+00
7.32020E-09,2.57852E+00
7.37020E-09,2.57695E+00
7.42020E-09,2.57591E+00
7.47020E-09,2.57539E+00
7.52020E-09,2.57486E+00
7.57020E-09,2.57434E+00
7.62020E-09,2.57486E+00
7.67020E-09,2.57434E+00
7.72020E-09,2.57486E+00
7.77020E-09,2.57539E+00
7.82020E-09,2.57643E+00
7.87020E-09,2.57747E+00
7.92020E-09,2.57956E+00
7.97020E-09,2.58060E+00
8.02020E-09,2.58269E+00
8.07020E-09,2.58373E+00
8.12020E-09,2.58530E+00
8.17020E-09,2.58791E+00
8.22020E-09,2.58947E+00
8.27020E-09,2.59208E+00
8.32020E-09,2.59364E+00
8.37020E-09,2.59521E+00
8.42020E-09,2.59729E+00
8.47020E-09,2.59990E+00
8.52020E-09,2.60042E+00
8.57020E-09,2.60199E+00
8.62020E-09,2.60251E+00
8.67020E-09,2.60303E+00
8.72020E-09,2.60355E+00
8.77020E-09,2.60355E+00
8.82020E-09,2.60303E+00
8.87020E-09,2.60303E+00
8.92020E-09,2.60303E+00
8.97020E-09,2.60251E+00
9.02020E-09,2.60199E+00
9.07020E-09,2.59990E+00
9.12020E-09,2.59938E+00
9.17020E-09,2.59886E+00
9.22020E-09,2.59729E+00
9.27020E-09,2.59573E+00
9.32020E-09,2.59416E+00
9.37020E-09,2.59364E+00
9.42020E-09,2.59156E+00
9.47020E-09,2.59051E+00
9.52020E-09,2.58947E+00
9.57020E-09,2.58843E+00
9.62020E-09,2.58791E+00
9.67020E-09,2.58582E+00
9.72020E-09,2.58530E+00
9.77020E-09,2.58478E+00
9.82020E-09,2.58530E+00
9.87020E-09,2.58478E+00
9.92020E-09,2.58478E+00
9.97020E-09,2.58478E+00
1.002020E-08,2.58478E+00
1.007020E-08,2.58530E+00
1.012020E-08,2.58582E+00
1.017020E-08,2.58634E+00
1.022020E-08,2.58738E+00
1.027020E-08,2.58843E+00
1.032020E-08,2.58895E+00
1.037020E-08,2.58895E+00
1.042020E-08,2.59051E+00
1.047020E-08,2.59103E+00
1.052020E-08,2.59156E+00
1.057020E-08,2.59312E+00
1.062020E-08,2.59364E+00
1.067020E-08,2.59364E+00
1.072020E-08,2.59416E+00
1.077020E-08,2.59469E+00
1.082020E-08,2.59521E+00
1.087020E-08,2.59573E+00
1.092020E-08,2.59625E+00
1.097020E-08,2.59625E+00
1.102020E-08,2.59573E+00
1.107020E-08,2.59521E+00
1.112020E-08,2.59469E+00
1.117020E-08,2.59416E+00
1.122020E-08,2.59364E+00
1.127020E-08,2.59364E+00
1.132020E-08,2.59312E+00
1.137020E-08,2.59156E+00
1.142020E-08,2.59156E+00
1.147020E-08,2.59103E+00
1.152020E-08,2.58947E+00
1.157020E-08,2.58895E+00
1.162020E-08,2.58895E+00
1.167020E-08,2.58791E+00
1.172020E-08,2.58634E+00
1.177020E-08,2.58634E+00
1.182020E-08,2.58530E+00
1.187020E-08,2.58478E+00
1.192020E-08,2.58530E+00
1.197020E-08,2.58478E+00
1.202020E-08,2.58478E+00
1.207020E-08,2.58478E+00
1.212020E-08,2.58478E+00
1.217020E-08,2.58478E+00
1.222020E-08,2.58478E+00
1.227020E-08,2.58530E+00
1.232020E-08,2.58634E+00
1.237020E-08,2.58634E+00
1.242020E-08,2.58791E+00
1.247020E-08,2.58895E+00
1.252020E-08,2.58999E+00
1.257020E-08,2.59103E+00
1.262020E-08,2.59208E+00
1.267020E-08,2.59312E+00
1.272020E-08,2.59416E+00
1.277020E-08,2.59677E+00
1.282020E-08,2.59782E+00
1.287020E-08,2.59938E+00
1.292020E-08,2.60042E+00
1.297020E-08,2.60147E+00
1.302020E-08,2.60199E+00
1.307020E-08,2.60408E+00
1.312020E-08,2.60512E+00
1.317020E-08,2.60668E+00
1.322020E-08,2.60721E+00
1.327020E-08,2.60773E+00
1.332020E-08,2.60877E+00
1.337020E-08,2.60929E+00
1.342020E-08,2.60981E+00
1.347020E-08,2.60929E+00
1.352020E-08,2.60929E+00
1.357020E-08,2.60981E+00
1.362020E-08,2.60929E+00
1.367020E-08,2.60825E+00
1.372020E-08,2.60773E+00
1.377020E-08,2.60773E+00
1.382020E-08,2.60564E+00
1.387020E-08,2.60408E+00
1.392020E-08,2.60303E+00
1.397020E-08,2.60199E+00
1.402020E-08,2.60042E+00
1.407020E-08,2.59886E+00
1.412020E-08,2.59782E+00
1.417020E-08,2.59625E+00
1.422020E-08,2.59416E+00
1.427020E-08,2.59312E+00
1.432020E-08,2.59156E+00
1.437020E-08,2.58999E+00
1.442020E-08,2.58843E+00
1.447020E-08,2.58791E+00
1.452020E-08,2.58634E+00
1.457020E-08,2.58530E+00
1.462020E-08,2.58478E+00
1.467020E-08,2.58478E+00
1.472020E-08,2.58478E+00
1.477020E-08,2.58478E+00
1.482020E-08,2.58478E+00
1.487020E-08,2.58478E+00
1.492020E-08,2.58530E+00
1.497020E-08,2.58634E+00
1.502020E-08,2.58634E+00
1.507020E-08,2.58791E+00
1.512020E-08,2.58843E+00
1.517020E-08,2.58895E+00
1.522020E-08,2.59051E+00
1.527020E-08,2.59156E+00
1.532020E-08,2.59208E+00
1.537020E-08,2.59364E+00
1.542020E-08,2.59364E+00
1.547020E-08,2.59416E+00
1.552020E-08,2.59416E+00
1.557020E-08,2.59469E+00
1.562020E-08,2.59469E+00
1.567020E-08,2.59469E+00
1.572020E-08,2.59469E+00
1.577020E-08,2.59416E+00
1.582020E-08,2.59416E+00
1.587020E-08,2.59416E+00
1.592020E-08,2.59364E+00
1.597020E-08,2.59208E+00
1.602020E-08,2.59156E+00
1.607020E-08,2.59103E+00
1.612020E-08,2.58895E+00
1.617020E-08,2.58895E+00
1.622020E-08,2.58738E+00
1.627020E-08,2.58634E+00
1.632020E-08,2.58530E+00
1.637020E-08,2.58425E+00
1.642020E-08,2.58373E+00
1.647020E-08,2.58373E+00
1.652020E-08,2.58321E+00
1.657020E-08,2.58269E+00
1.662020E-08,2.58321E+00
1.667020E-08,2.58321E+00
1.672020E-08,2.58269E+00
1.677020E-08,2.58321E+00
1.682020E-08,2.58425E+00
1.687020E-08,2.58321E+00
1.692020E-08,2.58478E+00
1.697020E-08,2.58530E+00
1.702020E-08,2.58582E+00
1.707020E-08,2.58791E+00
1.712020E-08,2.58895E+00
1.717020E-08,2.58947E+00
1.722020E-08,2.59103E+00
1.727020E-08,2.59156E+00
1.732020E-08,2.59364E+00
1.737020E-08,2.59364E+00
1.742020E-08,2.59416E+00
1.747020E-08,2.59573E+00
1.752020E-08,2.59573E+00
1.757020E-08,2.59625E+00
1.762020E-08,2.59625E+00
1.767020E-08,2.59625E+00
1.772020E-08,2.59573E+00
1.777020E-08,2.59573E+00
1.782020E-08,2.59416E+00
1.787020E-08,2.59416E+00
1.792020E-08,2.59364E+00
1.797020E-08,2.59156E+00
1.802020E-08,2.59103E+00
1.807020E-08,2.58895E+00
1.812020E-08,2.58791E+00
1.817020E-08,2.58634E+00
1.822020E-08,2.58530E+00
1.827020E-08,2.58425E+00
1.832020E-08,2.58269E+00
1.837020E-08,2.58165E+00
1.842020E-08,2.58008E+00
1.847020E-08,2.57852E+00
1.852020E-08,2.57747E+00
1.857020E-08,2.57643E+00
1.862020E-08,2.57591E+00
1.867020E-08,2.57486E+00
1.872020E-08,2.57486E+00
1.877020E-08,2.57382E+00
1.882020E-08,2.57330E+00
1.887020E-08,2.57382E+00
1.892020E-08,2.57330E+00
1.897020E-08,2.57330E+00
1.902020E-08,2.57330E+00
1.907020E-08,2.57330E+00
1.912020E-08,2.57382E+00
1.917020E-08,2.57382E+00
1.922020E-08,2.57330E+00
1.927020E-08,2.57382E+00
1.932020E-08,2.57382E+00
1.937020E-08,2.57382E+00
1.942020E-08,2.57382E+00
1.947020E-08,2.57382E+00
1.952020E-08,2.57382E+00
1.957020E-08,2.57330E+00
1.962020E-08,2.57330E+00
1.967020E-08,2.57330E+00
1.972020E-08,2.57278E+00
1.977020E-08,2.57226E+00
1.982020E-08,2.57121E+00
1.987020E-08,2.57121E+00
1.992020E-08,2.57121E+00
1.997020E-08,2.57173E+00
2.002020E-08,2.57121E+00
2.007020E-08,2.57121E+00
2.012020E-08,2.57069E+00
2.017020E-08,2.57069E+00
2.022020E-08,2.57069E+00
2.027020E-08,2.57017E+00
2.032020E-08,2.57069E+00
2.037020E-08,2.56965E+00
2.042020E-08,2.57017E+00
2.047020E-08,2.57121E+00
2.052020E-08,2.57278E+00
2.057020E-08,2.57330E+00
2.062020E-08,2.57486E+00
2.067020E-08,2.57539E+00
2.072020E-08,2.57643E+00
2.077020E-08,2.57799E+00
2.082020E-08,2.57956E+00
2.087020E-08,2.58112E+00
2.092020E-08,2.58217E+00
2.097020E-08,2.58425E+00
2.102020E-08,2.58530E+00
2.107020E-08,2.58634E+00
2.112020E-08,2.58686E+00
2.117020E-08,2.58843E+00
2.122020E-08,2.58895E+00
2.127020E-08,2.58947E+00
2.132020E-08,2.58999E+00
2.137020E-08,2.58999E+00
2.142020E-08,2.58999E+00
2.147020E-08,2.58947E+00
2.152020E-08,2.58947E+00
2.157020E-08,2.58947E+00
2.162020E-08,2.58895E+00
2.167020E-08,2.58738E+00
2.172020E-08,2.58634E+00
2.177020E-08,2.58530E+00
2.182020E-08,2.58373E+00
2.187020E-08,2.58217E+00
2.192020E-08,2.58008E+00
2.197020E-08,2.57852E+00
2.202020E-08,2.57643E+00
2.207020E-08,2.57539E+00
2.212020E-08,2.57382E+00
2.217020E-08,2.57121E+00
2.222020E-08,2.57017E+00
2.227020E-08,2.56913E+00
2.232020E-08,2.56808E+00
2.237020E-08,2.56652E+00
2.242020E-08,2.56547E+00
2.247020E-08,2.56600E+00
2.252020E-08,2.56547E+00
2.257020E-08,2.56547E+00
2.262020E-08,2.56547E+00
2.267020E-08,2.56600E+00
2.272020E-08,2.56600E+00
2.277020E-08,2.56652E+00
2.282020E-08,2.56756E+00
2.287020E-08,2.56860E+00
2.292020E-08,2.57017E+00
2.297020E-08,2.57069E+00
2.302020E-08,2.57330E+00
2.307020E-08,2.57486E+00
2.312020E-08,2.57591E+00
2.317020E-08,2.57799E+00
2.322020E-08,2.57956E+00
2.327020E-08,2.58165E+00
2.332020E-08,2.58321E+00
2.337020E-08,2.58478E+00
2.342020E-08,2.58634E+00
2.347020E-08,2.58738E+00
2.352020E-08,2.58843E+00
2.357020E-08,2.58895E+00
2.362020E-08,2.59103E+00
2.367020E-08,2.59156E+00
2.372020E-08,2.59208E+00
2.377020E-08,2.59208E+00
2.382020E-08,2.59260E+00
2.387020E-08,2.59260E+00
2.392020E-08,2.59312E+00
2.397020E-08,2.59260E+00
2.402020E-08,2.59208E+00
2.407020E-08,2.59156E+00
2.412020E-08,2.59156E+00
2.417020E-08,2.59103E+00
2.422020E-08,2.59051E+00
2.427020E-08,2.58895E+00
2.432020E-08,2.58947E+00
2.437020E-08,2.58791E+00
2.442020E-08,2.58686E+00
2.447020E-08,2.58582E+00
2.452020E-08,2.58582E+00
2.457020E-08,2.58530E+00
2.462020E-08,2.58425E+00
2.467020E-08,2.58478E+00
2.472020E-08,2.58373E+00
2.477020E-08,2.58321E+00
2.482020E-08,2.58217E+00
2.487020E-08,2.58217E+00
2.492020E-08,2.58165E+00
2.497020E-08,2.58165E+00
2.502020E-08,2.58112E+00
2.507020E-08,2.58060E+00
2.512020E-08,2.58008E+00
2.517020E-08,2.57956E+00
2.522020E-08,2.58008E+00
2.527020E-08,2.57956E+00
2.532020E-08,2.57956E+00
2.537020E-08,2.57904E+00
2.542020E-08,2.57852E+00
2.547020E-08,2.57852E+00
2.552020E-08,2.57852E+00
2.557020E-08,2.57799E+00
2.562020E-08,2.57695E+00
2.567020E-08,2.57643E+00
2.572020E-08,2.57643E+00
2.577020E-08,2.57591E+00
2.582020E-08,2.57486E+00
2.587020E-08,2.57382E+00
2.592020E-08,2.57278E+00
2.597020E-08,2.57226E+00
2.602020E-08,2.57121E+00
2.607020E-08,2.57069E+00
2.612020E-08,2.56913E+00
2.617020E-08,2.56808E+00
2.622020E-08,2.56704E+00
2.627020E-08,2.56547E+00
2.632020E-08,2.56391E+00
2.637020E-08,2.56182E+00
2.642020E-08,2.56078E+00
2.647020E-08,2.55974E+00
2.652020E-08,2.55869E+00
2.657020E-08,2.55765E+00
2.662020E-08,2.55765E+00
2.667020E-08,2.55556E+00
2.672020E-08,2.55556E+00
2.677020E-08,2.55504E+00
2.682020E-08,2.55504E+00
2.687020E-08,2.55452E+00
2.692020E-08,2.55400E+00
2.697020E-08,2.55452E+00
2.702020E-08,2.55452E+00
2.707020E-08,2.55452E+00
2.712020E-08,2.55504E+00
2.717020E-08,2.55608E+00
2.722020E-08,2.55713E+00
2.727020E-08,2.55817E+00
2.732020E-08,2.55974E+00
2.737020E-08,2.56130E+00
2.742020E-08,2.56339E+00
2.747020E-08,2.56600E+00
2.752020E-08,2.56808E+00
2.757020E-08,2.57017E+00
2.762020E-08,2.57173E+00
2.767020E-08,2.57434E+00
2.772020E-08,2.57591E+00
2.777020E-08,2.57904E+00
2.782020E-08,2.58060E+00
2.787020E-08,2.58321E+00
2.792020E-08,2.58530E+00
2.797020E-08,2.58686E+00
2.802020E-08,2.58843E+00
2.807020E-08,2.58947E+00
2.812020E-08,2.59103E+00
2.817020E-08,2.59208E+00
2.822020E-08,2.59260E+00
2.827020E-08,2.59364E+00
2.832020E-08,2.59364E+00
2.837020E-08,2.59416E+00
2.842020E-08,2.59312E+00
2.847020E-08,2.59208E+00
2.852020E-08,2.59156E+00
2.857020E-08,2.58947E+00
2.862020E-08,2.58895E+00
2.867020E-08,2.58738E+00
2.872020E-08,2.58582E+00
2.877020E-08,2.58425E+00
2.882020E-08,2.58165E+00
2.887020E-08,2.57956E+00
2.892020E-08,2.57747E+00
2.897020E-08,2.57591E+00
2.902020E-08,2.57382E+00
2.907020E-08,2.57069E+00
2.912020E-08,2.57017E+00
2.917020E-08,2.56808E+00
2.922020E-08,2.56652E+00
2.927020E-08,2.56547E+00
2.932020E-08,2.56443E+00
2.937020E-08,2.56234E+00
2.942020E-08,2.56234E+00
2.947020E-08,2.56182E+00
2.952020E-08,2.56078E+00
2.957020E-08,2.56078E+00
2.962020E-08,2.56130E+00
2.967020E-08,2.56234E+00
2.972020E-08,2.56234E+00
2.977020E-08,2.56339E+00
2.982020E-08,2.56391E+00
2.987020E-08,2.56600E+00
2.992020E-08,2.56652E+00
2.997020E-08,2.56704E+00
3.002020E-08,2.56860E+00
3.007020E-08,2.56965E+00
3.012020E-08,2.56965E+00
3.017020E-08,2.57121E+00
3.022020E-08,2.57121E+00
3.027020E-08,2.57226E+00
3.032020E-08,2.57226E+00
3.037020E-08,2.57226E+00
3.042020E-08,2.57173E+00
3.047020E-08,2.57121E+00
3.052020E-08,2.57069E+00
3.057020E-08,2.56965E+00
3.062020E-08,2.56860E+00
3.067020E-08,2.56652E+00
3.072020E-08,2.56495E+00
3.077020E-08,2.56287E+00
3.082020E-08,2.56130E+00
3.087020E-08,2.55921E+00
3.092020E-08,2.55765E+00
3.097020E-08,2.55556E+00
3.102020E-08,2.55295E+00
3.107020E-08,2.55139E+00
3.112020E-08,2.54930E+00
3.117020E-08,2.54774E+00
3.122020E-08,2.54565E+00
3.127020E-08,2.54409E+00
3.132020E-08,2.54357E+00
3.137020E-08,2.54148E+00
3.142020E-08,2.54044E+00
3.147020E-08,2.53991E+00
3.152020E-08,2.53887E+00
3.157020E-08,2.53783E+00
3.162020E-08,2.53783E+00
3.167020E-08,2.53731E+00
3.172020E-08,2.53678E+00
3.177020E-08,2.53626E+00
3.182020E-08,2.53626E+00
3.187020E-08,2.53678E+00
3.192020E-08,2.53626E+00
3.197020E-08,2.53678E+00
3.202020E-08,2.53731E+00
3.207020E-08,2.53783E+00
3.212020E-08,2.53783E+00
3.217020E-08,2.53783E+00
3.222020E-08,2.53783E+00
3.227020E-08,2.53731E+00
3.232020E-08,2.53731E+00
3.237020E-08,2.53626E+00
3.242020E-08,2.53574E+00
3.247020E-08,2.53522E+00
3.252020E-08,2.53365E+00
3.257020E-08,2.53261E+00
3.262020E-08,2.53157E+00
3.267020E-08,2.53105E+00
3.272020E-08,2.52948E+00
3.277020E-08,2.52792E+00
3.282020E-08,2.52583E+00
3.287020E-08,2.52374E+00
3.292020E-08,2.52218E+00
3.297020E-08,2.52009E+00
3.302020E-08,2.51800E+00
3.307020E-08,2.51644E+00
3.312020E-08,2.51435E+00
3.317020E-08,2.51227E+00
3.322020E-08,2.50966E+00
3.327020E-08,2.50757E+00
3.332020E-08,2.50549E+00
3.337020E-08,2.50288E+00
3.342020E-08,2.50183E+00
3.347020E-08,2.49975E+00
3.352020E-08,2.49714E+00
3.357020E-08,2.49505E+00
3.362020E-08,2.49297E+00
3.367020E-08,2.49140E+00
3.372020E-08,2.48827E+00
3.377020E-08,2.48723E+00
3.382020E-08,2.48514E+00
3.387020E-08,2.48201E+00
3.392020E-08,2.47992E+00
3.397020E-08,2.47732E+00
3.402020E-08,2.47419E+00
3.407020E-08,2.47106E+00
3.412020E-08,2.46793E+00
3.417020E-08,2.46480E+00
3.422020E-08,2.46219E+00
3.427020E-08,2.45854E+00
3.432020E-08,2.45436E+00
3.437020E-08,2.45019E+00
3.442020E-08,2.44758E+00
3.447020E-08,2.44289E+00
3.452020E-08,2.43871E+00
3.457020E-08,2.43454E+00
3.462020E-08,2.42985E+00
3.467020E-08,2.42463E+00
3.472020E-08,2.42046E+00
3.477020E-08,2.41576E+00
3.482020E-08,2.41055E+00
3.487020E-08,2.40481E+00
3.492020E-08,2.39959E+00
3.497020E-08,2.39490E+00
3.502020E-08,2.38968E+00
3.507020E-08,2.38342E+00
3.512020E-08,2.37768E+00
3.517020E-08,2.37194E+00
3.522020E-08,2.36516E+00
3.527020E-08,2.35995E+00
3.532020E-08,2.35421E+00
3.537020E-08,2.34795E+00
3.542020E-08,2.34117E+00
3.547020E-08,2.33491E+00
3.552020E-08,2.32813E+00
3.557020E-08,2.32134E+00
3.562020E-08,2.31352E+00
3.567020E-08,2.30726E+00
3.572020E-08,2.30048E+00
3.577020E-08,2.29265E+00
3.582020E-08,2.28587E+00
3.587020E-08,2.27805E+00
3.592020E-08,2.27074E+00
3.597020E-08,2.26396E+00
3.602020E-08,2.25614E+00
3.607020E-08,2.24936E+00
3.612020E-08,2.24101E+00
3.617020E-08,2.23266E+00
3.622020E-08,2.22484E+00
3.627020E-08,2.21806E+00
3.632020E-08,2.21023E+00
3.637020E-08,2.20189E+00
3.642020E-08,2.19354E+00
3.647020E-08,2.18624E+00
3.652020E-08,2.17841E+00
3.657020E-08,2.16955E+00
3.662020E-08,2.16172E+00
3.667020E-08,2.15390E+00
3.672020E-08,2.14607E+00
3.677020E-08,2.13720E+00
3.682020E-08,2.12886E+00
3.687020E-08,2.11999E+00
3.692020E-08,2.11060E+00
3.697020E-08,2.10278E+00
3.702020E-08,2.09391E+00
3.707020E-08,2.08452E+00
3.712020E-08,2.07617E+00
3.717020E-08,2.06626E+00
3.722020E-08,2.05583E+00
3.727020E-08,2.04592E+00
3.732020E-08,2.03548E+00
3.737020E-08,2.02557E+00
3.742020E-08,2.01410E+00
3.747020E-08,2.00314E+00
3.752020E-08,1.99271E+00
3.757020E-08,1.97967E+00
3.762020E-08,1.96819E+00
3.767020E-08,1.95671E+00
3.772020E-08,1.94419E+00
3.777020E-08,1.93011E+00
3.782020E-08,1.91811E+00
3.787020E-08,1.90403E+00
3.792020E-08,1.89151E+00
3.797020E-08,1.87690E+00
3.802020E-08,1.86334E+00
3.807020E-08,1.84873E+00
3.812020E-08,1.83517E+00
3.817020E-08,1.82109E+00
3.822020E-08,1.80544E+00
3.827020E-08,1.79031E+00
3.832020E-08,1.77518E+00
3.837020E-08,1.76110E+00
3.842020E-08,1.74649E+00
3.847020E-08,1.73084E+00
3.852020E-08,1.71571E+00
3.857020E-08,1.70163E+00
3.862020E-08,1.68650E+00
3.867020E-08,1.67033E+00
3.872020E-08,1.65625E+00
3.877020E-08,1.64008E+00
3.882020E-08,1.62651E+00
3.887020E-08,1.61034E+00
3.892020E-08,1.59521E+00
3.897020E-08,1.58009E+00
3.902020E-08,1.56444E+00
3.907020E-08,1.54983E+00
3.912020E-08,1.53418E+00
3.917020E-08,1.51958E+00
3.922020E-08,1.50445E+00
3.927020E-08,1.48932E+00
3.932020E-08,1.47315E+00
3.937020E-08,1.45907E+00
3.942020E-08,1.44237E+00
3.947020E-08,1.42777E+00
3.952020E-08,1.41212E+00
3.957020E-08,1.39647E+00
3.962020E-08,1.38082E+00
3.967020E-08,1.36569E+00
3.972020E-08,1.35004E+00
3.977020E-08,1.33491E+00
3.982020E-08,1.31926E+00
3.987020E-08,1.30414E+00
3.992020E-08,1.28849E+00
3.997020E-08,1.27336E+00
4.002020E-08,1.25719E+00
4.007020E-08,1.24310E+00
4.012020E-08,1.22693E+00
4.017020E-08,1.21181E+00
4.022020E-08,1.19616E+00
4.027020E-08,1.18103E+00
4.032020E-08,1.16642E+00
4.037020E-08,1.15129E+00
4.042020E-08,1.13565E+00
4.047020E-08,1.12052E+00
4.052020E-08,1.10591E+00
4.057020E-08,1.09078E+00
4.062020E-08,1.07670E+00
4.067020E-08,1.06053E+00
4.072020E-08,1.04644E+00
4.077020E-08,1.03079E+00
4.082020E-08,1.01619E+00
4.087020E-08,1.00106E+00
4.092020E-08,9.8593E-01
4.097020E-08,9.7081E-01
4.102020E-08,9.5672E-01
4.107020E-08,9.4211E-01
4.112020E-08,9.2699E-01
4.117020E-08,9.1238E-01
4.122020E-08,8.9725E-01
4.127020E-08,8.8265E-01
4.132020E-08,8.6804E-01
4.137020E-08,8.5344E-01
4.142020E-08,8.3831E-01
4.147020E-08,8.2474E-01
4.152020E-08,8.1066E-01
4.157020E-08,7.9605E-01
4.162020E-08,7.8197E-01
4.167020E-08,7.6841E-01
4.172020E-08,7.5432E-01
4.177020E-08,7.4024E-01
4.182020E-08,7.2720E-01
4.187020E-08,7.1468E-01
4.192020E-08,7.0059E-01
4.197020E-08,6.8651E-01
4.202020E-08,6.7399E-01
4.207020E-08,6.6147E-01
4.212020E-08,6.4947E-01
4.217020E-08,6.3695E-01
4.222020E-08,6.2443E-01
4.227020E-08,6.1296E-01
4.232020E-08,6.0096E-01
4.237020E-08,5.8844E-01
4.242020E-08,5.7748E-01
4.247020E-08,5.6549E-01
4.252020E-08,5.5349E-01
4.257020E-08,5.4201E-01
4.262020E-08,5.3054E-01
4.267020E-08,5.1958E-01
4.272020E-08,5.0706E-01
4.277020E-08,4.9611E-01
4.282020E-08,4.8411E-01
4.287020E-08,4.7263E-01
4.292020E-08,4.6220E-01
4.297020E-08,4.5020E-01
4.302020E-08,4.3821E-01
4.307020E-08,4.2569E-01
4.312020E-08,4.1421E-01
4.317020E-08,4.0378E-01
4.322020E-08,3.9178E-01
4.327020E-08,3.8030E-01
4.332020E-08,3.6831E-01
4.337020E-08,3.5735E-01
4.342020E-08,3.4587E-01
4.347020E-08,3.3544E-01
4.352020E-08,3.2449E-01
4.357020E-08,3.1405E-01
4.362020E-08,3.0414E-01
4.367020E-08,2.9371E-01
4.372020E-08,2.8328E-01
4.377020E-08,2.7389E-01
4.382020E-08,2.6398E-01
4.387020E-08,2.5563E-01
4.392020E-08,2.4676E-01
4.397020E-08,2.3842E-01
4.402020E-08,2.3059E-01
4.407020E-08,2.2120E-01
4.412020E-08,2.1390E-01
4.417020E-08,2.0816E-01
4.422020E-08,1.9981E-01
4.427020E-08,1.9355E-01
4.432020E-08,1.8729E-01
4.437020E-08,1.8103E-01
4.442020E-08,1.7477E-01
4.447020E-08,1.6904E-01
4.452020E-08,1.6330E-01
4.457020E-08,1.5756E-01
4.462020E-08,1.5339E-01
4.467020E-08,1.4713E-01
4.472020E-08,1.4191E-01
4.477020E-08,1.3722E-01
4.482020E-08,1.3200E-01
4.487020E-08,1.2731E-01
4.492020E-08,1.2313E-01
4.497020E-08,1.1739E-01
4.502020E-08,1.1322E-01
4.507020E-08,1.0853E-01
4.512020E-08,1.0331E-01
4.517020E-08,9.861E-02
4.522020E-08,9.340E-02
4.527020E-08,8.818E-02
4.532020E-08,8.505E-02
4.537020E-08,7.931E-02
4.542020E-08,7.462E-02
4.547020E-08,6.992E-02
4.552020E-08,6.575E-02
4.557020E-08,6.158E-02
4.562020E-08,5.688E-02
4.567020E-08,5.271E-02
4.572020E-08,4.854E-02
4.577020E-08,4.489E-02
4.582020E-08,4.123E-02
4.587020E-08,3.863E-02
4.592020E-08,3.341E-02
4.597020E-08,3.132E-02
4.602020E-08,2.819E-02
4.607020E-08,2.611E-02
4.612020E-08,2.350E-02
4.617020E-08,2.089E-02
4.622020E-08,1.932E-02
4.627020E-08,1.724E-02
4.632020E-08,1.619E-02
4.637020E-08,1.463E-02
4.642020E-08,1.306E-02
4.647020E-08,1.254E-02
4.652020E-08,1.202E-02
4.657020E-08,1.150E-02
4.662020E-08,1.046E-02
4.667020E-08,9.93E-03
4.672020E-08,9.41E-03
4.677020E-08,9.41E-03
4.682020E-08,9.41E-03
4.687020E-08,9.41E-03
4.692020E-08,9.41E-03
4.697020E-08,9.41E-03
4.702020E-08,9.93E-03
4.707020E-08,9.93E-03
4.712020E-08,9.93E-03
4.717020E-08,9.93E-03
4.722020E-08,1.098E-02
4.727020E-08,1.098E-02
4.732020E-08,1.150E-02
4.737020E-08,1.150E-02
4.742020E-08,1.150E-02
4.747020E-08,1.150E-02
4.752020E-08,1.202E-02
4.757020E-08,1.254E-02
4.762020E-08,1.254E-02
4.767020E-08,1.202E-02
4.772020E-08,1.254E-02
4.777020E-08,1.306E-02
4.782020E-08,1.411E-02
4.787020E-08,1.411E-02
4.792020E-08,1.411E-02
4.797020E-08,1.463E-02
4.802020E-08,1.463E-02
4.807020E-08,1.463E-02
4.812020E-08,1.515E-02
4.817020E-08,1.463E-02
4.822020E-08,1.515E-02
4.827020E-08,1.672E-02
4.832020E-08,1.672E-02
4.837020E-08,1.724E-02
4.842020E-08,1.724E-02
4.847020E-08,1.672E-02
4.852020E-08,1.724E-02
4.857020E-08,1.724E-02
4.862020E-08,1.724E-02
4.867020E-08,1.724E-02
4.872020E-08,1.619E-02
4.877020E-08,1.567E-02
4.882020E-08,1.567E-02
4.887020E-08,1.567E-02
4.892020E-08,1.463E-02
4.897020E-08,1.359E-02
4.902020E-08,1.306E-02
4.907020E-08,1.306E-02
4.912020E-08,1.202E-02
4.917020E-08,1.150E-02
4.922020E-08,9.93E-03
4.927020E-08,9.41E-03
4.932020E-08,8.37E-03
4.937020E-08,6.81E-03
4.942020E-08,6.28E-03
4.947020E-08,5.76E-03
4.952020E-08,4.20E-03
4.957020E-08,3.68E-03
4.962020E-08,4.20E-03
4.967020E-08,2.63E-03
4.972020E-08,2.11E-03
4.977020E-08,1.07E-03
4.982020E-08,5.5E-04
4.987020E-08,2E-05
4.992020E-08,-1.54E-03
4.997020E-08,-1.02E-03
5.002020E-08,-1.02E-03
5.007020E-08,-5.0E-04
5.012020E-08,-1.02E-03
5.017020E-08,-5.0E-04
5.022020E-08,-1.02E-03
5.027020E-08,-5.0E-04
5.032020E-08,-1.02E-03
5.037020E-08,2E-05
5.042020E-08,1.07E-03
5.047020E-08,1.59E-03
5.052020E-08,2.63E-03
5.057020E-08,3.15E-03
5.062020E-08,3.68E-03
5.067020E-08,4.20E-03
5.072020E-08,5.76E-03
5.077020E-08,6.28E-03
5.082020E-08,7.85E-03
5.087020E-08,8.89E-03
5.092020E-08,9.93E-03
5.097020E-08,1.150E-02
5.102020E-08,1.254E-02
5.107020E-08,1.411E-02
5.112020E-08,1.567E-02
5.117020E-08,1.672E-02
5.122020E-08,1.828E-02
5.127020E-08,1.985E-02
5.132020E-08,2.089E-02
5.137020E-08,2.298E-02
5.142020E-08,2.506E-02
5.147020E-08,2.611E-02
5.152020E-08,2.767E-02
5.157020E-08,2.924E-02
5.162020E-08,3.184E-02
5.167020E-08,3.289E-02
5.172020E-08,3.445E-02
5.177020E-08,3.654E-02
5.182020E-08,3.810E-02
5.187020E-08,4.019E-02
5.192020E-08,4.280E-02
5.197020E-08,4.332E-02
5.202020E-08,4.489E-02
5.207020E-08,4.749E-02
5.212020E-08,4.854E-02
5.217020E-08,5.010E-02
5.222020E-08,5.219E-02
5.227020E-08,5.271E-02
5.232020E-08,5.427E-02
5.237020E-08,5.584E-02
5.242020E-08,5.740E-02
5.247020E-08,5.845E-02
5.252020E-08,5.897E-02
5.257020E-08,5.949E-02
5.262020E-08,6.001E-02
5.267020E-08,6.053E-02
5.272020E-08,6.106E-02
5.277020E-08,6.106E-02
5.282020E-08,6.158E-02
5.287020E-08,6.106E-02
5.292020E-08,6.106E-02
5.297020E-08,6.053E-02
5.302020E-08,6.001E-02
5.307020E-08,5.949E-02
5.312020E-08,5.897E-02
5.317020E-08,5.845E-02
5.322020E-08,5.740E-02
5.327020E-08,5.584E-02
5.332020E-08,5.427E-02
5.337020E-08,5.271E-02
5.342020E-08,5.114E-02
5.347020E-08,5.010E-02
5.352020E-08,4.802E-02
5.357020E-08,4.749E-02
5.362020E-08,4.489E-02
5.367020E-08,4.280E-02
5.372020E-08,4.280E-02
5.377020E-08,4.071E-02
5.382020E-08,3.967E-02
5.387020E-08,3.706E-02
5.392020E-08,3.550E-02
5.397020E-08,3.393E-02
5.402020E-08,3.289E-02
5.407020E-08,3.184E-02
5.412020E-08,3.132E-02
5.417020E-08,2.976E-02
5.422020E-08,2.924E-02
5.427020E-08,2.871E-02
5.432020E-08,2.715E-02
5.437020E-08,2.715E-02
5.442020E-08,2.663E-02
5.447020E-08,2.611E-02
5.452020E-08,2.611E-02
5.457020E-08,2.611E-02
5.462020E-08,2.558E-02
5.467020E-08,2.558E-02
5.472020E-08,2.558E-02
5.477020E-08,2.506E-02
5.482020E-08,2.506E-02
5.487020E-08,2.558E-02
5.492020E-08,2.558E-02
5.497020E-08,2.558E-02
5.502020E-08,2.558E-02
5.507020E-08,2.558E-02
5.512020E-08,2.611E-02
5.517020E-08,2.611E-02
5.522020E-08,2.611E-02
5.527020E-08,2.611E-02
5.532020E-08,2.558E-02
5.537020E-08,2.558E-02
5.542020E-08,2.558E-02
5.547020E-08,2.558E-02
5.552020E-08,2.506E-02
5.557020E-08,2.402E-02
5.562020E-08,2.245E-02
5.567020E-08,2.245E-02
5.572020E-08,2.193E-02
5.577020E-08,2.193E-02
5.582020E-08,2.089E-02
5.587020E-08,1.985E-02
5.592020E-08,1.932E-02
5.597020E-08,1.828E-02
5.602020E-08,1.724E-02
5.607020E-08,1.672E-02
5.612020E-08,1.463E-02
5.617020E-08,1.463E-02
5.622020E-08,1.202E-02
5.627020E-08,1.202E-02
5.632020E-08,1.098E-02
5.637020E-08,9.93E-03
5.642020E-08,8.89E-03
5.647020E-08,8.37E-03
5.652020E-08,7.33E-03
5.657020E-08,6.28E-03
5.662020E-08,5.76E-03
5.667020E-08,5.24E-03
5.672020E-08,4.20E-03
5.677020E-08,3.68E-03
5.682020E-08,4.20E-03
5.687020E-08,4.20E-03
5.692020E-08,3.68E-03
5.697020E-08,4.20E-03
5.702020E-08,5.24E-03
5.707020E-08,5.24E-03
5.712020E-08,6.81E-03
5.717020E-08,7.33E-03
5.722020E-08,8.37E-03
5.727020E-08,9.93E-03
5.732020E-08,1.150E-02
5.737020E-08,1.254E-02
5.742020E-08,1.411E-02
5.747020E-08,1.567E-02
5.752020E-08,1.672E-02
5.757020E-08,1.880E-02
5.762020E-08,2.037E-02
5.767020E-08,2.193E-02
5.772020E-08,2.298E-02
5.777020E-08,2.506E-02
5.782020E-08,2.611E-02
5.787020E-08,2.715E-02
5.792020E-08,2.819E-02
5.797020E-08,2.924E-02
5.802020E-08,3.028E-02
5.807020E-08,3.028E-02
5.812020E-08,3.080E-02
5.817020E-08,3.080E-02
5.822020E-08,3.080E-02
5.827020E-08,3.080E-02
5.832020E-08,3.028E-02
5.837020E-08,3.028E-02
5.842020E-08,2.924E-02
5.847020E-08,2.819E-02
5.852020E-08,2.715E-02
5.857020E-08,2.611E-02
5.862020E-08,2.506E-02
5.867020E-08,2.298E-02
5.872020E-08,2.193E-02
5.877020E-08,2.037E-02
5.882020E-08,1.880E-02
5.887020E-08,1.672E-02
5.892020E-08,1.619E-02
5.897020E-08,1.359E-02
5.902020E-08,1.254E-02
5.907020E-08,1.202E-02
5.912020E-08,1.046E-02
5.917020E-08,8.89E-03
5.922020E-08,8.37E-03
5.927020E-08,6.81E-03
5.932020E-08,7.33E-03
5.937020E-08,5.76E-03
5.942020E-08,5.24E-03
5.947020E-08,5.76E-03
5.952020E-08,5.76E-03
5.957020E-08,5.76E-03
5.962020E-08,5.76E-03
5.967020E-08,5.76E-03
5.972020E-08,5.76E-03
5.977020E-08,6.28E-03
5.982020E-08,6.81E-03
5.987020E-08,6.81E-03
5.992020E-08,7.85E-03
5.997020E-08,8.37E-03
6.002020E-08,8.89E-03
6.007020E-08,9.41E-03
6.012020E-08,9.93E-03
6.017020E-08,1.098E-02
6.022020E-08,1.150E-02
6.027020E-08,1.254E-02
6.032020E-08,1.254E-02
6.037020E-08,1.411E-02
6.042020E-08,1.463E-02
6.047020E-08,1.463E-02
6.052020E-08,1.515E-02
6.057020E-08,1.672E-02
6.062020E-08,1.724E-02
6.067020E-08,1.776E-02
6.072020E-08,1.776E-02
6.077020E-08,1.880E-02
6.082020E-08,1.932E-02
6.087020E-08,1.985E-02
6.092020E-08,2.037E-02
6.097020E-08,2.089E-02
6.102020E-08,2.037E-02
6.107020E-08,2.141E-02
6.112020E-08,2.193E-02
6.117020E-08,2.193E-02
6.122020E-08,2.193E-02
6.127020E-08,2.193E-02
6.132020E-08,2.141E-02
6.137020E-08,2.193E-02
6.142020E-08,2.193E-02
6.147020E-08,2.193E-02
6.152020E-08,2.193E-02
6.157020E-08,2.141E-02
6.162020E-08,2.089E-02
6.167020E-08,2.037E-02
6.172020E-08,1.985E-02
6.177020E-08,1.932E-02
6.182020E-08,1.880E-02
6.187020E-08,1.776E-02
6.192020E-08,1.724E-02
6.197020E-08,1.724E-02
6.202020E-08,1.619E-02
6.207020E-08,1.463E-02
6.212020E-08,1.463E-02
6.217020E-08,1.359E-02
6.222020E-08,1.411E-02
6.227020E-08,1.359E-02
6.232020E-08,1.359E-02
6.237020E-08,1.254E-02
6.242020E-08,1.254E-02
6.247020E-08,1.254E-02
6.252020E-08,1.254E-02
6.257020E-08,1.254E-02
6.262020E-08,1.359E-02
6.267020E-08,1.359E-02
6.272020E-08,1.411E-02
6.277020E-08,1.411E-02
6.282020E-08,1.411E-02
6.287020E-08,1.463E-02
6.292020E-08,1.515E-02
6.297020E-08,1.567E-02
6.302020E-08,1.672E-02
6.307020E-08,1.724E-02
6.312020E-08,1.724E-02
6.317020E-08,1.724E-02
6.322020E-08,1.724E-02
6.327020E-08,1.724E-02
6.332020E-08,1.672E-02
6.337020E-08,1.672E-02
6.342020E-08,1.672E-02
6.347020E-08,1.515E-02
6.352020E-08,1.463E-02
6.357020E-08,1.359E-02
6.362020E-08,1.254E-02
6.367020E-08,1.254E-02
6.372020E-08,1.150E-02
6.377020E-08,9.93E-03
6.382020E-08,8.89E-03
6.387020E-08,8.37E-03
6.392020E-08,7.33E-03
6.397020E-08,5.76E-03
6.402020E-08,5.76E-03
6.407020E-08,4.20E-03
6.412020E-08,3.68E-03
6.417020E-08,3.15E-03
6.422020E-08,3.15E-03
6.427020E-08,3.15E-03
6.432020E-08,3.15E-03
6.437020E-08,3.68E-03
6.442020E-08,4.20E-03
6.447020E-08,5.76E-03
6.452020E-08,6.81E-03
6.457020E-08,7.85E-03
6.462020E-08,8.89E-03
6.467020E-08,1.150E-02
6.472020E-08,1.254E-02
6.477020E-08,1.411E-02
6.482020E-08,1.672E-02
6.487020E-08,1.828E-02
6.492020E-08,2.037E-02
6.497020E-08,2.193E-02
6.502020E-08,2.506E-02
6.507020E-08,2.663E-02
6.512020E-08,2.871E-02
6.517020E-08,3.028E-02
6.522020E-08,3.132E-02
6.527020E-08,3.341E-02
6.532020E-08,3.550E-02
6.537020E-08,3.602E-02
6.542020E-08,3.758E-02
6.547020E-08,3.810E-02
6.552020E-08,3.863E-02
6.557020E-08,3.915E-02
6.562020E-08,3.967E-02
6.567020E-08,3.967E-02
6.572020E-08,3.915E-02
6.577020E-08,3.863E-02
6.582020E-08,3.810E-02
6.587020E-08,3.758E-02
6.592020E-08,3.706E-02
6.597020E-08,3.497E-02
6.602020E-08,3.445E-02
6.607020E-08,3.289E-02
6.612020E-08,3.184E-02
6.617020E-08,2.976E-02
6.622020E-08,2.871E-02
6.627020E-08,2.767E-02
6.632020E-08,2.663E-02
6.637020E-08,2.506E-02
6.642020E-08,2.454E-02
6.647020E-08,2.350E-02
6.652020E-08,2.245E-02
6.657020E-08,2.141E-02
6.662020E-08,2.089E-02
6.667020E-08,2.037E-02
6.672020E-08,2.089E-02
6.677020E-08,2.037E-02
6.682020E-08,2.037E-02
6.687020E-08,2.141E-02
6.692020E-08,2.037E-02
6.697020E-08,2.089E-02
6.702020E-08,2.193E-02
6.707020E-08,2.298E-02
6.712020E-08,2.350E-02
6.717020E-08,2.454E-02
6.722020E-08,2.506E-02
6.727020E-08,2.611E-02
6.732020E-08,2.663E-02
6.737020E-08,2.767E-02
6.742020E-08,2.871E-02
6.747020E-08,2.976E-02
6.752020E-08,2.976E-02
6.757020E-08,2.976E-02
6.762020E-08,3.132E-02
6.767020E-08,3.184E-02
6.772020E-08,3.289E-02
6.777020E-08,3.289E-02
6.782020E-08,3.341E-02
6.787020E-08,3.445E-02
6.792020E-08,3.445E-02
6.797020E-08,3.445E-02
6.802020E-08,3.497E-02
6.807020E-08,3.497E-02
6.812020E-08,3.497E-02
6.817020E-08,3.497E-02
6.822020E-08,3.550E-02
6.827020E-08,3.497E-02
6.832020E-08,3.497E-02
6.837020E-08,3.497E-02
6.842020E-08,3.497E-02
6.847020E-08,3.497E-02
6.852020E-08,3.550E-02
6.857020E-08,3.550E-02
6.862020E-08,3.602E-02
6.867020E-08,3.602E-02
6.872020E-08,3.602E-02
6.877020E-08,3.602E-02
6.882020E-08,3.602E-02
6.887020E-08,3.550E-02
6.892020E-08,3.550E-02
6.897020E-08,3.497E-02
6.902020E-08,3.497E-02
6.907020E-08,3.550E-02
6.912020E-08,3.497E-02
6.917020E-08,3.393E-02
6.922020E-08,3.341E-02
6.927020E-08,3.289E-02
6.932020E-08,3.237E-02
6.937020E-08,3.080E-02
6.942020E-08,3.028E-02
6.947020E-08,3.028E-02
6.952020E-08,2.924E-02
6.957020E-08,2.767E-02
6.962020E-08,2.663E-02
6.967020E-08,2.558E-02
6.972020E-08,2.454E-02
6.977020E-08,2.298E-02
6.982020E-08,2.193E-02
6.987020E-08,2.089E-02
6.992020E-08,1.932E-02
6.997020E-08,1.828E-02
7.002020E-08,1.724E-02
7.007020E-08,1.619E-02
7.012020E-08,1.619E-02
7.017020E-08,1.567E-02
7.022020E-08,1.463E-02
7.027020E-08,1.463E-02
7.032020E-08,1.359E-02
7.037020E-08,1.359E-02
7.042020E-08,1.359E-02
7.047020E-08,1.411E-02
7.052020E-08,1.463E-02
7.057020E-08,1.515E-02
7.062020E-08,1.619E-02
7.067020E-08,1.672E-02
7.072020E-08,1.672E-02
7.077020E-08,1.776E-02
7.082020E-08,1.880E-02
7.087020E-08,1.932E-02
7.092020E-08,1.985E-02
7.097020E-08,2.089E-02
7.102020E-08,2.141E-02
7.107020E-08,2.245E-02
7.112020E-08,2.193E-02
7.117020E-08,2.245E-02
7.122020E-08,2.298E-02
7.127020E-08,2.298E-02
7.132020E-08,2.298E-02
7.137020E-08,2.298E-02
7.142020E-08,2.298E-02
7.147020E-08,2.298E-02
7.152020E-08,2.245E-02
7.157020E-08,2.193E-02
7.162020E-08,2.193E-02
7.167020E-08,2.089E-02
7.172020E-08,1.985E-02
7.177020E-08,1.932E-02
7.182020E-08,1.776E-02
7.187020E-08,1.724E-02
7.192020E-08,1.672E-02
7.197020E-08,1.463E-02
7.202020E-08,1.411E-02
7.207020E-08,1.411E-02
7.212020E-08,1.254E-02
7.217020E-08,1.202E-02
7.222020E-08,1.202E-02
7.227020E-08,1.202E-02
7.232020E-08,1.150E-02
7.237020E-08,1.150E-02
7.242020E-08,1.150E-02
7.247020E-08,1.150E-02
7.252020E-08,1.150E-02
7.257020E-08,1.202E-02
7.262020E-08,1.254E-02
7.267020E-08,1.359E-02
7.272020E-08,1.359E-02
7.277020E-08,1.463E-02
7.282020E-08,1.672E-02
7.287020E-08,1.724E-02
7.292020E-08,1.828E-02
7.297020E-08,1.932E-02
7.302020E-08,2.089E-02
7.307020E-08,2.193E-02
7.312020E-08,2.245E-02
7.317020E-08,2.402E-02
7.322020E-08,2.558E-02
7.327020E-08,2.611E-02
7.332020E-08,2.611E-02
7.337020E-08,2.715E-02
7.342020E-08,2.767E-02
7.347020E-08,2.767E-02
7.352020E-08,2.819E-02
7.357020E-08,2.767E-02
7.362020E-08,2.767E-02
7.367020E-08,2.715E-02
7.372020E-08,2.663E-02
7.377020E-08,2.611E-02
7.382020E-08,2.558E-02
7.387020E-08,2.506E-02
7.392020E-08,2.350E-02
7.397020E-08,2.245E-02
7.402020E-08,2.193E-02
7.407020E-08,2.141E-02
7.412020E-08,2.037E-02
7.417020E-08,1.985E-02
7.422020E-08,1.932E-02
7.427020E-08,1.880E-02
7.432020E-08,1.828E-02
7.437020E-08,1.776E-02
7.442020E-08,1.776E-02
7.447020E-08,1.724E-02
7.452020E-08,1.724E-02
7.457020E-08,1.724E-02
7.462020E-08,1.776E-02
7.467020E-08,1.828E-02
7.472020E-08,1.828E-02
7.477020E-08,1.880E-02
7.482020E-08,1.932E-02
7.487020E-08,1.985E-02
7.492020E-08,2.037E-02
7.497020E-08,2.089E-02
7.502020E-08,2.141E-02
7.507020E-08,2.193E-02
7.512020E-08,2.193E-02
7.517020E-08,2.193E-02
7.522020E-08,2.245E-02
7.527020E-08,2.245E-02
7.532020E-08,2.245E-02
7.537020E-08,2.245E-02
7.542020E-08,2.245E-02
7.547020E-08,2.193E-02
7.552020E-08,2.141E-02
7.557020E-08,2.193E-02
7.562020E-08,2.141E-02
7.567020E-08,2.089E-02
7.572020E-08,1.985E-02
7.577020E-08,1.985E-02
7.582020E-08,1.880E-02
7.587020E-08,1.776E-02
7.592020E-08,1.724E-02
7.597020E-08,1.672E-02
7.602020E-08,1.672E-02
7.607020E-08,1.619E-02
7.612020E-08,1.567E-02
7.617020E-08,1.567E-02
7.622020E-08,1.515E-02
7.627020E-08,1.515E-02
7.632020E-08,1.515E-02
7.637020E-08,1.515E-02
7.642020E-08,1.515E-02
7.647020E-08,1.567E-02
7.652020E-08,1.619E-02
7.657020E-08,1.672E-02
7.662020E-08,1.619E-02
7.667020E-08,1.724E-02
7.672020E-08,1.828E-02
7.677020E-08,1.880E-02
7.682020E-08,1.985E-02
7.687020E-08,2.089E-02
7.692020E-08,2.193E-02
7.697020E-08,2.193E-02
7.702020E-08,2.298E-02
7.707020E-08,2.350E-02
7.712020E-08,2.506E-02
7.717020E-08,2.506E-02
7.722020E-08,2.611E-02
7.727020E-08,2.611E-02
7.732020E-08,2.611E-02
7.737020E-08,2.715E-02
7.742020E-08,2.663E-02
7.747020E-08,2.663E-02
7.752020E-08,2.663E-02
7.757020E-08,2.663E-02
7.762020E-08,2.663E-02
7.767020E-08,2.611E-02
7.772020E-08,2.663E-02
7.777020E-08,2.611E-02
7.782020E-08,2.611E-02
7.787020E-08,2.611E-02
7.792020E-08,2.558E-02
7.797020E-08,2.558E-02
7.802020E-08,2.558E-02
7.807020E-08,2.506E-02
7.812020E-08,2.558E-02
7.817020E-08,2.611E-02
7.822020E-08,2.611E-02
7.827020E-08,2.715E-02
7.832020E-08,2.715E-02
7.837020E-08,2.767E-02
7.842020E-08,2.819E-02
7.847020E-08,2.924E-02
7.852020E-08,3.028E-02
7.857020E-08,3.132E-02
7.862020E-08,3.237E-02
7.867020E-08,3.289E-02
7.872020E-08,3.445E-02
7.877020E-08,3.550E-02
7.882020E-08,3.654E-02
7.887020E-08,3.706E-02
7.892020E-08,3.810E-02
7.897020E-08,3.810E-02
7.902020E-08,3.915E-02
7.907020E-08,3.915E-02
7.912020E-08,3.967E-02
7.917020E-08,3.967E-02
7.922020E-08,3.967E-02
7.927020E-08,3.967E-02
7.932020E-08,3.915E-02
7.937020E-08,3.863E-02
7.942020E-08,3.810E-02
7.947020E-08,3.758E-02
7.952020E-08,3.654E-02
7.957020E-08,3.550E-02
7.962020E-08,3.497E-02
7.967020E-08,3.445E-02
7.972020E-08,3.289E-02
7.977020E-08,3.132E-02
7.982020E-08,2.976E-02
7.987020E-08,2.924E-02
7.992020E-08,2.819E-02
7.997020E-08,2.715E-02
8.002020E-08,2.663E-02
8.007020E-08,2.506E-02
8.012020E-08,2.454E-02
8.017020E-08,2.350E-02
8.022020E-08,2.298E-02
8.027020E-08,2.193E-02
8.032020E-08,2.245E-02
8.037020E-08,2.193E-02
8.042020E-08,2.193E-02
8.047020E-08,2.193E-02
8.052020E-08,2.245E-02
8.057020E-08,2.350E-02
8.062020E-08,2.402E-02
8.067020E-08,2.506E-02
8.072020E-08,2.558E-02
8.077020E-08,2.663E-02
8.082020E-08,2.715E-02
8.087020E-08,2.871E-02
8.092020E-08,3.028E-02
8.097020E-08,3.184E-02
8.102020E-08,3.393E-02
8.107020E-08,3.445E-02
8.112020E-08,3.654E-02
8.117020E-08,3.810E-02
8.122020E-08,3.915E-02
8.127020E-08,4.071E-02
8.132020E-08,4.228E-02
8.137020E-08,4.384E-02
8.142020E-08,4.436E-02
8.147020E-08,4.593E-02
8.152020E-08,4.697E-02
8.157020E-08,4.802E-02
8.162020E-08,4.854E-02
8.167020E-08,4.958E-02
