-2.247995E-08,-1.4943006E-01
-2.242995E-08,-1.4943006E-01
-2.237995E-08,-1.4948277E-01
-2.232995E-08,-1.4948277E-01
-2.227995E-08,-1.4953548E-01
-2.222995E-08,-1.4953548E-01
-2.217995E-08,-1.4953548E-01
-2.212995E-08,-1.4958819E-01
-2.207995E-08,-1.4958819E-01
-2.202995E-08,-1.4958819E-01
-2.197995E-08,-1.4958819E-01
-2.192995E-08,-1.4958819E-01
-2.187995E-08,-1.4958819E-01
-2.182995E-08,-1.4958819E-01
-2.177995E-08,-1.4958819E-01
-2.172995E-08,-1.4958819E-01
-2.167995E-08,-1.4953548E-01
-2.162995E-08,-1.4953548E-01
-2.157995E-08,-1.4953548E-01
-2.152995E-08,-1.4948277E-01
-2.147995E-08,-1.4948277E-01
-2.142995E-08,-1.4948277E-01
-2.137995E-08,-1.4943006E-01
-2.132995E-08,-1.4943006E-01
-2.127995E-08,-1.4943006E-01
-2.122995E-08,-1.4943006E-01
-2.117995E-08,-1.4943006E-01
-2.112995E-08,-1.4943006E-01
-2.107995E-08,-1.4943006E-01
-2.102995E-08,-1.4943006E-01
-2.097995E-08,-1.4948277E-01
-2.092995E-08,-1.4948277E-01
-2.087995E-08,-1.4953548E-01
-2.082995E-08,-1.4958819E-01
-2.077995E-08,-1.4964090E-01
-2.072995E-08,-1.4969361E-01
-2.067995E-08,-1.4974632E-01
-2.062995E-08,-1.4979903E-01
-2.057995E-08,-1.4985173E-01
-2.052995E-08,-1.4990444E-01
-2.047995E-08,-1.5000986E-01
-2.042995E-08,-1.5006257E-01
-2.037995E-08,-1.5011528E-01
-2.032995E-08,-1.5016799E-01
-2.027995E-08,-1.5022070E-01
-2.022995E-08,-1.5027341E-01
-2.017995E-08,-1.5032612E-01
-2.012995E-08,-1.5037883E-01
-2.007995E-08,-1.5037883E-01
-2.002995E-08,-1.5043153E-01
-1.997995E-08,-1.5043153E-01
-1.992995E-08,-1.5043153E-01
-1.987995E-08,-1.5043153E-01
-1.982995E-08,-1.5037883E-01
-1.977995E-08,-1.5037883E-01
-1.972995E-08,-1.5032612E-01
-1.967995E-08,-1.5027341E-01
-1.962995E-08,-1.5022070E-01
-1.957995E-08,-1.5016799E-01
-1.952995E-08,-1.5011528E-01
-1.947995E-08,-1.5006257E-01
-1.942995E-08,-1.5000986E-01
-1.937995E-08,-1.4990444E-01
-1.932995E-08,-1.4985173E-01
-1.927995E-08,-1.4979903E-01
-1.922995E-08,-1.4969361E-01
-1.917995E-08,-1.4964090E-01
-1.912995E-08,-1.4958819E-01
-1.907995E-08,-1.4953548E-01
-1.902995E-08,-1.4948277E-01
-1.897995E-08,-1.4943006E-01
-1.892995E-08,-1.4943006E-01
-1.887995E-08,-1.4937735E-01
-1.882995E-08,-1.4937735E-01
-1.877995E-08,-1.4937735E-01
-1.872995E-08,-1.4937735E-01
-1.867995E-08,-1.4937735E-01
-1.862995E-08,-1.4943006E-01
-1.857995E-08,-1.4943006E-01
-1.852995E-08,-1.4948277E-01
-1.847995E-08,-1.4953548E-01
-1.842995E-08,-1.4958819E-01
-1.837995E-08,-1.4964090E-01
-1.832995E-08,-1.4969361E-01
-1.827995E-08,-1.4974632E-01
-1.822995E-08,-1.4979903E-01
-1.817995E-08,-1.4985173E-01
-1.812995E-08,-1.4990444E-01
-1.807995E-08,-1.4995715E-01
-1.802995E-08,-1.5000986E-01
-1.797995E-08,-1.5006257E-01
-1.792995E-08,-1.5006257E-01
-1.787995E-08,-1.5011528E-01
-1.782995E-08,-1.5011528E-01
-1.777995E-08,-1.5011528E-01
-1.772995E-08,-1.5011528E-01
-1.767995E-08,-1.5011528E-01
-1.762995E-08,-1.5006257E-01
-1.757995E-08,-1.5006257E-01
-1.752995E-08,-1.5000986E-01
-1.747995E-08,-1.4995715E-01
-1.742995E-08,-1.4990444E-01
-1.737995E-08,-1.4985173E-01
-1.732995E-08,-1.4979903E-01
-1.727995E-08,-1.4974632E-01
-1.722995E-08,-1.4964090E-01
-1.717995E-08,-1.4958819E-01
-1.712995E-08,-1.4953548E-01
-1.707995E-08,-1.4943006E-01
-1.702995E-08,-1.4937735E-01
-1.697995E-08,-1.4932464E-01
-1.692995E-08,-1.4927194E-01
-1.687995E-08,-1.4921923E-01
-1.682995E-08,-1.4916652E-01
-1.677995E-08,-1.4916652E-01
-1.672995E-08,-1.4911381E-01
-1.667995E-08,-1.4911381E-01
-1.662995E-08,-1.4911381E-01
-1.657995E-08,-1.4911381E-01
-1.652995E-08,-1.4911381E-01
-1.647995E-08,-1.4911381E-01
-1.642995E-08,-1.4916652E-01
-1.637995E-08,-1.4916652E-01
-1.632995E-08,-1.4921923E-01
-1.627995E-08,-1.4927194E-01
-1.622995E-08,-1.4932464E-01
-1.617995E-08,-1.4937735E-01
-1.612995E-08,-1.4948277E-01
-1.607995E-08,-1.4953548E-01
-1.602995E-08,-1.4958819E-01
-1.597995E-08,-1.4964090E-01
-1.592995E-08,-1.4969361E-01
-1.587995E-08,-1.4974632E-01
-1.582995E-08,-1.4979903E-01
-1.577995E-08,-1.4985173E-01
-1.572995E-08,-1.4990444E-01
-1.567995E-08,-1.4995715E-01
-1.562995E-08,-1.5000986E-01
-1.557995E-08,-1.5000986E-01
-1.552995E-08,-1.5006257E-01
-1.547995E-08,-1.5006257E-01
-1.542995E-08,-1.5006257E-01
-1.537995E-08,-1.5006257E-01
-1.532995E-08,-1.5006257E-01
-1.527995E-08,-1.5006257E-01
-1.522995E-08,-1.5006257E-01
-1.517995E-08,-1.5006257E-01
-1.512995E-08,-1.5000986E-01
-1.507995E-08,-1.5000986E-01
-1.502995E-08,-1.5000986E-01
-1.497995E-08,-1.4995715E-01
-1.492995E-08,-1.4995715E-01
-1.487995E-08,-1.4995715E-01
-1.482995E-08,-1.4990444E-01
-1.477995E-08,-1.4990444E-01
-1.472995E-08,-1.4990444E-01
-1.467995E-08,-1.4985173E-01
-1.462995E-08,-1.4985173E-01
-1.457995E-08,-1.4985173E-01
-1.452995E-08,-1.4985173E-01
-1.447995E-08,-1.4985173E-01
-1.442995E-08,-1.4985173E-01
-1.437995E-08,-1.4985173E-01
-1.432995E-08,-1.4985173E-01
-1.427995E-08,-1.4985173E-01
-1.422995E-08,-1.4985173E-01
-1.417995E-08,-1.4990444E-01
-1.412995E-08,-1.4990444E-01
-1.407995E-08,-1.4990444E-01
-1.402995E-08,-1.4995715E-01
-1.397995E-08,-1.4995715E-01
-1.392995E-08,-1.4995715E-01
-1.387995E-08,-1.4995715E-01
-1.382995E-08,-1.5000986E-01
-1.377995E-08,-1.5000986E-01
-1.372995E-08,-1.5000986E-01
-1.367995E-08,-1.5000986E-01
-1.362995E-08,-1.5000986E-01
-1.357995E-08,-1.4995715E-01
-1.352995E-08,-1.4995715E-01
-1.347995E-08,-1.4995715E-01
-1.342995E-08,-1.4990444E-01
-1.337995E-08,-1.4990444E-01
-1.332995E-08,-1.4985173E-01
-1.327995E-08,-1.4985173E-01
-1.322995E-08,-1.4979903E-01
-1.317995E-08,-1.4974632E-01
-1.312995E-08,-1.4969361E-01
-1.307995E-08,-1.4964090E-01
-1.302995E-08,-1.4964090E-01
-1.297995E-08,-1.4958819E-01
-1.292995E-08,-1.4953548E-01
-1.287995E-08,-1.4948277E-01
-1.282995E-08,-1.4943006E-01
-1.277995E-08,-1.4937735E-01
-1.272995E-08,-1.4937735E-01
-1.267995E-08,-1.4932464E-01
-1.262995E-08,-1.4927194E-01
-1.257995E-08,-1.4927194E-01
-1.252995E-08,-1.4921923E-01
-1.247995E-08,-1.4921923E-01
-1.242995E-08,-1.4921923E-01
-1.237995E-08,-1.4921923E-01
-1.232995E-08,-1.4916652E-01
-1.227995E-08,-1.4916652E-01
-1.222995E-08,-1.4921923E-01
-1.217995E-08,-1.4921923E-01
-1.212995E-08,-1.4921923E-01
-1.207995E-08,-1.4921923E-01
-1.202995E-08,-1.4921923E-01
-1.197995E-08,-1.4927194E-01
-1.192995E-08,-1.4927194E-01
-1.187995E-08,-1.4932464E-01
-1.182995E-08,-1.4932464E-01
-1.177995E-08,-1.4937735E-01
-1.172995E-08,-1.4937735E-01
-1.167995E-08,-1.4943006E-01
-1.162995E-08,-1.4943006E-01
-1.157995E-08,-1.4943006E-01
-1.152995E-08,-1.4948277E-01
-1.147995E-08,-1.4948277E-01
-1.142995E-08,-1.4948277E-01
-1.137995E-08,-1.4953548E-01
-1.132995E-08,-1.4953548E-01
-1.127995E-08,-1.4953548E-01
-1.122995E-08,-1.4953548E-01
-1.117995E-08,-1.4953548E-01
-1.112995E-08,-1.4953548E-01
-1.107995E-08,-1.4953548E-01
-1.102995E-08,-1.4948277E-01
-1.097995E-08,-1.4948277E-01
-1.092995E-08,-1.4948277E-01
-1.087995E-08,-1.4943006E-01
-1.082995E-08,-1.4943006E-01
-1.077995E-08,-1.4943006E-01
-1.072995E-08,-1.4937735E-01
-1.067995E-08,-1.4937735E-01
-1.062995E-08,-1.4932464E-01
-1.057995E-08,-1.4932464E-01
-1.052995E-08,-1.4927194E-01
-1.047995E-08,-1.4927194E-01
-1.042995E-08,-1.4927194E-01
-1.037995E-08,-1.4921923E-01
-1.032995E-08,-1.4921923E-01
-1.027995E-08,-1.4916652E-01
-1.022995E-08,-1.4916652E-01
-1.017995E-08,-1.4911381E-01
-1.012995E-08,-1.4911381E-01
-1.007995E-08,-1.4911381E-01
-1.002995E-08,-1.4906110E-01
-9.97995E-09,-1.4906110E-01
-9.92995E-09,-1.4906110E-01
-9.87995E-09,-1.4906110E-01
-9.82995E-09,-1.4906110E-01
-9.77995E-09,-1.4906110E-01
-9.72995E-09,-1.4906110E-01
-9.67995E-09,-1.4900839E-01
-9.62995E-09,-1.4906110E-01
-9.57995E-09,-1.4906110E-01
-9.52995E-09,-1.4906110E-01
-9.47995E-09,-1.4906110E-01
-9.42995E-09,-1.4906110E-01
-9.37995E-09,-1.4906110E-01
-9.32995E-09,-1.4911381E-01
-9.27995E-09,-1.4911381E-01
-9.22995E-09,-1.4911381E-01
-9.17995E-09,-1.4916652E-01
-9.12995E-09,-1.4916652E-01
-9.07995E-09,-1.4921923E-01
-9.02995E-09,-1.4921923E-01
-8.97995E-09,-1.4921923E-01
-8.92995E-09,-1.4927194E-01
-8.87995E-09,-1.4927194E-01
-8.82995E-09,-1.4932464E-01
-8.77995E-09,-1.4932464E-01
-8.72995E-09,-1.4937735E-01
-8.67995E-09,-1.4937735E-01
-8.62995E-09,-1.4943006E-01
-8.57995E-09,-1.4943006E-01
-8.52995E-09,-1.4943006E-01
-8.47995E-09,-1.4948277E-01
-8.42995E-09,-1.4948277E-01
-8.37995E-09,-1.4948277E-01
-8.32995E-09,-1.4953548E-01
-8.27995E-09,-1.4953548E-01
-8.22995E-09,-1.4953548E-01
-8.17995E-09,-1.4953548E-01
-8.12995E-09,-1.4953548E-01
-8.07995E-09,-1.4948277E-01
-8.02995E-09,-1.4948277E-01
-7.97995E-09,-1.4948277E-01
-7.92995E-09,-1.4943006E-01
-7.87995E-09,-1.4943006E-01
-7.82995E-09,-1.4937735E-01
-7.77995E-09,-1.4932464E-01
-7.72995E-09,-1.4932464E-01
-7.67995E-09,-1.4927194E-01
-7.62995E-09,-1.4921923E-01
-7.57995E-09,-1.4916652E-01
-7.52995E-09,-1.4911381E-01
-7.47995E-09,-1.4906110E-01
-7.42995E-09,-1.4900839E-01
-7.37995E-09,-1.4895568E-01
-7.32995E-09,-1.4890297E-01
-7.27995E-09,-1.4885026E-01
-7.22995E-09,-1.4879755E-01
-7.17995E-09,-1.4874485E-01
-7.12995E-09,-1.4874485E-01
-7.07995E-09,-1.4869214E-01
-7.02995E-09,-1.4863943E-01
-6.97995E-09,-1.4863943E-01
-6.92995E-09,-1.4858672E-01
-6.87995E-09,-1.4858672E-01
-6.82995E-09,-1.4858672E-01
-6.77995E-09,-1.4858672E-01
-6.72995E-09,-1.4858672E-01
-6.67995E-09,-1.4858672E-01
-6.62995E-09,-1.4858672E-01
-6.57995E-09,-1.4858672E-01
-6.52995E-09,-1.4863943E-01
-6.47995E-09,-1.4869214E-01
-6.42995E-09,-1.4874485E-01
-6.37995E-09,-1.4879755E-01
-6.32995E-09,-1.4885026E-01
-6.27995E-09,-1.4890297E-01
-6.22995E-09,-1.4895568E-01
-6.17995E-09,-1.4900839E-01
-6.12995E-09,-1.4911381E-01
-6.07995E-09,-1.4916652E-01
-6.02995E-09,-1.4921923E-01
-5.97995E-09,-1.4932464E-01
-5.92995E-09,-1.4937735E-01
-5.87995E-09,-1.4943006E-01
-5.82995E-09,-1.4948277E-01
-5.77995E-09,-1.4958819E-01
-5.72995E-09,-1.4964090E-01
-5.67995E-09,-1.4969361E-01
-5.62995E-09,-1.4974632E-01
-5.57995E-09,-1.4979903E-01
-5.52995E-09,-1.4979903E-01
-5.47995E-09,-1.4985173E-01
-5.42995E-09,-1.4985173E-01
-5.37995E-09,-1.4990444E-01
-5.32995E-09,-1.4990444E-01
-5.27995E-09,-1.4990444E-01
-5.22995E-09,-1.4990444E-01
-5.17995E-09,-1.4990444E-01
-5.12995E-09,-1.4990444E-01
-5.07995E-09,-1.4985173E-01
-5.02995E-09,-1.4985173E-01
-4.97995E-09,-1.4979903E-01
-4.92995E-09,-1.4979903E-01
-4.87995E-09,-1.4974632E-01
-4.82995E-09,-1.4974632E-01
-4.77995E-09,-1.4969361E-01
-4.72995E-09,-1.4964090E-01
-4.67995E-09,-1.4964090E-01
-4.62995E-09,-1.4958819E-01
-4.57995E-09,-1.4953548E-01
-4.52995E-09,-1.4948277E-01
-4.47995E-09,-1.4948277E-01
-4.42995E-09,-1.4943006E-01
-4.37995E-09,-1.4943006E-01
-4.32995E-09,-1.4937735E-01
-4.27995E-09,-1.4937735E-01
-4.22995E-09,-1.4932464E-01
-4.17995E-09,-1.4932464E-01
-4.12995E-09,-1.4932464E-01
-4.07995E-09,-1.4932464E-01
-4.02995E-09,-1.4932464E-01
-3.97995E-09,-1.4932464E-01
-3.92995E-09,-1.4932464E-01
-3.87995E-09,-1.4932464E-01
-3.82995E-09,-1.4937735E-01
-3.77995E-09,-1.4937735E-01
-3.72995E-09,-1.4943006E-01
-3.67995E-09,-1.4943006E-01
-3.62995E-09,-1.4948277E-01
-3.57995E-09,-1.4948277E-01
-3.52995E-09,-1.4953548E-01
-3.47995E-09,-1.4958819E-01
-3.42995E-09,-1.4964090E-01
-3.37995E-09,-1.4964090E-01
-3.32995E-09,-1.4969361E-01
-3.27995E-09,-1.4974632E-01
-3.22995E-09,-1.4979903E-01
-3.17995E-09,-1.4985173E-01
-3.12995E-09,-1.4985173E-01
-3.07995E-09,-1.4990444E-01
-3.02995E-09,-1.4995715E-01
-2.97995E-09,-1.5000986E-01
-2.92995E-09,-1.5000986E-01
-2.87995E-09,-1.5006257E-01
-2.82995E-09,-1.5006257E-01
-2.77995E-09,-1.5011528E-01
-2.72995E-09,-1.5011528E-01
-2.67995E-09,-1.5016799E-01
-2.62995E-09,-1.5016799E-01
-2.57995E-09,-1.5016799E-01
-2.52995E-09,-1.5022070E-01
-2.47995E-09,-1.5022070E-01
-2.42995E-09,-1.5022070E-01
-2.37995E-09,-1.5022070E-01
-2.32995E-09,-1.5022070E-01
-2.27995E-09,-1.5022070E-01
-2.22995E-09,-1.5016799E-01
-2.17995E-09,-1.5016799E-01
-2.12995E-09,-1.5016799E-01
-2.07995E-09,-1.5011528E-01
-2.02995E-09,-1.5011528E-01
-1.97995E-09,-1.5011528E-01
-1.92995E-09,-1.5006257E-01
-1.87995E-09,-1.5006257E-01
-1.82995E-09,-1.5000986E-01
-1.77995E-09,-1.4995715E-01
-1.72995E-09,-1.4995715E-01
-1.67995E-09,-1.4990444E-01
-1.62995E-09,-1.4985173E-01
-1.57995E-09,-1.4979903E-01
-1.52995E-09,-1.4979903E-01
-1.47995E-09,-1.4974632E-01
-1.42995E-09,-1.4969361E-01
-1.37995E-09,-1.4964090E-01
-1.32995E-09,-1.4964090E-01
-1.27995E-09,-1.4958819E-01
-1.22995E-09,-1.4953548E-01
-1.17995E-09,-1.4953548E-01
-1.12995E-09,-1.4948277E-01
-1.07995E-09,-1.4948277E-01
-1.02995E-09,-1.4943006E-01
-9.7995E-10,-1.4943006E-01
-9.2995E-10,-1.4937735E-01
-8.7995E-10,-1.4937735E-01
-8.2995E-10,-1.4932464E-01
-7.7995E-10,-1.4932464E-01
-7.2995E-10,-1.4932464E-01
-6.7995E-10,-1.4932464E-01
-6.2995E-10,-1.4932464E-01
-5.7995E-10,-1.4932464E-01
-5.2995E-10,-1.4932464E-01
-4.7995E-10,-1.4932464E-01
-4.2995E-10,-1.4932464E-01
-3.7995E-10,-1.4932464E-01
-3.2995E-10,-1.4932464E-01
-2.7995E-10,-1.4937735E-01
-2.2995E-10,-1.4937735E-01
-1.7995E-10,-1.4937735E-01
-1.2995E-10,-1.4943006E-01
-7.995E-11,-1.4943006E-01
-2.995E-11,-1.4948277E-01
2.005E-11,-1.4948277E-01
7.005E-11,-1.4953548E-01
1.2005E-10,-1.4953548E-01
1.7005E-10,-1.4953548E-01
2.2005E-10,-1.4958819E-01
2.7005E-10,-1.4958819E-01
3.2005E-10,-1.4958819E-01
3.7005E-10,-1.4964090E-01
4.2005E-10,-1.4964090E-01
4.7005E-10,-1.4964090E-01
5.2005E-10,-1.4964090E-01
5.7005E-10,-1.4969361E-01
6.2005E-10,-1.4969361E-01
6.7005E-10,-1.4969361E-01
7.2005E-10,-1.4969361E-01
7.7005E-10,-1.4969361E-01
8.2005E-10,-1.4969361E-01
8.7005E-10,-1.4969361E-01
9.2005E-10,-1.4964090E-01
9.7005E-10,-1.4964090E-01
1.02005E-09,-1.4964090E-01
1.07005E-09,-1.4964090E-01
1.12005E-09,-1.4958819E-01
1.17005E-09,-1.4958819E-01
1.22005E-09,-1.4958819E-01
1.27005E-09,-1.4953548E-01
1.32005E-09,-1.4953548E-01
1.37005E-09,-1.4953548E-01
1.42005E-09,-1.4948277E-01
1.47005E-09,-1.4948277E-01
1.52005E-09,-1.4943006E-01
1.57005E-09,-1.4943006E-01
1.62005E-09,-1.4943006E-01
1.67005E-09,-1.4937735E-01
1.72005E-09,-1.4937735E-01
1.77005E-09,-1.4937735E-01
1.82005E-09,-1.4932464E-01
1.87005E-09,-1.4932464E-01
1.92005E-09,-1.4932464E-01
1.97005E-09,-1.4932464E-01
2.02005E-09,-1.4932464E-01
2.07005E-09,-1.4932464E-01
2.12005E-09,-1.4932464E-01
2.17005E-09,-1.4932464E-01
2.22005E-09,-1.4932464E-01
2.27005E-09,-1.4932464E-01
2.32005E-09,-1.4932464E-01
2.37005E-09,-1.4932464E-01
2.42005E-09,-1.4932464E-01
2.47005E-09,-1.4932464E-01
2.52005E-09,-1.4937735E-01
2.57005E-09,-1.4937735E-01
2.62005E-09,-1.4937735E-01
2.67005E-09,-1.4937735E-01
2.72005E-09,-1.4937735E-01
2.77005E-09,-1.4943006E-01
2.82005E-09,-1.4943006E-01
2.87005E-09,-1.4943006E-01
2.92005E-09,-1.4943006E-01
2.97005E-09,-1.4948277E-01
3.02005E-09,-1.4948277E-01
3.07005E-09,-1.4948277E-01
3.12005E-09,-1.4948277E-01
3.17005E-09,-1.4953548E-01
3.22005E-09,-1.4953548E-01
3.27005E-09,-1.4953548E-01
3.32005E-09,-1.4958819E-01
3.37005E-09,-1.4958819E-01
3.42005E-09,-1.4958819E-01
3.47005E-09,-1.4964090E-01
3.52005E-09,-1.4964090E-01
3.57005E-09,-1.4964090E-01
3.62005E-09,-1.4969361E-01
3.67005E-09,-1.4969361E-01
3.72005E-09,-1.4969361E-01
3.77005E-09,-1.4974632E-01
3.82005E-09,-1.4974632E-01
3.87005E-09,-1.4979903E-01
3.92005E-09,-1.4979903E-01
3.97005E-09,-1.4979903E-01
4.02005E-09,-1.4985173E-01
4.07005E-09,-1.4985173E-01
4.12005E-09,-1.4990444E-01
4.17005E-09,-1.4990444E-01
4.22005E-09,-1.4995715E-01
4.27005E-09,-1.4995715E-01
4.32005E-09,-1.5000986E-01
4.37005E-09,-1.5000986E-01
4.42005E-09,-1.5006257E-01
4.47005E-09,-1.5006257E-01
4.52005E-09,-1.5006257E-01
4.57005E-09,-1.5011528E-01
4.62005E-09,-1.5011528E-01
4.67005E-09,-1.5016799E-01
4.72005E-09,-1.5016799E-01
4.77005E-09,-1.5016799E-01
4.82005E-09,-1.5022070E-01
4.87005E-09,-1.5022070E-01
4.92005E-09,-1.5022070E-01
4.97005E-09,-1.5022070E-01
5.02005E-09,-1.5022070E-01
5.07005E-09,-1.5022070E-01
5.12005E-09,-1.5022070E-01
5.17005E-09,-1.5027341E-01
5.22005E-09,-1.5027341E-01
5.27005E-09,-1.5027341E-01
5.32005E-09,-1.5027341E-01
5.37005E-09,-1.5022070E-01
5.42005E-09,-1.5022070E-01
5.47005E-09,-1.5022070E-01
5.52005E-09,-1.5022070E-01
5.57005E-09,-1.5022070E-01
5.62005E-09,-1.5022070E-01
5.67005E-09,-1.5016799E-01
5.72005E-09,-1.5016799E-01
5.77005E-09,-1.5016799E-01
5.82005E-09,-1.5016799E-01
5.87005E-09,-1.5011528E-01
5.92005E-09,-1.5011528E-01
5.97005E-09,-1.5011528E-01
6.02005E-09,-1.5006257E-01
6.07005E-09,-1.5006257E-01
6.12005E-09,-1.5006257E-01
6.17005E-09,-1.5000986E-01
6.22005E-09,-1.5000986E-01
6.27005E-09,-1.5000986E-01
6.32005E-09,-1.4995715E-01
6.37005E-09,-1.4995715E-01
6.42005E-09,-1.4990444E-01
6.47005E-09,-1.4990444E-01
6.52005E-09,-1.4985173E-01
6.57005E-09,-1.4985173E-01
6.62005E-09,-1.4985173E-01
6.67005E-09,-1.4979903E-01
6.72005E-09,-1.4974632E-01
6.77005E-09,-1.4974632E-01
6.82005E-09,-1.4969361E-01
6.87005E-09,-1.4969361E-01
6.92005E-09,-1.4964090E-01
6.97005E-09,-1.4958819E-01
7.02005E-09,-1.4958819E-01
7.07005E-09,-1.4953548E-01
7.12005E-09,-1.4948277E-01
7.17005E-09,-1.4948277E-01
7.22005E-09,-1.4943006E-01
7.27005E-09,-1.4937735E-01
7.32005E-09,-1.4937735E-01
7.37005E-09,-1.4932464E-01
7.42005E-09,-1.4927194E-01
7.47005E-09,-1.4927194E-01
7.52005E-09,-1.4921923E-01
7.57005E-09,-1.4921923E-01
7.62005E-09,-1.4916652E-01
7.67005E-09,-1.4916652E-01
7.72005E-09,-1.4911381E-01
7.77005E-09,-1.4911381E-01
7.82005E-09,-1.4906110E-01
7.87005E-09,-1.4906110E-01
7.92005E-09,-1.4900839E-01
7.97005E-09,-1.4900839E-01
8.02005E-09,-1.4900839E-01
8.07005E-09,-1.4900839E-01
8.12005E-09,-1.4895568E-01
8.17005E-09,-1.4895568E-01
8.22005E-09,-1.4895568E-01
8.27005E-09,-1.4895568E-01
8.32005E-09,-1.4890297E-01
8.37005E-09,-1.4890297E-01
8.42005E-09,-1.4890297E-01
8.47005E-09,-1.4890297E-01
8.52005E-09,-1.4890297E-01
8.57005E-09,-1.4885026E-01
8.62005E-09,-1.4885026E-01
8.67005E-09,-1.4885026E-01
8.72005E-09,-1.4885026E-01
8.77005E-09,-1.4885026E-01
8.82005E-09,-1.4885026E-01
8.87005E-09,-1.4885026E-01
8.92005E-09,-1.4885026E-01
8.97005E-09,-1.4885026E-01
9.02005E-09,-1.4879755E-01
9.07005E-09,-1.4879755E-01
9.12005E-09,-1.4879755E-01
9.17005E-09,-1.4879755E-01
9.22005E-09,-1.4885026E-01
9.27005E-09,-1.4885026E-01
9.32005E-09,-1.4885026E-01
9.37005E-09,-1.4885026E-01
9.42005E-09,-1.4885026E-01
9.47005E-09,-1.4885026E-01
9.52005E-09,-1.4890297E-01
9.57005E-09,-1.4890297E-01
9.62005E-09,-1.4890297E-01
9.67005E-09,-1.4895568E-01
9.72005E-09,-1.4895568E-01
9.77005E-09,-1.4900839E-01
9.82005E-09,-1.4906110E-01
9.87005E-09,-1.4906110E-01
9.92005E-09,-1.4911381E-01
9.97005E-09,-1.4916652E-01
1.002005E-08,-1.4916652E-01
1.007005E-08,-1.4921923E-01
1.012005E-08,-1.4927194E-01
1.017005E-08,-1.4932464E-01
1.022005E-08,-1.4937735E-01
1.027005E-08,-1.4937735E-01
1.032005E-08,-1.4943006E-01
1.037005E-08,-1.4948277E-01
1.042005E-08,-1.4953548E-01
1.047005E-08,-1.4958819E-01
1.052005E-08,-1.4958819E-01
1.057005E-08,-1.4964090E-01
1.062005E-08,-1.4969361E-01
1.067005E-08,-1.4969361E-01
1.072005E-08,-1.4974632E-01
1.077005E-08,-1.4974632E-01
1.082005E-08,-1.4974632E-01
1.087005E-08,-1.4979903E-01
1.092005E-08,-1.4979903E-01
1.097005E-08,-1.4979903E-01
1.102005E-08,-1.4979903E-01
1.107005E-08,-1.4979903E-01
1.112005E-08,-1.4979903E-01
1.117005E-08,-1.4974632E-01
1.122005E-08,-1.4974632E-01
1.127005E-08,-1.4974632E-01
1.132005E-08,-1.4974632E-01
1.137005E-08,-1.4974632E-01
1.142005E-08,-1.4974632E-01
1.147005E-08,-1.4974632E-01
1.152005E-08,-1.4974632E-01
1.157005E-08,-1.4974632E-01
1.162005E-08,-1.4979903E-01
1.167005E-08,-1.4979903E-01
1.172005E-08,-1.4985173E-01
1.177005E-08,-1.4985173E-01
1.182005E-08,-1.4985173E-01
1.187005E-08,-1.4985173E-01
1.192005E-08,-1.4985173E-01
1.197005E-08,-1.4985173E-01
1.202005E-08,-1.4985173E-01
1.207005E-08,-1.4979903E-01
1.212005E-08,-1.4979903E-01
1.217005E-08,-1.4974632E-01
1.222005E-08,-1.4969361E-01
1.227005E-08,-1.4964090E-01
1.232005E-08,-1.4958819E-01
1.237005E-08,-1.4948277E-01
1.242005E-08,-1.4943006E-01
1.247005E-08,-1.4932464E-01
1.252005E-08,-1.4921923E-01
1.257005E-08,-1.4916652E-01
1.262005E-08,-1.4906110E-01
1.267005E-08,-1.4895568E-01
1.272005E-08,-1.4885026E-01
1.277005E-08,-1.4879755E-01
1.282005E-08,-1.4869214E-01
1.287005E-08,-1.4863943E-01
1.292005E-08,-1.4858672E-01
1.297005E-08,-1.4853401E-01
1.302005E-08,-1.4848130E-01
1.307005E-08,-1.4842859E-01
1.312005E-08,-1.4842859E-01
1.317005E-08,-1.4842859E-01
1.322005E-08,-1.4842859E-01
1.327005E-08,-1.4848130E-01
1.332005E-08,-1.4848130E-01
1.337005E-08,-1.4853401E-01
1.342005E-08,-1.4858672E-01
1.347005E-08,-1.4863943E-01
1.352005E-08,-1.4874485E-01
1.357005E-08,-1.4879755E-01
1.362005E-08,-1.4890297E-01
1.367005E-08,-1.4900839E-01
1.372005E-08,-1.4906110E-01
1.377005E-08,-1.4916652E-01
1.382005E-08,-1.4927194E-01
1.387005E-08,-1.4932464E-01
1.392005E-08,-1.4937735E-01
1.397005E-08,-1.4948277E-01
1.402005E-08,-1.4953548E-01
1.407005E-08,-1.4953548E-01
1.412005E-08,-1.4958819E-01
1.417005E-08,-1.4958819E-01
1.422005E-08,-1.4964090E-01
1.427005E-08,-1.4964090E-01
1.432005E-08,-1.4958819E-01
1.437005E-08,-1.4958819E-01
1.442005E-08,-1.4953548E-01
1.447005E-08,-1.4953548E-01
1.452005E-08,-1.4948277E-01
1.457005E-08,-1.4943006E-01
1.462005E-08,-1.4937735E-01
1.467005E-08,-1.4932464E-01
1.472005E-08,-1.4927194E-01
1.477005E-08,-1.4921923E-01
1.482005E-08,-1.4921923E-01
1.487005E-08,-1.4916652E-01
1.492005E-08,-1.4916652E-01
1.497005E-08,-1.4911381E-01
1.502005E-08,-1.4911381E-01
1.507005E-08,-1.4916652E-01
1.512005E-08,-1.4916652E-01
1.517005E-08,-1.4921923E-01
1.522005E-08,-1.4927194E-01
1.527005E-08,-1.4932464E-01
1.532005E-08,-1.4937735E-01
1.537005E-08,-1.4948277E-01
1.542005E-08,-1.4953548E-01
1.547005E-08,-1.4964090E-01
1.552005E-08,-1.4974632E-01
1.557005E-08,-1.4979903E-01
1.562005E-08,-1.4990444E-01
1.567005E-08,-1.5000986E-01
1.572005E-08,-1.5006257E-01
1.577005E-08,-1.5016799E-01
1.582005E-08,-1.5022070E-01
1.587005E-08,-1.5022070E-01
1.592005E-08,-1.5027341E-01
1.597005E-08,-1.5027341E-01
1.602005E-08,-1.5027341E-01
1.607005E-08,-1.5027341E-01
1.612005E-08,-1.5022070E-01
1.617005E-08,-1.5016799E-01
1.622005E-08,-1.5006257E-01
1.627005E-08,-1.5000986E-01
1.632005E-08,-1.4990444E-01
1.637005E-08,-1.4974632E-01
1.642005E-08,-1.4964090E-01
1.647005E-08,-1.4948277E-01
1.652005E-08,-1.4937735E-01
1.657005E-08,-1.4921923E-01
1.662005E-08,-1.4906110E-01
1.667005E-08,-1.4895568E-01
1.672005E-08,-1.4879755E-01
1.677005E-08,-1.4869214E-01
1.682005E-08,-1.4858672E-01
1.687005E-08,-1.4853401E-01
1.692005E-08,-1.4848130E-01
1.697005E-08,-1.4842859E-01
1.702005E-08,-1.4842859E-01
1.707005E-08,-1.4842859E-01
1.712005E-08,-1.4842859E-01
1.717005E-08,-1.4848130E-01
1.722005E-08,-1.4858672E-01
1.727005E-08,-1.4869214E-01
1.732005E-08,-1.4879755E-01
1.737005E-08,-1.4895568E-01
1.742005E-08,-1.4911381E-01
1.747005E-08,-1.4927194E-01
1.752005E-08,-1.4943006E-01
1.757005E-08,-1.4958819E-01
1.762005E-08,-1.4979903E-01
1.767005E-08,-1.4995715E-01
1.772005E-08,-1.5011528E-01
1.777005E-08,-1.5027341E-01
1.782005E-08,-1.5037883E-01
1.787005E-08,-1.5048424E-01
1.792005E-08,-1.5058966E-01
1.797005E-08,-1.5064237E-01
1.802005E-08,-1.5064237E-01
1.807005E-08,-1.5064237E-01
1.812005E-08,-1.5064237E-01
1.817005E-08,-1.5053695E-01
1.822005E-08,-1.5043153E-01
1.827005E-08,-1.5032612E-01
1.832005E-08,-1.5016799E-01
1.837005E-08,-1.5000986E-01
1.842005E-08,-1.4979903E-01
1.847005E-08,-1.4958819E-01
1.852005E-08,-1.4932464E-01
1.857005E-08,-1.4911381E-01
1.862005E-08,-1.4885026E-01
1.867005E-08,-1.4858672E-01
1.872005E-08,-1.4837588E-01
1.877005E-08,-1.4816505E-01
1.882005E-08,-1.4795421E-01
1.887005E-08,-1.4774337E-01
1.892005E-08,-1.4763796E-01
1.897005E-08,-1.4747983E-01
1.902005E-08,-1.4737441E-01
1.907005E-08,-1.4732170E-01
1.912005E-08,-1.4732170E-01
1.917005E-08,-1.4732170E-01
1.922005E-08,-1.4737441E-01
1.927005E-08,-1.4747983E-01
1.932005E-08,-1.4758525E-01
1.937005E-08,-1.4774337E-01
1.942005E-08,-1.4790150E-01
1.947005E-08,-1.4811234E-01
1.952005E-08,-1.4832317E-01
1.957005E-08,-1.4853401E-01
1.962005E-08,-1.4874485E-01
1.967005E-08,-1.4895568E-01
1.972005E-08,-1.4921923E-01
1.977005E-08,-1.4943006E-01
1.982005E-08,-1.4958819E-01
1.987005E-08,-1.4974632E-01
1.992005E-08,-1.4990444E-01
1.997005E-08,-1.5000986E-01
2.002005E-08,-1.5011528E-01
2.007005E-08,-1.5016799E-01
2.012005E-08,-1.5016799E-01
2.017005E-08,-1.5011528E-01
2.022005E-08,-1.5006257E-01
2.027005E-08,-1.4995715E-01
2.032005E-08,-1.4979903E-01
2.037005E-08,-1.4964090E-01
2.042005E-08,-1.4943006E-01
2.047005E-08,-1.4921923E-01
2.052005E-08,-1.4900839E-01
2.057005E-08,-1.4874485E-01
2.062005E-08,-1.4853401E-01
2.067005E-08,-1.4827046E-01
2.072005E-08,-1.4805963E-01
2.077005E-08,-1.4779608E-01
2.082005E-08,-1.4763796E-01
2.087005E-08,-1.4747983E-01
2.092005E-08,-1.4732170E-01
2.097005E-08,-1.4721628E-01
2.102005E-08,-1.4716358E-01
2.107005E-08,-1.4716358E-01
2.112005E-08,-1.4716358E-01
2.117005E-08,-1.4726899E-01
2.122005E-08,-1.4737441E-01
2.127005E-08,-1.4753254E-01
2.132005E-08,-1.4774337E-01
2.137005E-08,-1.4795421E-01
2.142005E-08,-1.4821776E-01
2.147005E-08,-1.4848130E-01
2.152005E-08,-1.4879755E-01
2.157005E-08,-1.4911381E-01
2.162005E-08,-1.4943006E-01
2.167005E-08,-1.4974632E-01
2.172005E-08,-1.5006257E-01
2.177005E-08,-1.5032612E-01
2.182005E-08,-1.5058966E-01
2.187005E-08,-1.5080050E-01
2.192005E-08,-1.5101133E-01
2.197005E-08,-1.5111675E-01
2.202005E-08,-1.5122217E-01
2.207005E-08,-1.5127488E-01
2.212005E-08,-1.5127488E-01
2.217005E-08,-1.5122217E-01
2.222005E-08,-1.5106404E-01
2.227005E-08,-1.5090592E-01
2.232005E-08,-1.5074779E-01
2.237005E-08,-1.5048424E-01
2.242005E-08,-1.5022070E-01
2.247005E-08,-1.4990444E-01
2.252005E-08,-1.4958819E-01
2.257005E-08,-1.4921923E-01
2.262005E-08,-1.4890297E-01
2.267005E-08,-1.4858672E-01
2.272005E-08,-1.4827046E-01
2.277005E-08,-1.4795421E-01
2.282005E-08,-1.4769067E-01
2.287005E-08,-1.4747983E-01
2.292005E-08,-1.4732170E-01
2.297005E-08,-1.4721628E-01
2.302005E-08,-1.4711087E-01
2.307005E-08,-1.4711087E-01
2.312005E-08,-1.4716358E-01
2.317005E-08,-1.4726899E-01
2.322005E-08,-1.4742712E-01
2.327005E-08,-1.4769067E-01
2.332005E-08,-1.4795421E-01
2.337005E-08,-1.4827046E-01
2.342005E-08,-1.4858672E-01
2.347005E-08,-1.4900839E-01
2.352005E-08,-1.4937735E-01
2.357005E-08,-1.4979903E-01
2.362005E-08,-1.5016799E-01
2.367005E-08,-1.5058966E-01
2.372005E-08,-1.5095862E-01
2.377005E-08,-1.5127488E-01
2.382005E-08,-1.5153842E-01
2.387005E-08,-1.5180197E-01
2.392005E-08,-1.5196010E-01
2.397005E-08,-1.5206551E-01
2.402005E-08,-1.5211822E-01
2.407005E-08,-1.5206551E-01
2.412005E-08,-1.5196010E-01
2.417005E-08,-1.5180197E-01
2.422005E-08,-1.5159113E-01
2.427005E-08,-1.5127488E-01
2.432005E-08,-1.5090592E-01
2.437005E-08,-1.5048424E-01
2.442005E-08,-1.5006257E-01
2.447005E-08,-1.4958819E-01
2.452005E-08,-1.4911381E-01
2.457005E-08,-1.4863943E-01
2.462005E-08,-1.4811234E-01
2.467005E-08,-1.4769067E-01
2.472005E-08,-1.4726899E-01
2.477005E-08,-1.4690003E-01
2.482005E-08,-1.4658378E-01
2.487005E-08,-1.4632023E-01
2.492005E-08,-1.4616210E-01
2.497005E-08,-1.4610939E-01
2.502005E-08,-1.4610939E-01
2.507005E-08,-1.4621481E-01
2.512005E-08,-1.4637294E-01
2.517005E-08,-1.4668919E-01
2.522005E-08,-1.4705816E-01
2.527005E-08,-1.4747983E-01
2.532005E-08,-1.4800692E-01
2.537005E-08,-1.4853401E-01
2.542005E-08,-1.4916652E-01
2.547005E-08,-1.4979903E-01
2.552005E-08,-1.5043153E-01
2.557005E-08,-1.5111675E-01
2.562005E-08,-1.5174926E-01
2.567005E-08,-1.5232906E-01
2.572005E-08,-1.5290886E-01
2.577005E-08,-1.5338324E-01
2.582005E-08,-1.5380491E-01
2.587005E-08,-1.5412117E-01
2.592005E-08,-1.5433200E-01
2.597005E-08,-1.5443742E-01
2.602005E-08,-1.5438471E-01
2.607005E-08,-1.5427929E-01
2.612005E-08,-1.5401575E-01
2.617005E-08,-1.5364678E-01
2.622005E-08,-1.5317240E-01
2.627005E-08,-1.5259260E-01
2.632005E-08,-1.5196010E-01
2.637005E-08,-1.5122217E-01
2.642005E-08,-1.5043153E-01
2.647005E-08,-1.4958819E-01
2.652005E-08,-1.4874485E-01
2.657005E-08,-1.4790150E-01
2.662005E-08,-1.4705816E-01
2.667005E-08,-1.4632023E-01
2.672005E-08,-1.4558230E-01
2.677005E-08,-1.4494980E-01
2.682005E-08,-1.4442271E-01
2.687005E-08,-1.4405374E-01
2.692005E-08,-1.4373749E-01
2.697005E-08,-1.4363207E-01
2.702005E-08,-1.4363207E-01
2.707005E-08,-1.4379020E-01
2.712005E-08,-1.4410645E-01
2.717005E-08,-1.4458083E-01
2.722005E-08,-1.4516063E-01
2.727005E-08,-1.4589856E-01
2.732005E-08,-1.4674190E-01
2.737005E-08,-1.4763796E-01
2.742005E-08,-1.4863943E-01
2.747005E-08,-1.4969361E-01
2.752005E-08,-1.5074779E-01
2.757005E-08,-1.5180197E-01
2.762005E-08,-1.5280344E-01
2.767005E-08,-1.5375220E-01
2.772005E-08,-1.5459555E-01
2.777005E-08,-1.5533347E-01
2.782005E-08,-1.5596598E-01
2.787005E-08,-1.5638765E-01
2.792005E-08,-1.5665120E-01
2.797005E-08,-1.5675662E-01
2.802005E-08,-1.5665120E-01
2.807005E-08,-1.5628223E-01
2.812005E-08,-1.5580785E-01
2.817005E-08,-1.5506993E-01
2.822005E-08,-1.5417387E-01
2.827005E-08,-1.5311969E-01
2.832005E-08,-1.5190739E-01
2.837005E-08,-1.5058966E-01
2.842005E-08,-1.4921923E-01
2.847005E-08,-1.4774337E-01
2.852005E-08,-1.4626752E-01
2.857005E-08,-1.4484438E-01
2.862005E-08,-1.4342124E-01
2.867005E-08,-1.4215622E-01
2.872005E-08,-1.4099662E-01
2.877005E-08,-1.4004786E-01
2.882005E-08,-1.3925722E-01
2.887005E-08,-1.3873013E-01
2.892005E-08,-1.3851930E-01
2.897005E-08,-1.3851930E-01
2.902005E-08,-1.3883555E-01
2.907005E-08,-1.3946806E-01
2.912005E-08,-1.4041682E-01
2.917005E-08,-1.4162913E-01
2.922005E-08,-1.4310498E-01
2.927005E-08,-1.4489709E-01
2.932005E-08,-1.4684732E-01
2.937005E-08,-1.4906110E-01
2.942005E-08,-1.5132759E-01
2.947005E-08,-1.5375220E-01
2.952005E-08,-1.5617682E-01
2.957005E-08,-1.5854872E-01
2.962005E-08,-1.6081521E-01
2.967005E-08,-1.6297628E-01
2.972005E-08,-1.6487380E-01
2.977005E-08,-1.6645507E-01
2.982005E-08,-1.6766738E-01
2.987005E-08,-1.6851073E-01
2.992005E-08,-1.6882698E-01
2.997005E-08,-1.6861614E-01
3.002005E-08,-1.6782551E-01
3.007005E-08,-1.6645507E-01
3.012005E-08,-1.6445213E-01
3.017005E-08,-1.6176397E-01
3.022005E-08,-1.5839060E-01
3.027005E-08,-1.5443742E-01
3.032005E-08,-1.4979903E-01
3.037005E-08,-1.4458083E-01
3.042005E-08,-1.3883555E-01
3.047005E-08,-1.3256318E-01
3.052005E-08,-1.2581642E-01
3.057005E-08,-1.1870071E-01
3.062005E-08,-1.1132145E-01
3.067005E-08,-1.0373135E-01
3.072005E-08,-9.603583E-02
3.077005E-08,-8.828761E-02
3.082005E-08,-8.064480E-02
3.087005E-08,-7.321283E-02
3.092005E-08,-6.604440E-02
3.097005E-08,-5.924494E-02
3.102005E-08,-5.297257E-02
3.107005E-08,-4.727999E-02
3.112005E-08,-4.221993E-02
3.117005E-08,-3.789779E-02
3.122005E-08,-3.431358E-02
3.127005E-08,-3.162542E-02
3.132005E-08,-2.983331E-02
3.137005E-08,-2.893726E-02
3.142005E-08,-2.893726E-02
3.147005E-08,-2.993873E-02
3.152005E-08,-3.178354E-02
3.157005E-08,-3.457712E-02
3.162005E-08,-3.816133E-02
3.167005E-08,-4.258889E-02
3.172005E-08,-4.775437E-02
3.177005E-08,-5.360508E-02
3.182005E-08,-6.003558E-02
3.187005E-08,-6.694046E-02
3.192005E-08,-7.426701E-02
3.197005E-08,-8.190982E-02
3.202005E-08,-8.976346E-02
3.207005E-08,-9.766981E-02
3.212005E-08,-1.0562887E-01
3.217005E-08,-1.1353522E-01
3.222005E-08,-1.2117803E-01
3.227005E-08,-1.2861000E-01
3.232005E-08,-1.3567301E-01
3.237005E-08,-1.4231435E-01
3.242005E-08,-1.4842859E-01
3.247005E-08,-1.5406846E-01
3.252005E-08,-1.5907581E-01
3.257005E-08,-1.6345066E-01
3.262005E-08,-1.6724571E-01
3.267005E-08,-1.7035554E-01
3.272005E-08,-1.7283286E-01
3.277005E-08,-1.7467768E-01
3.282005E-08,-1.7594270E-01
3.287005E-08,-1.7662791E-01
3.292005E-08,-1.7673333E-01
3.297005E-08,-1.7641708E-01
3.302005E-08,-1.7562644E-01
3.307005E-08,-1.7451955E-01
3.312005E-08,-1.7304370E-01
3.317005E-08,-1.7135701E-01
3.322005E-08,-1.6945949E-01
3.327005E-08,-1.6750925E-01
3.332005E-08,-1.6545360E-01
3.337005E-08,-1.6339795E-01
3.342005E-08,-1.6144772E-01
3.347005E-08,-1.5960290E-01
3.352005E-08,-1.5786350E-01
3.357005E-08,-1.5638765E-01
3.362005E-08,-1.5506993E-01
3.367005E-08,-1.5401575E-01
3.372005E-08,-1.5322511E-01
3.377005E-08,-1.5269802E-01
3.382005E-08,-1.5243448E-01
3.387005E-08,-1.5243448E-01
3.392005E-08,-1.5264531E-01
3.397005E-08,-1.5311969E-01
3.402005E-08,-1.5380491E-01
3.407005E-08,-1.5459555E-01
3.412005E-08,-1.5554431E-01
3.417005E-08,-1.5659849E-01
3.422005E-08,-1.5770538E-01
3.427005E-08,-1.5886498E-01
3.432005E-08,-1.5997187E-01
3.437005E-08,-1.6102605E-01
3.442005E-08,-1.6202752E-01
3.447005E-08,-1.6287086E-01
3.452005E-08,-1.6360879E-01
3.457005E-08,-1.6413588E-01
3.462005E-08,-1.6445213E-01
3.467005E-08,-1.6461026E-01
3.472005E-08,-1.6455755E-01
3.477005E-08,-1.6429400E-01
3.482005E-08,-1.6376691E-01
3.487005E-08,-1.6308170E-01
3.492005E-08,-1.6218564E-01
3.497005E-08,-1.6113146E-01
3.502005E-08,-1.5986645E-01
3.507005E-08,-1.5849601E-01
3.512005E-08,-1.5707287E-01
3.517005E-08,-1.5549160E-01
3.522005E-08,-1.5391033E-01
3.527005E-08,-1.5232906E-01
3.532005E-08,-1.5069508E-01
3.537005E-08,-1.4916652E-01
3.542005E-08,-1.4769067E-01
3.547005E-08,-1.4632023E-01
3.552005E-08,-1.4505521E-01
3.557005E-08,-1.4394833E-01
3.562005E-08,-1.4299956E-01
3.567005E-08,-1.4220893E-01
3.572005E-08,-1.4162913E-01
3.577005E-08,-1.4120746E-01
3.582005E-08,-1.4094391E-01
3.587005E-08,-1.4089120E-01
3.592005E-08,-1.4104933E-01
3.597005E-08,-1.4131287E-01
3.602005E-08,-1.4173455E-01
3.607005E-08,-1.4231435E-01
3.612005E-08,-1.4294685E-01
3.617005E-08,-1.4368478E-01
3.622005E-08,-1.4447542E-01
3.627005E-08,-1.4531876E-01
3.632005E-08,-1.4621481E-01
3.637005E-08,-1.4705816E-01
3.642005E-08,-1.4784879E-01
3.647005E-08,-1.4863943E-01
3.652005E-08,-1.4932464E-01
3.657005E-08,-1.4990444E-01
3.662005E-08,-1.5037883E-01
3.667005E-08,-1.5074779E-01
3.672005E-08,-1.5101133E-01
3.677005E-08,-1.5111675E-01
3.682005E-08,-1.5111675E-01
3.687005E-08,-1.5101133E-01
3.692005E-08,-1.5074779E-01
3.697005E-08,-1.5037883E-01
3.702005E-08,-1.4990444E-01
3.707005E-08,-1.4932464E-01
3.712005E-08,-1.4869214E-01
3.717005E-08,-1.4800692E-01
3.722005E-08,-1.4726899E-01
3.727005E-08,-1.4647836E-01
3.732005E-08,-1.4574043E-01
3.737005E-08,-1.4494980E-01
3.742005E-08,-1.4426458E-01
3.747005E-08,-1.4357936E-01
3.752005E-08,-1.4294685E-01
3.757005E-08,-1.4241976E-01
3.762005E-08,-1.4194538E-01
3.767005E-08,-1.4157642E-01
3.772005E-08,-1.4131287E-01
3.777005E-08,-1.4120746E-01
3.782005E-08,-1.4115475E-01
3.787005E-08,-1.4120746E-01
3.792005E-08,-1.4136558E-01
3.797005E-08,-1.4162913E-01
3.802005E-08,-1.4199809E-01
3.807005E-08,-1.4241976E-01
3.812005E-08,-1.4294685E-01
3.817005E-08,-1.4352665E-01
3.822005E-08,-1.4410645E-01
3.827005E-08,-1.4473896E-01
3.832005E-08,-1.4542418E-01
3.837005E-08,-1.4605669E-01
3.842005E-08,-1.4674190E-01
3.847005E-08,-1.4732170E-01
3.852005E-08,-1.4795421E-01
3.857005E-08,-1.4848130E-01
3.862005E-08,-1.4900839E-01
3.867005E-08,-1.4943006E-01
3.872005E-08,-1.4985173E-01
3.877005E-08,-1.5016799E-01
3.882005E-08,-1.5037883E-01
3.887005E-08,-1.5058966E-01
3.892005E-08,-1.5069508E-01
3.897005E-08,-1.5080050E-01
3.902005E-08,-1.5080050E-01
3.907005E-08,-1.5074779E-01
3.912005E-08,-1.5064237E-01
3.917005E-08,-1.5053695E-01
3.922005E-08,-1.5043153E-01
3.927005E-08,-1.5027341E-01
3.932005E-08,-1.5016799E-01
3.937005E-08,-1.5000986E-01
3.942005E-08,-1.4990444E-01
3.947005E-08,-1.4979903E-01
3.952005E-08,-1.4974632E-01
3.957005E-08,-1.4969361E-01
3.962005E-08,-1.4969361E-01
3.967005E-08,-1.4979903E-01
3.972005E-08,-1.4985173E-01
3.977005E-08,-1.5000986E-01
3.982005E-08,-1.5022070E-01
3.987005E-08,-1.5043153E-01
3.992005E-08,-1.5074779E-01
3.997005E-08,-1.5101133E-01
4.002005E-08,-1.5138030E-01
4.007005E-08,-1.5169655E-01
4.012005E-08,-1.5206551E-01
4.017005E-08,-1.5243448E-01
4.022005E-08,-1.5275073E-01
4.027005E-08,-1.5311969E-01
4.032005E-08,-1.5343595E-01
4.037005E-08,-1.5369949E-01
4.042005E-08,-1.5396304E-01
4.047005E-08,-1.5412117E-01
4.052005E-08,-1.5427929E-01
4.057005E-08,-1.5438471E-01
4.062005E-08,-1.5438471E-01
4.067005E-08,-1.5438471E-01
4.072005E-08,-1.5427929E-01
4.077005E-08,-1.5412117E-01
4.082005E-08,-1.5391033E-01
4.087005E-08,-1.5364678E-01
4.092005E-08,-1.5333053E-01
4.097005E-08,-1.5296157E-01
4.102005E-08,-1.5253989E-01
4.107005E-08,-1.5211822E-01
4.112005E-08,-1.5169655E-01
4.117005E-08,-1.5122217E-01
4.122005E-08,-1.5074779E-01
4.127005E-08,-1.5027341E-01
4.132005E-08,-1.4979903E-01
4.137005E-08,-1.4937735E-01
4.142005E-08,-1.4900839E-01
4.147005E-08,-1.4858672E-01
4.152005E-08,-1.4827046E-01
4.157005E-08,-1.4800692E-01
4.162005E-08,-1.4774337E-01
4.167005E-08,-1.4753254E-01
4.172005E-08,-1.4742712E-01
4.177005E-08,-1.4732170E-01
4.182005E-08,-1.4726899E-01
4.187005E-08,-1.4726899E-01
4.192005E-08,-1.4732170E-01
4.197005E-08,-1.4742712E-01
4.202005E-08,-1.4753254E-01
4.207005E-08,-1.4763796E-01
4.212005E-08,-1.4784879E-01
4.217005E-08,-1.4800692E-01
4.222005E-08,-1.4816505E-01
4.227005E-08,-1.4837588E-01
4.232005E-08,-1.4853401E-01
4.237005E-08,-1.4869214E-01
4.242005E-08,-1.4885026E-01
4.247005E-08,-1.4895568E-01
4.252005E-08,-1.4906110E-01
4.257005E-08,-1.4911381E-01
4.262005E-08,-1.4911381E-01
4.267005E-08,-1.4911381E-01
4.272005E-08,-1.4906110E-01
4.277005E-08,-1.4895568E-01
4.282005E-08,-1.4885026E-01
4.287005E-08,-1.4869214E-01
4.292005E-08,-1.4853401E-01
4.297005E-08,-1.4832317E-01
4.302005E-08,-1.4811234E-01
4.307005E-08,-1.4784879E-01
4.312005E-08,-1.4763796E-01
4.317005E-08,-1.4737441E-01
4.322005E-08,-1.4716358E-01
4.327005E-08,-1.4690003E-01
4.332005E-08,-1.4668919E-01
4.337005E-08,-1.4653107E-01
4.342005E-08,-1.4637294E-01
4.347005E-08,-1.4621481E-01
4.352005E-08,-1.4610939E-01
4.357005E-08,-1.4605669E-01
4.362005E-08,-1.4600398E-01
4.367005E-08,-1.4605669E-01
4.372005E-08,-1.4605669E-01
4.377005E-08,-1.4616210E-01
4.382005E-08,-1.4626752E-01
4.387005E-08,-1.4642565E-01
4.392005E-08,-1.4663649E-01
4.397005E-08,-1.4684732E-01
4.402005E-08,-1.4705816E-01
4.407005E-08,-1.4726899E-01
4.412005E-08,-1.4753254E-01
4.417005E-08,-1.4779608E-01
4.422005E-08,-1.4805963E-01
4.427005E-08,-1.4832317E-01
4.432005E-08,-1.4853401E-01
4.437005E-08,-1.4874485E-01
4.442005E-08,-1.4895568E-01
4.447005E-08,-1.4911381E-01
4.452005E-08,-1.4921923E-01
4.457005E-08,-1.4932464E-01
4.462005E-08,-1.4943006E-01
4.467005E-08,-1.4948277E-01
4.472005E-08,-1.4948277E-01
4.477005E-08,-1.4943006E-01
4.482005E-08,-1.4937735E-01
4.487005E-08,-1.4932464E-01
4.492005E-08,-1.4921923E-01
4.497005E-08,-1.4911381E-01
4.502005E-08,-1.4895568E-01
4.507005E-08,-1.4879755E-01
4.512005E-08,-1.4863943E-01
4.517005E-08,-1.4848130E-01
4.522005E-08,-1.4832317E-01
4.527005E-08,-1.4816505E-01
4.532005E-08,-1.4805963E-01
4.537005E-08,-1.4795421E-01
4.542005E-08,-1.4784879E-01
4.547005E-08,-1.4779608E-01
4.552005E-08,-1.4774337E-01
4.557005E-08,-1.4774337E-01
4.562005E-08,-1.4774337E-01
4.567005E-08,-1.4779608E-01
4.572005E-08,-1.4790150E-01
4.577005E-08,-1.4800692E-01
4.582005E-08,-1.4816505E-01
4.587005E-08,-1.4832317E-01
4.592005E-08,-1.4853401E-01
4.597005E-08,-1.4874485E-01
4.602005E-08,-1.4900839E-01
4.607005E-08,-1.4921923E-01
4.612005E-08,-1.4948277E-01
4.617005E-08,-1.4974632E-01
4.622005E-08,-1.5000986E-01
4.627005E-08,-1.5027341E-01
4.632005E-08,-1.5048424E-01
4.637005E-08,-1.5074779E-01
4.642005E-08,-1.5095862E-01
4.647005E-08,-1.5111675E-01
4.652005E-08,-1.5127488E-01
4.657005E-08,-1.5138030E-01
4.662005E-08,-1.5148571E-01
4.667005E-08,-1.5159113E-01
4.672005E-08,-1.5159113E-01
4.677005E-08,-1.5164384E-01
4.682005E-08,-1.5159113E-01
4.687005E-08,-1.5153842E-01
4.692005E-08,-1.5148571E-01
4.697005E-08,-1.5138030E-01
4.702005E-08,-1.5132759E-01
4.707005E-08,-1.5116946E-01
4.712005E-08,-1.5106404E-01
4.717005E-08,-1.5095862E-01
4.722005E-08,-1.5080050E-01
4.727005E-08,-1.5069508E-01
4.732005E-08,-1.5058966E-01
4.737005E-08,-1.5048424E-01
4.742005E-08,-1.5037883E-01
4.747005E-08,-1.5032612E-01
4.752005E-08,-1.5027341E-01
4.757005E-08,-1.5027341E-01
4.762005E-08,-1.5027341E-01
4.767005E-08,-1.5027341E-01
4.772005E-08,-1.5032612E-01
4.777005E-08,-1.5043153E-01
4.782005E-08,-1.5053695E-01
4.787005E-08,-1.5064237E-01
4.792005E-08,-1.5080050E-01
4.797005E-08,-1.5101133E-01
4.802005E-08,-1.5116946E-01
4.807005E-08,-1.5138030E-01
4.812005E-08,-1.5159113E-01
4.817005E-08,-1.5185468E-01
4.822005E-08,-1.5206551E-01
4.827005E-08,-1.5227635E-01
4.832005E-08,-1.5248719E-01
4.837005E-08,-1.5269802E-01
4.842005E-08,-1.5290886E-01
4.847005E-08,-1.5306698E-01
4.852005E-08,-1.5327782E-01
4.857005E-08,-1.5338324E-01
4.862005E-08,-1.5354137E-01
4.867005E-08,-1.5364678E-01
4.872005E-08,-1.5369949E-01
4.877005E-08,-1.5375220E-01
4.882005E-08,-1.5380491E-01
4.887005E-08,-1.5380491E-01
4.892005E-08,-1.5380491E-01
4.897005E-08,-1.5375220E-01
4.902005E-08,-1.5369949E-01
4.907005E-08,-1.5364678E-01
4.912005E-08,-1.5359407E-01
4.917005E-08,-1.5348866E-01
4.922005E-08,-1.5338324E-01
4.927005E-08,-1.5327782E-01
4.932005E-08,-1.5317240E-01
4.937005E-08,-1.5306698E-01
4.942005E-08,-1.5296157E-01
4.947005E-08,-1.5280344E-01
4.952005E-08,-1.5269802E-01
4.957005E-08,-1.5264531E-01
4.962005E-08,-1.5253989E-01
4.967005E-08,-1.5243448E-01
4.972005E-08,-1.5238177E-01
4.977005E-08,-1.5227635E-01
4.982005E-08,-1.5222364E-01
4.987005E-08,-1.5217093E-01
4.992005E-08,-1.5211822E-01
4.997005E-08,-1.5206551E-01
5.002005E-08,-1.5206551E-01
5.007005E-08,-1.5201280E-01
5.012005E-08,-1.5196010E-01
5.017005E-08,-1.5190739E-01
5.022005E-08,-1.5185468E-01
5.027005E-08,-1.5180197E-01
5.032005E-08,-1.5174926E-01
5.037005E-08,-1.5164384E-01
5.042005E-08,-1.5159113E-01
5.047005E-08,-1.5148571E-01
5.052005E-08,-1.5138030E-01
5.057005E-08,-1.5122217E-01
5.062005E-08,-1.5111675E-01
5.067005E-08,-1.5095862E-01
5.072005E-08,-1.5074779E-01
5.077005E-08,-1.5058966E-01
5.082005E-08,-1.5037883E-01
5.087005E-08,-1.5022070E-01
5.092005E-08,-1.5000986E-01
5.097005E-08,-1.4979903E-01
5.102005E-08,-1.4958819E-01
5.107005E-08,-1.4943006E-01
5.112005E-08,-1.4921923E-01
5.117005E-08,-1.4906110E-01
5.122005E-08,-1.4890297E-01
5.127005E-08,-1.4874485E-01
5.132005E-08,-1.4858672E-01
5.137005E-08,-1.4848130E-01
5.142005E-08,-1.4837588E-01
5.147005E-08,-1.4827046E-01
5.152005E-08,-1.4816505E-01
5.157005E-08,-1.4811234E-01
5.162005E-08,-1.4805963E-01
5.167005E-08,-1.4800692E-01
5.172005E-08,-1.4795421E-01
5.177005E-08,-1.4795421E-01
5.182005E-08,-1.4790150E-01
5.187005E-08,-1.4790150E-01
5.192005E-08,-1.4790150E-01
5.197005E-08,-1.4790150E-01
5.202005E-08,-1.4790150E-01
5.207005E-08,-1.4790150E-01
5.212005E-08,-1.4790150E-01
5.217005E-08,-1.4790150E-01
5.222005E-08,-1.4790150E-01
5.227005E-08,-1.4790150E-01
5.232005E-08,-1.4790150E-01
5.237005E-08,-1.4784879E-01
5.242005E-08,-1.4784879E-01
5.247005E-08,-1.4779608E-01
5.252005E-08,-1.4779608E-01
5.257005E-08,-1.4774337E-01
5.262005E-08,-1.4769067E-01
5.267005E-08,-1.4763796E-01
5.272005E-08,-1.4753254E-01
5.277005E-08,-1.4747983E-01
5.282005E-08,-1.4737441E-01
5.287005E-08,-1.4726899E-01
5.292005E-08,-1.4721628E-01
5.297005E-08,-1.4711087E-01
5.302005E-08,-1.4700545E-01
5.307005E-08,-1.4684732E-01
5.312005E-08,-1.4674190E-01
5.317005E-08,-1.4663649E-01
5.322005E-08,-1.4653107E-01
5.327005E-08,-1.4642565E-01
5.332005E-08,-1.4632023E-01
5.337005E-08,-1.4626752E-01
5.342005E-08,-1.4616210E-01
5.347005E-08,-1.4610939E-01
5.352005E-08,-1.4600398E-01
5.357005E-08,-1.4595127E-01
5.362005E-08,-1.4595127E-01
5.367005E-08,-1.4589856E-01
5.372005E-08,-1.4589856E-01
5.377005E-08,-1.4589856E-01
5.382005E-08,-1.4589856E-01
5.387005E-08,-1.4589856E-01
5.392005E-08,-1.4595127E-01
5.397005E-08,-1.4600398E-01
5.402005E-08,-1.4605669E-01
5.407005E-08,-1.4610939E-01
5.412005E-08,-1.4621481E-01
5.417005E-08,-1.4632023E-01
5.422005E-08,-1.4642565E-01
5.427005E-08,-1.4653107E-01
5.432005E-08,-1.4663649E-01
5.437005E-08,-1.4679461E-01
5.442005E-08,-1.4690003E-01
5.447005E-08,-1.4705816E-01
5.452005E-08,-1.4716358E-01
5.457005E-08,-1.4732170E-01
5.462005E-08,-1.4742712E-01
5.467005E-08,-1.4758525E-01
5.472005E-08,-1.4774337E-01
5.477005E-08,-1.4784879E-01
5.482005E-08,-1.4800692E-01
5.487005E-08,-1.4811234E-01
5.492005E-08,-1.4821776E-01
5.497005E-08,-1.4837588E-01
5.502005E-08,-1.4848130E-01
5.507005E-08,-1.4858672E-01
5.512005E-08,-1.4869214E-01
5.517005E-08,-1.4874485E-01
5.522005E-08,-1.4885026E-01
5.527005E-08,-1.4895568E-01
5.532005E-08,-1.4900839E-01
5.537005E-08,-1.4911381E-01
5.542005E-08,-1.4916652E-01
5.547005E-08,-1.4921923E-01
5.552005E-08,-1.4927194E-01
5.557005E-08,-1.4937735E-01
5.562005E-08,-1.4943006E-01
5.567005E-08,-1.4948277E-01
5.572005E-08,-1.4953548E-01
5.577005E-08,-1.4958819E-01
5.582005E-08,-1.4964090E-01
5.587005E-08,-1.4969361E-01
5.592005E-08,-1.4974632E-01
5.597005E-08,-1.4985173E-01
5.602005E-08,-1.4990444E-01
5.607005E-08,-1.4995715E-01
5.612005E-08,-1.5000986E-01
5.617005E-08,-1.5006257E-01
5.622005E-08,-1.5016799E-01
5.627005E-08,-1.5022070E-01
5.632005E-08,-1.5027341E-01
5.637005E-08,-1.5037883E-01
5.642005E-08,-1.5043153E-01
5.647005E-08,-1.5053695E-01
5.652005E-08,-1.5058966E-01
5.657005E-08,-1.5069508E-01
5.662005E-08,-1.5080050E-01
5.667005E-08,-1.5085321E-01
5.672005E-08,-1.5095862E-01
5.677005E-08,-1.5106404E-01
5.682005E-08,-1.5116946E-01
5.687005E-08,-1.5127488E-01
5.692005E-08,-1.5138030E-01
5.697005E-08,-1.5148571E-01
5.702005E-08,-1.5159113E-01
5.707005E-08,-1.5169655E-01
5.712005E-08,-1.5180197E-01
5.717005E-08,-1.5190739E-01
5.722005E-08,-1.5201280E-01
5.727005E-08,-1.5211822E-01
5.732005E-08,-1.5222364E-01
5.737005E-08,-1.5232906E-01
5.742005E-08,-1.5243448E-01
5.747005E-08,-1.5253989E-01
5.752005E-08,-1.5264531E-01
5.757005E-08,-1.5269802E-01
5.762005E-08,-1.5280344E-01
5.767005E-08,-1.5285615E-01
5.772005E-08,-1.5296157E-01
5.777005E-08,-1.5301428E-01
5.782005E-08,-1.5306698E-01
5.787005E-08,-1.5311969E-01
5.792005E-08,-1.5317240E-01
5.797005E-08,-1.5322511E-01
5.802005E-08,-1.5322511E-01
5.807005E-08,-1.5322511E-01
5.812005E-08,-1.5322511E-01
5.817005E-08,-1.5322511E-01
5.822005E-08,-1.5322511E-01
5.827005E-08,-1.5317240E-01
5.832005E-08,-1.5317240E-01
5.837005E-08,-1.5311969E-01
5.842005E-08,-1.5306698E-01
5.847005E-08,-1.5301428E-01
5.852005E-08,-1.5296157E-01
5.857005E-08,-1.5285615E-01
5.862005E-08,-1.5280344E-01
5.867005E-08,-1.5269802E-01
5.872005E-08,-1.5259260E-01
5.877005E-08,-1.5253989E-01
5.882005E-08,-1.5243448E-01
5.887005E-08,-1.5232906E-01
5.892005E-08,-1.5222364E-01
5.897005E-08,-1.5217093E-01
5.902005E-08,-1.5206551E-01
5.907005E-08,-1.5196010E-01
5.912005E-08,-1.5185468E-01
5.917005E-08,-1.5180197E-01
5.922005E-08,-1.5169655E-01
5.927005E-08,-1.5164384E-01
5.932005E-08,-1.5153842E-01
5.937005E-08,-1.5148571E-01
5.942005E-08,-1.5143301E-01
5.947005E-08,-1.5138030E-01
5.952005E-08,-1.5132759E-01
5.957005E-08,-1.5127488E-01
5.962005E-08,-1.5122217E-01
5.967005E-08,-1.5116946E-01
5.972005E-08,-1.5111675E-01
5.977005E-08,-1.5106404E-01
5.982005E-08,-1.5101133E-01
5.987005E-08,-1.5101133E-01
5.992005E-08,-1.5095862E-01
5.997005E-08,-1.5090592E-01
6.002005E-08,-1.5085321E-01
6.007005E-08,-1.5085321E-01
6.012005E-08,-1.5080050E-01
6.017005E-08,-1.5074779E-01
6.022005E-08,-1.5069508E-01
6.027005E-08,-1.5064237E-01
6.032005E-08,-1.5058966E-01
6.037005E-08,-1.5053695E-01
6.042005E-08,-1.5048424E-01
6.047005E-08,-1.5043153E-01
6.052005E-08,-1.5032612E-01
6.057005E-08,-1.5027341E-01
6.062005E-08,-1.5016799E-01
6.067005E-08,-1.5006257E-01
6.072005E-08,-1.5000986E-01
6.077005E-08,-1.4990444E-01
6.082005E-08,-1.4979903E-01
6.087005E-08,-1.4969361E-01
6.092005E-08,-1.4958819E-01
6.097005E-08,-1.4948277E-01
6.102005E-08,-1.4937735E-01
6.107005E-08,-1.4927194E-01
6.112005E-08,-1.4921923E-01
6.117005E-08,-1.4911381E-01
6.122005E-08,-1.4900839E-01
6.127005E-08,-1.4890297E-01
6.132005E-08,-1.4879755E-01
6.137005E-08,-1.4869214E-01
6.142005E-08,-1.4863943E-01
6.147005E-08,-1.4853401E-01
6.152005E-08,-1.4848130E-01
6.157005E-08,-1.4842859E-01
6.162005E-08,-1.4832317E-01
6.167005E-08,-1.4827046E-01
6.172005E-08,-1.4821776E-01
6.177005E-08,-1.4816505E-01
6.182005E-08,-1.4811234E-01
6.187005E-08,-1.4811234E-01
6.192005E-08,-1.4805963E-01
6.197005E-08,-1.4800692E-01
6.202005E-08,-1.4800692E-01
6.207005E-08,-1.4795421E-01
6.212005E-08,-1.4795421E-01
6.217005E-08,-1.4790150E-01
6.222005E-08,-1.4790150E-01
6.227005E-08,-1.4790150E-01
6.232005E-08,-1.4790150E-01
6.237005E-08,-1.4790150E-01
6.242005E-08,-1.4784879E-01
6.247005E-08,-1.4784879E-01
6.252005E-08,-1.4784879E-01
6.257005E-08,-1.4784879E-01
6.262005E-08,-1.4784879E-01
6.267005E-08,-1.4784879E-01
6.272005E-08,-1.4790150E-01
6.277005E-08,-1.4790150E-01
6.282005E-08,-1.4790150E-01
6.287005E-08,-1.4790150E-01
6.292005E-08,-1.4790150E-01
6.297005E-08,-1.4790150E-01
6.302005E-08,-1.4795421E-01
6.307005E-08,-1.4795421E-01
6.312005E-08,-1.4795421E-01
6.317005E-08,-1.4795421E-01
6.322005E-08,-1.4800692E-01
6.327005E-08,-1.4800692E-01
6.332005E-08,-1.4800692E-01
6.337005E-08,-1.4805963E-01
6.342005E-08,-1.4805963E-01
6.347005E-08,-1.4805963E-01
6.352005E-08,-1.4805963E-01
6.357005E-08,-1.4811234E-01
6.362005E-08,-1.4811234E-01
6.367005E-08,-1.4811234E-01
6.372005E-08,-1.4811234E-01
6.377005E-08,-1.4816505E-01
6.382005E-08,-1.4816505E-01
6.387005E-08,-1.4816505E-01
6.392005E-08,-1.4816505E-01
6.397005E-08,-1.4816505E-01
6.402005E-08,-1.4816505E-01
6.407005E-08,-1.4816505E-01
6.412005E-08,-1.4816505E-01
6.417005E-08,-1.4816505E-01
6.422005E-08,-1.4816505E-01
6.427005E-08,-1.4816505E-01
6.432005E-08,-1.4816505E-01
6.437005E-08,-1.4816505E-01
6.442005E-08,-1.4816505E-01
6.447005E-08,-1.4816505E-01
6.452005E-08,-1.4816505E-01
6.457005E-08,-1.4816505E-01
6.462005E-08,-1.4821776E-01
6.467005E-08,-1.4821776E-01
6.472005E-08,-1.4827046E-01
6.477005E-08,-1.4827046E-01
6.482005E-08,-1.4832317E-01
6.487005E-08,-1.4837588E-01
6.492005E-08,-1.4842859E-01
6.497005E-08,-1.4848130E-01
6.502005E-08,-1.4858672E-01
6.507005E-08,-1.4863943E-01
6.512005E-08,-1.4874485E-01
6.517005E-08,-1.4885026E-01
6.522005E-08,-1.4895568E-01
6.527005E-08,-1.4906110E-01
6.532005E-08,-1.4916652E-01
6.537005E-08,-1.4927194E-01
6.542005E-08,-1.4937735E-01
6.547005E-08,-1.4953548E-01
6.552005E-08,-1.4964090E-01
6.557005E-08,-1.4979903E-01
6.562005E-08,-1.4990444E-01
6.567005E-08,-1.5006257E-01
6.572005E-08,-1.5022070E-01
6.577005E-08,-1.5032612E-01
6.582005E-08,-1.5048424E-01
6.587005E-08,-1.5058966E-01
6.592005E-08,-1.5069508E-01
6.597005E-08,-1.5085321E-01
6.602005E-08,-1.5095862E-01
6.607005E-08,-1.5106404E-01
6.612005E-08,-1.5116946E-01
6.617005E-08,-1.5122217E-01
6.622005E-08,-1.5132759E-01
6.627005E-08,-1.5138030E-01
6.632005E-08,-1.5148571E-01
6.637005E-08,-1.5153842E-01
6.642005E-08,-1.5159113E-01
6.647005E-08,-1.5159113E-01
6.652005E-08,-1.5164384E-01
6.657005E-08,-1.5164384E-01
6.662005E-08,-1.5169655E-01
6.667005E-08,-1.5169655E-01
6.672005E-08,-1.5169655E-01
6.677005E-08,-1.5169655E-01
6.682005E-08,-1.5169655E-01
6.687005E-08,-1.5169655E-01
6.692005E-08,-1.5164384E-01
6.697005E-08,-1.5164384E-01
6.702005E-08,-1.5164384E-01
6.707005E-08,-1.5164384E-01
6.712005E-08,-1.5159113E-01
6.717005E-08,-1.5159113E-01
6.722005E-08,-1.5159113E-01
6.727005E-08,-1.5159113E-01
6.732005E-08,-1.5153842E-01
6.737005E-08,-1.5153842E-01
6.742005E-08,-1.5153842E-01
6.747005E-08,-1.5153842E-01
6.752005E-08,-1.5153842E-01
6.757005E-08,-1.5153842E-01
6.762005E-08,-1.5153842E-01
6.767005E-08,-1.5153842E-01
6.772005E-08,-1.5153842E-01
6.777005E-08,-1.5148571E-01
6.782005E-08,-1.5148571E-01
6.787005E-08,-1.5148571E-01
6.792005E-08,-1.5148571E-01
6.797005E-08,-1.5148571E-01
6.802005E-08,-1.5148571E-01
6.807005E-08,-1.5148571E-01
6.812005E-08,-1.5143301E-01
6.817005E-08,-1.5143301E-01
6.822005E-08,-1.5143301E-01
6.827005E-08,-1.5138030E-01
6.832005E-08,-1.5138030E-01
6.837005E-08,-1.5132759E-01
6.842005E-08,-1.5132759E-01
6.847005E-08,-1.5127488E-01
6.852005E-08,-1.5127488E-01
6.857005E-08,-1.5122217E-01
6.862005E-08,-1.5122217E-01
6.867005E-08,-1.5116946E-01
6.872005E-08,-1.5111675E-01
6.877005E-08,-1.5111675E-01
6.882005E-08,-1.5106404E-01
6.887005E-08,-1.5106404E-01
6.892005E-08,-1.5101133E-01
6.897005E-08,-1.5101133E-01
6.902005E-08,-1.5101133E-01
6.907005E-08,-1.5095862E-01
6.912005E-08,-1.5095862E-01
6.917005E-08,-1.5095862E-01
6.922005E-08,-1.5095862E-01
6.927005E-08,-1.5095862E-01
6.932005E-08,-1.5095862E-01
6.937005E-08,-1.5095862E-01
6.942005E-08,-1.5095862E-01
6.947005E-08,-1.5095862E-01
6.952005E-08,-1.5095862E-01
6.957005E-08,-1.5095862E-01
6.962005E-08,-1.5095862E-01
6.967005E-08,-1.5095862E-01
6.972005E-08,-1.5095862E-01
6.977005E-08,-1.5095862E-01
6.982005E-08,-1.5095862E-01
6.987005E-08,-1.5095862E-01
6.992005E-08,-1.5090592E-01
6.997005E-08,-1.5090592E-01
7.002005E-08,-1.5090592E-01
7.007005E-08,-1.5085321E-01
7.012005E-08,-1.5085321E-01
7.017005E-08,-1.5080050E-01
7.022005E-08,-1.5074779E-01
7.027005E-08,-1.5069508E-01
7.032005E-08,-1.5064237E-01
7.037005E-08,-1.5058966E-01
7.042005E-08,-1.5053695E-01
7.047005E-08,-1.5048424E-01
7.052005E-08,-1.5037883E-01
7.057005E-08,-1.5032612E-01
7.062005E-08,-1.5027341E-01
7.067005E-08,-1.5016799E-01
7.072005E-08,-1.5011528E-01
7.077005E-08,-1.5006257E-01
7.082005E-08,-1.4995715E-01
7.087005E-08,-1.4990444E-01
7.092005E-08,-1.4985173E-01
7.097005E-08,-1.4979903E-01
7.102005E-08,-1.4974632E-01
7.107005E-08,-1.4969361E-01
7.112005E-08,-1.4964090E-01
7.117005E-08,-1.4958819E-01
7.122005E-08,-1.4953548E-01
7.127005E-08,-1.4953548E-01
7.132005E-08,-1.4948277E-01
7.137005E-08,-1.4948277E-01
7.142005E-08,-1.4948277E-01
7.147005E-08,-1.4948277E-01
7.152005E-08,-1.4948277E-01
7.157005E-08,-1.4948277E-01
7.162005E-08,-1.4948277E-01
7.167005E-08,-1.4948277E-01
7.172005E-08,-1.4953548E-01
7.177005E-08,-1.4953548E-01
7.182005E-08,-1.4953548E-01
7.187005E-08,-1.4953548E-01
7.192005E-08,-1.4958819E-01
7.197005E-08,-1.4958819E-01
7.202005E-08,-1.4958819E-01
7.207005E-08,-1.4958819E-01
7.212005E-08,-1.4958819E-01
7.217005E-08,-1.4953548E-01
7.222005E-08,-1.4953548E-01
7.227005E-08,-1.4953548E-01
7.232005E-08,-1.4948277E-01
7.237005E-08,-1.4948277E-01
7.242005E-08,-1.4943006E-01
7.247005E-08,-1.4937735E-01
7.252005E-08,-1.4937735E-01
7.257005E-08,-1.4932464E-01
7.262005E-08,-1.4927194E-01
7.267005E-08,-1.4921923E-01
7.272005E-08,-1.4916652E-01
7.277005E-08,-1.4906110E-01
7.282005E-08,-1.4900839E-01
7.287005E-08,-1.4895568E-01
7.292005E-08,-1.4890297E-01
7.297005E-08,-1.4885026E-01
7.302005E-08,-1.4879755E-01
7.307005E-08,-1.4874485E-01
7.312005E-08,-1.4869214E-01
7.317005E-08,-1.4863943E-01
7.322005E-08,-1.4858672E-01
7.327005E-08,-1.4853401E-01
7.332005E-08,-1.4853401E-01
7.337005E-08,-1.4848130E-01
7.342005E-08,-1.4848130E-01
7.347005E-08,-1.4842859E-01
7.352005E-08,-1.4842859E-01
7.357005E-08,-1.4842859E-01
7.362005E-08,-1.4842859E-01
7.367005E-08,-1.4842859E-01
7.372005E-08,-1.4842859E-01
7.377005E-08,-1.4842859E-01
7.382005E-08,-1.4842859E-01
7.387005E-08,-1.4848130E-01
7.392005E-08,-1.4848130E-01
7.397005E-08,-1.4853401E-01
7.402005E-08,-1.4853401E-01
7.407005E-08,-1.4858672E-01
7.412005E-08,-1.4858672E-01
7.417005E-08,-1.4863943E-01
7.422005E-08,-1.4869214E-01
7.427005E-08,-1.4869214E-01
7.432005E-08,-1.4874485E-01
7.437005E-08,-1.4879755E-01
7.442005E-08,-1.4885026E-01
7.447005E-08,-1.4885026E-01
7.452005E-08,-1.4890297E-01
7.457005E-08,-1.4895568E-01
7.462005E-08,-1.4900839E-01
7.467005E-08,-1.4900839E-01
7.472005E-08,-1.4906110E-01
7.477005E-08,-1.4911381E-01
7.482005E-08,-1.4916652E-01
7.487005E-08,-1.4921923E-01
7.492005E-08,-1.4927194E-01
7.497005E-08,-1.4932464E-01
7.502005E-08,-1.4937735E-01
7.507005E-08,-1.4943006E-01
7.512005E-08,-1.4948277E-01
7.517005E-08,-1.4953548E-01
7.522005E-08,-1.4958819E-01
7.527005E-08,-1.4969361E-01
7.532005E-08,-1.4974632E-01
7.537005E-08,-1.4979903E-01
7.542005E-08,-1.4985173E-01
7.547005E-08,-1.4995715E-01
7.552005E-08,-1.5000986E-01
7.557005E-08,-1.5006257E-01
7.562005E-08,-1.5011528E-01
7.567005E-08,-1.5016799E-01
7.572005E-08,-1.5027341E-01
7.577005E-08,-1.5032612E-01
7.582005E-08,-1.5037883E-01
7.587005E-08,-1.5037883E-01
7.592005E-08,-1.5043153E-01
7.597005E-08,-1.5048424E-01
7.602005E-08,-1.5048424E-01
7.607005E-08,-1.5053695E-01
7.612005E-08,-1.5053695E-01
7.617005E-08,-1.5058966E-01
7.622005E-08,-1.5058966E-01
7.627005E-08,-1.5058966E-01
7.632005E-08,-1.5053695E-01
7.637005E-08,-1.5053695E-01
7.642005E-08,-1.5053695E-01
7.647005E-08,-1.5048424E-01
7.652005E-08,-1.5048424E-01
7.657005E-08,-1.5043153E-01
7.662005E-08,-1.5037883E-01
7.667005E-08,-1.5037883E-01
7.672005E-08,-1.5032612E-01
7.677005E-08,-1.5027341E-01
7.682005E-08,-1.5022070E-01
7.687005E-08,-1.5022070E-01
7.692005E-08,-1.5016799E-01
7.697005E-08,-1.5011528E-01
7.702005E-08,-1.5006257E-01
7.707005E-08,-1.5006257E-01
7.712005E-08,-1.5000986E-01
7.717005E-08,-1.5000986E-01
7.722005E-08,-1.4995715E-01
7.727005E-08,-1.4995715E-01
7.732005E-08,-1.4995715E-01
7.737005E-08,-1.4995715E-01
7.742005E-08,-1.4995715E-01
7.747005E-08,-1.4995715E-01
7.752005E-08,-1.5000986E-01
7.757005E-08,-1.5000986E-01
