-1.920515E-08,1.814E-02
-1.915515E-08,1.762E-02
-1.910515E-08,1.710E-02
-1.905515E-08,1.658E-02
-1.900515E-08,1.605E-02
-1.895515E-08,1.605E-02
-1.890515E-08,1.658E-02
-1.885515E-08,1.658E-02
-1.880515E-08,1.710E-02
-1.875515E-08,1.814E-02
-1.870515E-08,1.918E-02
-1.865515E-08,2.023E-02
-1.860515E-08,2.075E-02
-1.855515E-08,2.231E-02
-1.850515E-08,2.388E-02
-1.845515E-08,2.544E-02
-1.840515E-08,2.753E-02
-1.835515E-08,2.857E-02
-1.830515E-08,3.014E-02
-1.825515E-08,3.118E-02
-1.820515E-08,3.327E-02
-1.815515E-08,3.431E-02
-1.810515E-08,3.588E-02
-1.805515E-08,3.692E-02
-1.800515E-08,3.848E-02
-1.795515E-08,4.005E-02
-1.790515E-08,4.005E-02
-1.785515E-08,4.109E-02
-1.780515E-08,4.057E-02
-1.775515E-08,4.057E-02
-1.770515E-08,4.109E-02
-1.765515E-08,3.953E-02
-1.760515E-08,3.953E-02
-1.755515E-08,3.848E-02
-1.750515E-08,3.692E-02
-1.745515E-08,3.535E-02
-1.740515E-08,3.379E-02
-1.735515E-08,3.222E-02
-1.730515E-08,3.066E-02
-1.725515E-08,2.910E-02
-1.720515E-08,2.805E-02
-1.715515E-08,2.544E-02
-1.710515E-08,2.492E-02
-1.705515E-08,2.284E-02
-1.700515E-08,2.075E-02
-1.695515E-08,2.023E-02
-1.690515E-08,1.814E-02
-1.685515E-08,1.710E-02
-1.680515E-08,1.605E-02
-1.675515E-08,1.501E-02
-1.670515E-08,1.501E-02
-1.665515E-08,1.501E-02
-1.660515E-08,1.449E-02
-1.655515E-08,1.449E-02
-1.650515E-08,1.501E-02
-1.645515E-08,1.501E-02
-1.640515E-08,1.501E-02
-1.635515E-08,1.605E-02
-1.630515E-08,1.658E-02
-1.625515E-08,1.762E-02
-1.620515E-08,1.814E-02
-1.615515E-08,1.971E-02
-1.610515E-08,2.075E-02
-1.605515E-08,2.127E-02
-1.600515E-08,2.231E-02
-1.595515E-08,2.284E-02
-1.590515E-08,2.336E-02
-1.585515E-08,2.336E-02
-1.580515E-08,2.388E-02
-1.575515E-08,2.440E-02
-1.570515E-08,2.440E-02
-1.565515E-08,2.440E-02
-1.560515E-08,2.388E-02
-1.555515E-08,2.388E-02
-1.550515E-08,2.336E-02
-1.545515E-08,2.336E-02
-1.540515E-08,2.284E-02
-1.535515E-08,2.127E-02
-1.530515E-08,2.179E-02
-1.525515E-08,2.075E-02
-1.520515E-08,2.075E-02
-1.515515E-08,2.023E-02
-1.510515E-08,1.971E-02
-1.505515E-08,1.918E-02
-1.500515E-08,1.866E-02
-1.495515E-08,1.866E-02
-1.490515E-08,1.866E-02
-1.485515E-08,1.918E-02
-1.480515E-08,1.971E-02
-1.475515E-08,2.023E-02
-1.470515E-08,2.075E-02
-1.465515E-08,2.075E-02
-1.460515E-08,2.179E-02
-1.455515E-08,2.284E-02
-1.450515E-08,2.388E-02
-1.445515E-08,2.544E-02
-1.440515E-08,2.597E-02
-1.435515E-08,2.805E-02
-1.430515E-08,2.910E-02
-1.425515E-08,2.962E-02
-1.420515E-08,3.066E-02
-1.415515E-08,3.066E-02
-1.410515E-08,3.170E-02
-1.405515E-08,3.275E-02
-1.400515E-08,3.275E-02
-1.395515E-08,3.327E-02
-1.390515E-08,3.327E-02
-1.385515E-08,3.275E-02
-1.380515E-08,3.275E-02
-1.375515E-08,3.222E-02
-1.370515E-08,3.118E-02
-1.365515E-08,3.118E-02
-1.360515E-08,3.014E-02
-1.355515E-08,2.910E-02
-1.350515E-08,2.805E-02
-1.345515E-08,2.649E-02
-1.340515E-08,2.597E-02
-1.335515E-08,2.492E-02
-1.330515E-08,2.336E-02
-1.325515E-08,2.231E-02
-1.320515E-08,2.127E-02
-1.315515E-08,2.075E-02
-1.310515E-08,2.023E-02
-1.305515E-08,1.971E-02
-1.300515E-08,1.971E-02
-1.295515E-08,1.918E-02
-1.290515E-08,1.971E-02
-1.285515E-08,1.918E-02
-1.280515E-08,2.023E-02
-1.275515E-08,2.075E-02
-1.270515E-08,2.075E-02
-1.265515E-08,2.179E-02
-1.260515E-08,2.336E-02
-1.255515E-08,2.492E-02
-1.250515E-08,2.544E-02
-1.245515E-08,2.701E-02
-1.240515E-08,2.805E-02
-1.235515E-08,2.962E-02
-1.230515E-08,3.066E-02
-1.225515E-08,3.170E-02
-1.220515E-08,3.327E-02
-1.215515E-08,3.379E-02
-1.210515E-08,3.535E-02
-1.205515E-08,3.588E-02
-1.200515E-08,3.692E-02
-1.195515E-08,3.692E-02
-1.190515E-08,3.692E-02
-1.185515E-08,3.744E-02
-1.180515E-08,3.692E-02
-1.175515E-08,3.640E-02
-1.170515E-08,3.640E-02
-1.165515E-08,3.535E-02
-1.160515E-08,3.431E-02
-1.155515E-08,3.327E-02
-1.150515E-08,3.222E-02
-1.145515E-08,3.066E-02
-1.140515E-08,3.014E-02
-1.135515E-08,2.857E-02
-1.130515E-08,2.649E-02
-1.125515E-08,2.544E-02
-1.120515E-08,2.336E-02
-1.115515E-08,2.231E-02
-1.110515E-08,2.075E-02
-1.105515E-08,1.971E-02
-1.100515E-08,1.814E-02
-1.095515E-08,1.710E-02
-1.090515E-08,1.605E-02
-1.085515E-08,1.553E-02
-1.080515E-08,1.553E-02
-1.075515E-08,1.501E-02
-1.070515E-08,1.449E-02
-1.065515E-08,1.449E-02
-1.060515E-08,1.501E-02
-1.055515E-08,1.501E-02
-1.050515E-08,1.501E-02
-1.045515E-08,1.605E-02
-1.040515E-08,1.658E-02
-1.035515E-08,1.762E-02
-1.030515E-08,1.814E-02
-1.025515E-08,1.971E-02
-1.020515E-08,2.127E-02
-1.015515E-08,2.179E-02
-1.010515E-08,2.284E-02
-1.005515E-08,2.336E-02
-1.000515E-08,2.440E-02
-9.95515E-09,2.544E-02
-9.90515E-09,2.597E-02
-9.85515E-09,2.649E-02
-9.80515E-09,2.649E-02
-9.75515E-09,2.701E-02
-9.70515E-09,2.701E-02
-9.65515E-09,2.701E-02
-9.60515E-09,2.701E-02
-9.55515E-09,2.649E-02
-9.50515E-09,2.649E-02
-9.45515E-09,2.649E-02
-9.40515E-09,2.544E-02
-9.35515E-09,2.544E-02
-9.30515E-09,2.388E-02
-9.25515E-09,2.336E-02
-9.20515E-09,2.231E-02
-9.15515E-09,2.179E-02
-9.10515E-09,2.075E-02
-9.05515E-09,2.023E-02
-9.00515E-09,1.918E-02
-8.95515E-09,1.762E-02
-8.90515E-09,1.710E-02
-8.85515E-09,1.658E-02
-8.80515E-09,1.658E-02
-8.75515E-09,1.605E-02
-8.70515E-09,1.658E-02
-8.65515E-09,1.710E-02
-8.60515E-09,1.814E-02
-8.55515E-09,1.866E-02
-8.50515E-09,1.971E-02
-8.45515E-09,2.023E-02
-8.40515E-09,2.231E-02
-8.35515E-09,2.440E-02
-8.30515E-09,2.492E-02
-8.25515E-09,2.805E-02
-8.20515E-09,2.962E-02
-8.15515E-09,3.222E-02
-8.10515E-09,3.535E-02
-8.05515E-09,3.848E-02
-8.00515E-09,4.057E-02
-7.95515E-09,4.422E-02
-7.90515E-09,4.735E-02
-7.85515E-09,5.048E-02
-7.80515E-09,5.309E-02
-7.75515E-09,5.674E-02
-7.70515E-09,5.935E-02
-7.65515E-09,6.144E-02
-7.60515E-09,6.457E-02
-7.55515E-09,6.718E-02
-7.50515E-09,6.978E-02
-7.45515E-09,7.239E-02
-7.40515E-09,7.552E-02
-7.35515E-09,7.709E-02
-7.30515E-09,7.969E-02
-7.25515E-09,8.074E-02
-7.20515E-09,8.282E-02
-7.15515E-09,8.387E-02
-7.10515E-09,8.595E-02
-7.05515E-09,8.648E-02
-7.00515E-09,8.856E-02
-6.95515E-09,8.961E-02
-6.90515E-09,9.117E-02
-6.85515E-09,9.221E-02
-6.80515E-09,9.326E-02
-6.75515E-09,9.378E-02
-6.70515E-09,9.639E-02
-6.65515E-09,9.691E-02
-6.60515E-09,9.847E-02
-6.55515E-09,9.952E-02
-6.50515E-09,1.0056E-01
-6.45515E-09,1.0317E-01
-6.40515E-09,1.0421E-01
-6.35515E-09,1.0630E-01
-6.30515E-09,1.0839E-01
-6.25515E-09,1.1047E-01
-6.20515E-09,1.1256E-01
-6.15515E-09,1.1412E-01
-6.10515E-09,1.1777E-01
-6.05515E-09,1.2090E-01
-6.00515E-09,1.2403E-01
-5.95515E-09,1.2664E-01
-5.90515E-09,1.2977E-01
-5.85515E-09,1.3395E-01
-5.80515E-09,1.3708E-01
-5.75515E-09,1.4021E-01
-5.70515E-09,1.4334E-01
-5.65515E-09,1.4855E-01
-5.60515E-09,1.5272E-01
-5.55515E-09,1.5690E-01
-5.50515E-09,1.6055E-01
-5.45515E-09,1.6524E-01
-5.40515E-09,1.6890E-01
-5.35515E-09,1.7411E-01
-5.30515E-09,1.7881E-01
-5.25515E-09,1.8298E-01
-5.20515E-09,1.8768E-01
-5.15515E-09,1.9289E-01
-5.10515E-09,1.9654E-01
-5.05515E-09,2.0228E-01
-5.00515E-09,2.0750E-01
-4.95515E-09,2.1167E-01
-4.90515E-09,2.1741E-01
-4.85515E-09,2.2315E-01
-4.80515E-09,2.2732E-01
-4.75515E-09,2.3358E-01
-4.70515E-09,2.3984E-01
-4.65515E-09,2.4506E-01
-4.60515E-09,2.5079E-01
-4.55515E-09,2.5705E-01
-4.50515E-09,2.6384E-01
-4.45515E-09,2.7010E-01
-4.40515E-09,2.7635E-01
-4.35515E-09,2.8314E-01
-4.30515E-09,2.9096E-01
-4.25515E-09,2.9774E-01
-4.20515E-09,3.0452E-01
-4.15515E-09,3.1183E-01
-4.10515E-09,3.2069E-01
-4.05515E-09,3.2852E-01
-4.00515E-09,3.3634E-01
-3.95515E-09,3.4417E-01
-3.90515E-09,3.5199E-01
-3.85515E-09,3.6138E-01
-3.80515E-09,3.6921E-01
-3.75515E-09,3.7912E-01
-3.70515E-09,3.8747E-01
-3.65515E-09,3.9633E-01
-3.60515E-09,4.0572E-01
-3.55515E-09,4.1511E-01
-3.50515E-09,4.2450E-01
-3.45515E-09,4.3441E-01
-3.40515E-09,4.4276E-01
-3.35515E-09,4.5267E-01
-3.30515E-09,4.6310E-01
-3.25515E-09,4.7249E-01
-3.20515E-09,4.8293E-01
-3.15515E-09,4.9232E-01
-3.10515E-09,5.0275E-01
-3.05515E-09,5.1370E-01
-3.00515E-09,5.2309E-01
-2.95515E-09,5.3353E-01
-2.90515E-09,5.4448E-01
-2.85515E-09,5.5387E-01
-2.80515E-09,5.6587E-01
-2.75515E-09,5.7578E-01
-2.70515E-09,5.8726E-01
-2.65515E-09,5.9769E-01
-2.60515E-09,6.0916E-01
-2.55515E-09,6.2064E-01
-2.50515E-09,6.3212E-01
-2.45515E-09,6.4359E-01
-2.40515E-09,6.5611E-01
-2.35515E-09,6.6759E-01
-2.30515E-09,6.7906E-01
-2.25515E-09,6.9106E-01
-2.20515E-09,7.0254E-01
-2.15515E-09,7.1662E-01
-2.10515E-09,7.2810E-01
-2.05515E-09,7.4062E-01
-2.00515E-09,7.5157E-01
-1.95515E-09,7.6461E-01
-1.90515E-09,7.7766E-01
-1.85515E-09,7.8965E-01
-1.80515E-09,8.0165E-01
-1.75515E-09,8.1469E-01
-1.70515E-09,8.2669E-01
-1.65515E-09,8.3973E-01
-1.60515E-09,8.5277E-01
-1.55515E-09,8.6425E-01
-1.50515E-09,8.7729E-01
-1.45515E-09,8.8877E-01
-1.40515E-09,9.0129E-01
-1.35515E-09,9.1381E-01
-1.30515E-09,9.2685E-01
-1.25515E-09,9.3937E-01
-1.20515E-09,9.5189E-01
-1.15515E-09,9.6493E-01
-1.10515E-09,9.7797E-01
-1.05515E-09,9.9101E-01
-1.00515E-09,1.00405E+00
-9.5515E-10,1.01761E+00
-9.0515E-10,1.03065E+00
-8.5515E-10,1.04422E+00
-8.0515E-10,1.05726E+00
-7.5515E-10,1.07134E+00
-7.0515E-10,1.08595E+00
-6.5515E-10,1.10055E+00
-6.0515E-10,1.11568E+00
-5.5515E-10,1.13029E+00
-5.0515E-10,1.14437E+00
-4.5515E-10,1.16002E+00
-4.0515E-10,1.17619E+00
-3.5515E-10,1.19132E+00
-3.0515E-10,1.20697E+00
-2.5515E-10,1.22210E+00
-2.0515E-10,1.23931E+00
-1.5515E-10,1.25392E+00
-1.0515E-10,1.27061E+00
-5.515E-11,1.28730E+00
-5.15E-12,1.30347E+00
4.485E-11,1.31965E+00
9.485E-11,1.33529E+00
1.4485E-10,1.35251E+00
1.9485E-10,1.36816E+00
2.4485E-10,1.38485E+00
2.9485E-10,1.39946E+00
3.4485E-10,1.41615E+00
3.9485E-10,1.43180E+00
4.4485E-10,1.44745E+00
4.9485E-10,1.46205E+00
5.4485E-10,1.47718E+00
5.9485E-10,1.49179E+00
6.4485E-10,1.50587E+00
6.9485E-10,1.52048E+00
7.4485E-10,1.53456E+00
7.9485E-10,1.54865E+00
8.4485E-10,1.56221E+00
8.9485E-10,1.57682E+00
9.4485E-10,1.58986E+00
9.9485E-10,1.60394E+00
1.04485E-09,1.61750E+00
1.09485E-09,1.63055E+00
1.14485E-09,1.64411E+00
1.19485E-09,1.65767E+00
1.24485E-09,1.67123E+00
1.29485E-09,1.68532E+00
1.34485E-09,1.69836E+00
1.39485E-09,1.71192E+00
1.44485E-09,1.72549E+00
1.49485E-09,1.74009E+00
1.54485E-09,1.75365E+00
1.59485E-09,1.76722E+00
1.64485E-09,1.78026E+00
1.69485E-09,1.79434E+00
1.74485E-09,1.80843E+00
1.79485E-09,1.82303E+00
1.84485E-09,1.83712E+00
1.89485E-09,1.85068E+00
1.94485E-09,1.86424E+00
1.99485E-09,1.87885E+00
2.04485E-09,1.89241E+00
2.09485E-09,1.90754E+00
2.14485E-09,1.92058E+00
2.19485E-09,1.93466E+00
2.24485E-09,1.94718E+00
2.29485E-09,1.96179E+00
2.34485E-09,1.97483E+00
2.39485E-09,1.98892E+00
2.44485E-09,2.00196E+00
2.49485E-09,2.01552E+00
2.54485E-09,2.02908E+00
2.59485E-09,2.04212E+00
2.64485E-09,2.05464E+00
2.69485E-09,2.06768E+00
2.74485E-09,2.08020E+00
2.79485E-09,2.09272E+00
2.84485E-09,2.10524E+00
2.89485E-09,2.11776E+00
2.94485E-09,2.13028E+00
2.99485E-09,2.14280E+00
3.04485E-09,2.15584E+00
3.09485E-09,2.16628E+00
3.14485E-09,2.17879E+00
3.19485E-09,2.19027E+00
3.24485E-09,2.20123E+00
3.29485E-09,2.21322E+00
3.34485E-09,2.22418E+00
3.39485E-09,2.23513E+00
3.44485E-09,2.24661E+00
3.49485E-09,2.25652E+00
3.54485E-09,2.26695E+00
3.59485E-09,2.27791E+00
3.64485E-09,2.28730E+00
3.69485E-09,2.29773E+00
3.74485E-09,2.30712E+00
3.79485E-09,2.31703E+00
3.84485E-09,2.32590E+00
3.89485E-09,2.33581E+00
3.94485E-09,2.34468E+00
3.99485E-09,2.35355E+00
4.04485E-09,2.36189E+00
4.09485E-09,2.36920E+00
4.14485E-09,2.37806E+00
4.19485E-09,2.38537E+00
4.24485E-09,2.39267E+00
4.29485E-09,2.39945E+00
4.34485E-09,2.40675E+00
4.39485E-09,2.41406E+00
4.44485E-09,2.42032E+00
4.49485E-09,2.42658E+00
4.54485E-09,2.43284E+00
4.59485E-09,2.43910E+00
4.64485E-09,2.44536E+00
4.69485E-09,2.45109E+00
4.74485E-09,2.45787E+00
4.79485E-09,2.46309E+00
4.84485E-09,2.46883E+00
4.89485E-09,2.47457E+00
4.94485E-09,2.47978E+00
4.99485E-09,2.48500E+00
5.04485E-09,2.49022E+00
5.09485E-09,2.49543E+00
5.14485E-09,2.50013E+00
5.19485E-09,2.50482E+00
5.24485E-09,2.50952E+00
5.29485E-09,2.51473E+00
5.34485E-09,2.51943E+00
5.39485E-09,2.52308E+00
5.44485E-09,2.52778E+00
5.49485E-09,2.53091E+00
5.54485E-09,2.53456E+00
5.59485E-09,2.53769E+00
5.64485E-09,2.54290E+00
5.69485E-09,2.54499E+00
5.74485E-09,2.54708E+00
5.79485E-09,2.55021E+00
5.84485E-09,2.55281E+00
5.89485E-09,2.55542E+00
5.94485E-09,2.55751E+00
5.99485E-09,2.56012E+00
6.04485E-09,2.56012E+00
6.09485E-09,2.56168E+00
6.14485E-09,2.56325E+00
6.19485E-09,2.56481E+00
6.24485E-09,2.56638E+00
6.29485E-09,2.56742E+00
6.34485E-09,2.56794E+00
6.39485E-09,2.56899E+00
6.44485E-09,2.57003E+00
6.49485E-09,2.57107E+00
6.54485E-09,2.57212E+00
6.59485E-09,2.57212E+00
6.64485E-09,2.57264E+00
6.69485E-09,2.57368E+00
6.74485E-09,2.57420E+00
6.79485E-09,2.57472E+00
6.84485E-09,2.57577E+00
6.89485E-09,2.57577E+00
6.94485E-09,2.57733E+00
6.99485E-09,2.57785E+00
7.04485E-09,2.57837E+00
7.09485E-09,2.57942E+00
7.14485E-09,2.57994E+00
7.19485E-09,2.58046E+00
7.24485E-09,2.58046E+00
7.29485E-09,2.58046E+00
7.34485E-09,2.58098E+00
7.39485E-09,2.58150E+00
7.44485E-09,2.58203E+00
7.49485E-09,2.58098E+00
7.54485E-09,2.58098E+00
7.59485E-09,2.58098E+00
7.64485E-09,2.58098E+00
7.69485E-09,2.58046E+00
7.74485E-09,2.57994E+00
7.79485E-09,2.57942E+00
7.84485E-09,2.57837E+00
7.89485E-09,2.57785E+00
7.94485E-09,2.57681E+00
7.99485E-09,2.57577E+00
8.04485E-09,2.57472E+00
8.09485E-09,2.57420E+00
8.14485E-09,2.57368E+00
8.19485E-09,2.57264E+00
8.24485E-09,2.57212E+00
8.29485E-09,2.57107E+00
8.34485E-09,2.57003E+00
8.39485E-09,2.57003E+00
8.44485E-09,2.57003E+00
8.49485E-09,2.57003E+00
8.54485E-09,2.56951E+00
8.59485E-09,2.56951E+00
8.64485E-09,2.56899E+00
8.69485E-09,2.56899E+00
8.74485E-09,2.56951E+00
8.79485E-09,2.56951E+00
8.84485E-09,2.56951E+00
8.89485E-09,2.56951E+00
8.94485E-09,2.57055E+00
8.99485E-09,2.57107E+00
9.04485E-09,2.57159E+00
9.09485E-09,2.57159E+00
9.14485E-09,2.57316E+00
9.19485E-09,2.57420E+00
9.24485E-09,2.57472E+00
9.29485E-09,2.57577E+00
9.34485E-09,2.57629E+00
9.39485E-09,2.57733E+00
9.44485E-09,2.57837E+00
9.49485E-09,2.57942E+00
9.54485E-09,2.57994E+00
9.59485E-09,2.58046E+00
9.64485E-09,2.58098E+00
9.69485E-09,2.58098E+00
9.74485E-09,2.58150E+00
9.79485E-09,2.58150E+00
9.84485E-09,2.58203E+00
9.89485E-09,2.58203E+00
9.94485E-09,2.58203E+00
9.99485E-09,2.58203E+00
1.004485E-08,2.58150E+00
1.009485E-08,2.58150E+00
1.014485E-08,2.58150E+00
1.019485E-08,2.58046E+00
1.024485E-08,2.58046E+00
1.029485E-08,2.57994E+00
1.034485E-08,2.58046E+00
1.039485E-08,2.57994E+00
1.044485E-08,2.57942E+00
1.049485E-08,2.57942E+00
1.054485E-08,2.57942E+00
1.059485E-08,2.57942E+00
1.064485E-08,2.57942E+00
1.069485E-08,2.57942E+00
1.074485E-08,2.57942E+00
1.079485E-08,2.57942E+00
1.084485E-08,2.57994E+00
1.089485E-08,2.58046E+00
1.094485E-08,2.58150E+00
1.099485E-08,2.58203E+00
1.104485E-08,2.58307E+00
1.109485E-08,2.58411E+00
1.114485E-08,2.58516E+00
1.119485E-08,2.58620E+00
1.124485E-08,2.58724E+00
1.129485E-08,2.58829E+00
1.134485E-08,2.58933E+00
1.139485E-08,2.59037E+00
1.144485E-08,2.59142E+00
1.149485E-08,2.59350E+00
1.154485E-08,2.59455E+00
1.159485E-08,2.59507E+00
1.164485E-08,2.59611E+00
1.169485E-08,2.59663E+00
1.174485E-08,2.59663E+00
1.179485E-08,2.59663E+00
1.184485E-08,2.59663E+00
1.189485E-08,2.59611E+00
1.194485E-08,2.59507E+00
1.199485E-08,2.59455E+00
1.204485E-08,2.59298E+00
1.209485E-08,2.59194E+00
1.214485E-08,2.58985E+00
1.219485E-08,2.58829E+00
1.224485E-08,2.58724E+00
1.229485E-08,2.58516E+00
1.234485E-08,2.58255E+00
1.239485E-08,2.58046E+00
1.244485E-08,2.57837E+00
1.249485E-08,2.57577E+00
1.254485E-08,2.57316E+00
1.259485E-08,2.57107E+00
1.264485E-08,2.56899E+00
1.269485E-08,2.56690E+00
1.274485E-08,2.56429E+00
1.279485E-08,2.56220E+00
1.284485E-08,2.55907E+00
1.289485E-08,2.55751E+00
1.294485E-08,2.55594E+00
1.299485E-08,2.55438E+00
1.304485E-08,2.55386E+00
1.309485E-08,2.55334E+00
1.314485E-08,2.55281E+00
1.319485E-08,2.55177E+00
1.324485E-08,2.55125E+00
1.329485E-08,2.55125E+00
1.334485E-08,2.55073E+00
1.339485E-08,2.55073E+00
1.344485E-08,2.55125E+00
1.349485E-08,2.55125E+00
1.354485E-08,2.55177E+00
1.359485E-08,2.55229E+00
1.364485E-08,2.55177E+00
1.369485E-08,2.55281E+00
1.374485E-08,2.55334E+00
1.379485E-08,2.55438E+00
1.384485E-08,2.55438E+00
1.389485E-08,2.55386E+00
1.394485E-08,2.55490E+00
1.399485E-08,2.55490E+00
1.404485E-08,2.55542E+00
1.409485E-08,2.55490E+00
1.414485E-08,2.55542E+00
1.419485E-08,2.55542E+00
1.424485E-08,2.55542E+00
1.429485E-08,2.55542E+00
1.434485E-08,2.55542E+00
1.439485E-08,2.55594E+00
1.444485E-08,2.55542E+00
1.449485E-08,2.55542E+00
1.454485E-08,2.55594E+00
1.459485E-08,2.55594E+00
1.464485E-08,2.55647E+00
1.469485E-08,2.55647E+00
1.474485E-08,2.55803E+00
1.479485E-08,2.55855E+00
1.484485E-08,2.56116E+00
1.489485E-08,2.56168E+00
1.494485E-08,2.56377E+00
1.499485E-08,2.56533E+00
1.504485E-08,2.56638E+00
1.509485E-08,2.56951E+00
1.514485E-08,2.57107E+00
1.519485E-08,2.57264E+00
1.524485E-08,2.57472E+00
1.529485E-08,2.57681E+00
1.534485E-08,2.57994E+00
1.539485E-08,2.58150E+00
1.544485E-08,2.58463E+00
1.549485E-08,2.58620E+00
1.554485E-08,2.58776E+00
1.559485E-08,2.58933E+00
1.564485E-08,2.59037E+00
1.569485E-08,2.59246E+00
1.574485E-08,2.59298E+00
1.579485E-08,2.59402E+00
1.584485E-08,2.59507E+00
1.589485E-08,2.59507E+00
1.594485E-08,2.59559E+00
1.599485E-08,2.59507E+00
1.604485E-08,2.59350E+00
1.609485E-08,2.59298E+00
1.614485E-08,2.59194E+00
1.619485E-08,2.58985E+00
1.624485E-08,2.58881E+00
1.629485E-08,2.58724E+00
1.634485E-08,2.58516E+00
1.639485E-08,2.58255E+00
1.644485E-08,2.58046E+00
1.649485E-08,2.57942E+00
1.654485E-08,2.57629E+00
1.659485E-08,2.57420E+00
1.664485E-08,2.57159E+00
1.669485E-08,2.57055E+00
1.674485E-08,2.56899E+00
1.679485E-08,2.56742E+00
1.684485E-08,2.56586E+00
1.689485E-08,2.56481E+00
1.694485E-08,2.56377E+00
1.699485E-08,2.56377E+00
1.704485E-08,2.56325E+00
1.709485E-08,2.56325E+00
1.714485E-08,2.56325E+00
1.719485E-08,2.56377E+00
1.724485E-08,2.56429E+00
1.729485E-08,2.56533E+00
1.734485E-08,2.56690E+00
1.739485E-08,2.56690E+00
1.744485E-08,2.56846E+00
1.749485E-08,2.57003E+00
1.754485E-08,2.57107E+00
1.759485E-08,2.57212E+00
1.764485E-08,2.57316E+00
1.769485E-08,2.57420E+00
1.774485E-08,2.57472E+00
1.779485E-08,2.57577E+00
1.784485E-08,2.57681E+00
1.789485E-08,2.57681E+00
1.794485E-08,2.57681E+00
1.799485E-08,2.57681E+00
1.804485E-08,2.57681E+00
1.809485E-08,2.57681E+00
1.814485E-08,2.57681E+00
1.819485E-08,2.57577E+00
1.824485E-08,2.57524E+00
1.829485E-08,2.57472E+00
1.834485E-08,2.57316E+00
1.839485E-08,2.57159E+00
1.844485E-08,2.57159E+00
1.849485E-08,2.57003E+00
1.854485E-08,2.56951E+00
1.859485E-08,2.56742E+00
1.864485E-08,2.56690E+00
1.869485E-08,2.56533E+00
1.874485E-08,2.56481E+00
1.879485E-08,2.56429E+00
1.884485E-08,2.56377E+00
1.889485E-08,2.56325E+00
1.894485E-08,2.56325E+00
1.899485E-08,2.56325E+00
1.904485E-08,2.56377E+00
1.909485E-08,2.56429E+00
1.914485E-08,2.56533E+00
1.919485E-08,2.56638E+00
1.924485E-08,2.56690E+00
1.929485E-08,2.56951E+00
1.934485E-08,2.57055E+00
1.939485E-08,2.57159E+00
1.944485E-08,2.57368E+00
1.949485E-08,2.57524E+00
1.954485E-08,2.57733E+00
1.959485E-08,2.57942E+00
1.964485E-08,2.58046E+00
1.969485E-08,2.58255E+00
1.974485E-08,2.58411E+00
1.979485E-08,2.58568E+00
1.984485E-08,2.58724E+00
1.989485E-08,2.58776E+00
1.994485E-08,2.58985E+00
1.999485E-08,2.58985E+00
2.004485E-08,2.59037E+00
2.009485E-08,2.59089E+00
2.014485E-08,2.59089E+00
2.019485E-08,2.59089E+00
2.024485E-08,2.59089E+00
2.029485E-08,2.59037E+00
2.034485E-08,2.58985E+00
2.039485E-08,2.58985E+00
2.044485E-08,2.58776E+00
2.049485E-08,2.58672E+00
2.054485E-08,2.58568E+00
2.059485E-08,2.58463E+00
2.064485E-08,2.58307E+00
2.069485E-08,2.58150E+00
2.074485E-08,2.58046E+00
2.079485E-08,2.57890E+00
2.084485E-08,2.57733E+00
2.089485E-08,2.57524E+00
2.094485E-08,2.57420E+00
2.099485E-08,2.57264E+00
2.104485E-08,2.57159E+00
2.109485E-08,2.57055E+00
2.114485E-08,2.56951E+00
2.119485E-08,2.56951E+00
2.124485E-08,2.56899E+00
2.129485E-08,2.56794E+00
2.134485E-08,2.56794E+00
2.139485E-08,2.56794E+00
2.144485E-08,2.56794E+00
2.149485E-08,2.56846E+00
2.154485E-08,2.56899E+00
2.159485E-08,2.56951E+00
2.164485E-08,2.56951E+00
2.169485E-08,2.57003E+00
2.174485E-08,2.57055E+00
2.179485E-08,2.57159E+00
2.184485E-08,2.57264E+00
2.189485E-08,2.57420E+00
2.194485E-08,2.57472E+00
2.199485E-08,2.57577E+00
2.204485E-08,2.57629E+00
2.209485E-08,2.57785E+00
2.214485E-08,2.57890E+00
2.219485E-08,2.57942E+00
2.224485E-08,2.58046E+00
2.229485E-08,2.58098E+00
2.234485E-08,2.58098E+00
2.239485E-08,2.58203E+00
2.244485E-08,2.58150E+00
2.249485E-08,2.58150E+00
2.254485E-08,2.58150E+00
2.259485E-08,2.58150E+00
2.264485E-08,2.58098E+00
2.269485E-08,2.58098E+00
2.274485E-08,2.57994E+00
2.279485E-08,2.57994E+00
2.284485E-08,2.57890E+00
2.289485E-08,2.57733E+00
2.294485E-08,2.57629E+00
2.299485E-08,2.57524E+00
2.304485E-08,2.57420E+00
2.309485E-08,2.57264E+00
2.314485E-08,2.57159E+00
2.319485E-08,2.57107E+00
2.324485E-08,2.57003E+00
2.329485E-08,2.56742E+00
2.334485E-08,2.56690E+00
2.339485E-08,2.56533E+00
2.344485E-08,2.56429E+00
2.349485E-08,2.56220E+00
2.354485E-08,2.56168E+00
2.359485E-08,2.56012E+00
2.364485E-08,2.55907E+00
2.369485E-08,2.55803E+00
2.374485E-08,2.55751E+00
2.379485E-08,2.55647E+00
2.384485E-08,2.55647E+00
2.389485E-08,2.55594E+00
2.394485E-08,2.55542E+00
2.399485E-08,2.55594E+00
2.404485E-08,2.55594E+00
2.409485E-08,2.55542E+00
2.414485E-08,2.55594E+00
2.419485E-08,2.55647E+00
2.424485E-08,2.55647E+00
2.429485E-08,2.55699E+00
2.434485E-08,2.55751E+00
2.439485E-08,2.55803E+00
2.444485E-08,2.55855E+00
2.449485E-08,2.55907E+00
2.454485E-08,2.56064E+00
2.459485E-08,2.56168E+00
2.464485E-08,2.56220E+00
2.469485E-08,2.56325E+00
2.474485E-08,2.56429E+00
2.479485E-08,2.56533E+00
2.484485E-08,2.56638E+00
2.489485E-08,2.56690E+00
2.494485E-08,2.56742E+00
2.499485E-08,2.56794E+00
2.504485E-08,2.56899E+00
2.509485E-08,2.56951E+00
2.514485E-08,2.57055E+00
2.519485E-08,2.57107E+00
2.524485E-08,2.57107E+00
2.529485E-08,2.57212E+00
2.534485E-08,2.57264E+00
2.539485E-08,2.57159E+00
2.544485E-08,2.57212E+00
2.549485E-08,2.57159E+00
2.554485E-08,2.57212E+00
2.559485E-08,2.57212E+00
2.564485E-08,2.57212E+00
2.569485E-08,2.57264E+00
2.574485E-08,2.57264E+00
2.579485E-08,2.57264E+00
2.584485E-08,2.57316E+00
2.589485E-08,2.57316E+00
2.594485E-08,2.57368E+00
2.599485E-08,2.57316E+00
2.604485E-08,2.57368E+00
2.609485E-08,2.57368E+00
2.614485E-08,2.57368E+00
2.619485E-08,2.57420E+00
2.624485E-08,2.57420E+00
2.629485E-08,2.57420E+00
2.634485E-08,2.57472E+00
2.639485E-08,2.57420E+00
2.644485E-08,2.57472E+00
2.649485E-08,2.57472E+00
2.654485E-08,2.57524E+00
2.659485E-08,2.57524E+00
2.664485E-08,2.57524E+00
2.669485E-08,2.57577E+00
2.674485E-08,2.57577E+00
2.679485E-08,2.57577E+00
2.684485E-08,2.57577E+00
2.689485E-08,2.57577E+00
2.694485E-08,2.57577E+00
2.699485E-08,2.57524E+00
2.704485E-08,2.57524E+00
2.709485E-08,2.57524E+00
2.714485E-08,2.57472E+00
2.719485E-08,2.57472E+00
2.724485E-08,2.57472E+00
2.729485E-08,2.57420E+00
2.734485E-08,2.57420E+00
2.739485E-08,2.57420E+00
2.744485E-08,2.57420E+00
2.749485E-08,2.57420E+00
2.754485E-08,2.57472E+00
2.759485E-08,2.57472E+00
2.764485E-08,2.57524E+00
2.769485E-08,2.57524E+00
2.774485E-08,2.57629E+00
2.779485E-08,2.57681E+00
2.784485E-08,2.57733E+00
2.789485E-08,2.57785E+00
2.794485E-08,2.57890E+00
2.799485E-08,2.57942E+00
2.804485E-08,2.57942E+00
2.809485E-08,2.58098E+00
2.814485E-08,2.58203E+00
2.819485E-08,2.58255E+00
2.824485E-08,2.58463E+00
2.829485E-08,2.58516E+00
2.834485E-08,2.58516E+00
2.839485E-08,2.58620E+00
2.844485E-08,2.58776E+00
2.849485E-08,2.58829E+00
2.854485E-08,2.58933E+00
2.859485E-08,2.58933E+00
2.864485E-08,2.58985E+00
2.869485E-08,2.58985E+00
2.874485E-08,2.59037E+00
2.879485E-08,2.59037E+00
2.884485E-08,2.59037E+00
2.889485E-08,2.58985E+00
2.894485E-08,2.58985E+00
2.899485E-08,2.58985E+00
2.904485E-08,2.58881E+00
2.909485E-08,2.58829E+00
2.914485E-08,2.58724E+00
2.919485E-08,2.58568E+00
2.924485E-08,2.58411E+00
2.929485E-08,2.58255E+00
2.934485E-08,2.58098E+00
2.939485E-08,2.57942E+00
2.944485E-08,2.57733E+00
2.949485E-08,2.57577E+00
2.954485E-08,2.57420E+00
2.959485E-08,2.57159E+00
2.964485E-08,2.57055E+00
2.969485E-08,2.56951E+00
2.974485E-08,2.56690E+00
2.979485E-08,2.56638E+00
2.984485E-08,2.56429E+00
2.989485E-08,2.56377E+00
2.994485E-08,2.56220E+00
2.999485E-08,2.56220E+00
3.004485E-08,2.56168E+00
3.009485E-08,2.56064E+00
3.014485E-08,2.55960E+00
3.019485E-08,2.55907E+00
3.024485E-08,2.55907E+00
3.029485E-08,2.55907E+00
3.034485E-08,2.56012E+00
3.039485E-08,2.56064E+00
3.044485E-08,2.56168E+00
3.049485E-08,2.56220E+00
3.054485E-08,2.56220E+00
3.059485E-08,2.56377E+00
3.064485E-08,2.56429E+00
3.069485E-08,2.56533E+00
3.074485E-08,2.56638E+00
3.079485E-08,2.56690E+00
3.084485E-08,2.56742E+00
3.089485E-08,2.56794E+00
3.094485E-08,2.56951E+00
3.099485E-08,2.56951E+00
3.104485E-08,2.57003E+00
3.109485E-08,2.57003E+00
3.114485E-08,2.57055E+00
3.119485E-08,2.57055E+00
3.124485E-08,2.57003E+00
3.129485E-08,2.57003E+00
3.134485E-08,2.56951E+00
3.139485E-08,2.56846E+00
3.144485E-08,2.56846E+00
3.149485E-08,2.56690E+00
3.154485E-08,2.56533E+00
3.159485E-08,2.56429E+00
3.164485E-08,2.56325E+00
3.169485E-08,2.56116E+00
3.174485E-08,2.55960E+00
3.179485E-08,2.55960E+00
3.184485E-08,2.55751E+00
3.189485E-08,2.55542E+00
3.194485E-08,2.55386E+00
3.199485E-08,2.55177E+00
3.204485E-08,2.55073E+00
3.209485E-08,2.54812E+00
3.214485E-08,2.54499E+00
3.219485E-08,2.54395E+00
3.224485E-08,2.54238E+00
3.229485E-08,2.54029E+00
3.234485E-08,2.53769E+00
3.239485E-08,2.53508E+00
3.244485E-08,2.53299E+00
3.249485E-08,2.53091E+00
3.254485E-08,2.52882E+00
3.259485E-08,2.52673E+00
3.264485E-08,2.52360E+00
3.269485E-08,2.52152E+00
3.274485E-08,2.51943E+00
3.279485E-08,2.51630E+00
3.284485E-08,2.51421E+00
3.289485E-08,2.51160E+00
3.294485E-08,2.50847E+00
3.299485E-08,2.50587E+00
3.304485E-08,2.50221E+00
3.309485E-08,2.49961E+00
3.314485E-08,2.49700E+00
3.319485E-08,2.49387E+00
3.324485E-08,2.49126E+00
3.329485E-08,2.48813E+00
3.334485E-08,2.48448E+00
3.339485E-08,2.48083E+00
3.344485E-08,2.47718E+00
3.349485E-08,2.47352E+00
3.354485E-08,2.47039E+00
3.359485E-08,2.46779E+00
3.364485E-08,2.46413E+00
3.369485E-08,2.46100E+00
3.374485E-08,2.45787E+00
3.379485E-08,2.45422E+00
3.384485E-08,2.45057E+00
3.389485E-08,2.44692E+00
3.394485E-08,2.44379E+00
3.399485E-08,2.44118E+00
3.404485E-08,2.43701E+00
3.409485E-08,2.43440E+00
3.414485E-08,2.43075E+00
3.419485E-08,2.42762E+00
3.424485E-08,2.42397E+00
3.429485E-08,2.42136E+00
3.434485E-08,2.41719E+00
3.439485E-08,2.41406E+00
3.444485E-08,2.41093E+00
3.449485E-08,2.40780E+00
3.454485E-08,2.40415E+00
3.459485E-08,2.40049E+00
3.464485E-08,2.39736E+00
3.469485E-08,2.39267E+00
3.474485E-08,2.39006E+00
3.479485E-08,2.38641E+00
3.484485E-08,2.38328E+00
3.489485E-08,2.37806E+00
3.494485E-08,2.37545E+00
3.499485E-08,2.37024E+00
3.504485E-08,2.36607E+00
3.509485E-08,2.36294E+00
3.514485E-08,2.35772E+00
3.519485E-08,2.35355E+00
3.524485E-08,2.34781E+00
3.529485E-08,2.34416E+00
3.534485E-08,2.33894E+00
3.539485E-08,2.33372E+00
3.544485E-08,2.32851E+00
3.549485E-08,2.32277E+00
3.554485E-08,2.31703E+00
3.559485E-08,2.31025E+00
3.564485E-08,2.30451E+00
3.569485E-08,2.29877E+00
3.574485E-08,2.29251E+00
3.579485E-08,2.28521E+00
3.584485E-08,2.27843E+00
3.589485E-08,2.27008E+00
3.594485E-08,2.26278E+00
3.599485E-08,2.25443E+00
3.604485E-08,2.24713E+00
3.609485E-08,2.23826E+00
3.614485E-08,2.22939E+00
3.619485E-08,2.22157E+00
3.624485E-08,2.21218E+00
3.629485E-08,2.20227E+00
3.634485E-08,2.19288E+00
3.639485E-08,2.18297E+00
3.644485E-08,2.17306E+00
3.649485E-08,2.16367E+00
3.654485E-08,2.15271E+00
3.659485E-08,2.14228E+00
3.664485E-08,2.13289E+00
3.669485E-08,2.12194E+00
3.674485E-08,2.11046E+00
3.679485E-08,2.10003E+00
3.684485E-08,2.09011E+00
3.689485E-08,2.08020E+00
3.694485E-08,2.06821E+00
3.699485E-08,2.05725E+00
3.704485E-08,2.04682E+00
3.709485E-08,2.03639E+00
3.714485E-08,2.02595E+00
3.719485E-08,2.01448E+00
3.724485E-08,2.00404E+00
3.729485E-08,1.99309E+00
3.734485E-08,1.98266E+00
3.739485E-08,1.97118E+00
3.744485E-08,1.96127E+00
3.749485E-08,1.95031E+00
3.754485E-08,1.93884E+00
3.759485E-08,1.92788E+00
3.764485E-08,1.91641E+00
3.769485E-08,1.90597E+00
3.774485E-08,1.89450E+00
3.779485E-08,1.88302E+00
3.784485E-08,1.87050E+00
3.789485E-08,1.85955E+00
3.794485E-08,1.84703E+00
3.799485E-08,1.83555E+00
3.804485E-08,1.82408E+00
3.809485E-08,1.81156E+00
3.814485E-08,1.79904E+00
3.819485E-08,1.78600E+00
3.824485E-08,1.77295E+00
3.829485E-08,1.75991E+00
3.834485E-08,1.74687E+00
3.839485E-08,1.73279E+00
3.844485E-08,1.71975E+00
3.849485E-08,1.70618E+00
3.854485E-08,1.69262E+00
3.859485E-08,1.67697E+00
3.864485E-08,1.66341E+00
3.869485E-08,1.64985E+00
3.874485E-08,1.63472E+00
3.879485E-08,1.61907E+00
3.884485E-08,1.60498E+00
3.889485E-08,1.58934E+00
3.894485E-08,1.57473E+00
3.899485E-08,1.55856E+00
3.904485E-08,1.54395E+00
3.909485E-08,1.52778E+00
3.914485E-08,1.51213E+00
3.919485E-08,1.49544E+00
3.924485E-08,1.47927E+00
3.929485E-08,1.46362E+00
3.934485E-08,1.44745E+00
3.939485E-08,1.43180E+00
3.944485E-08,1.41511E+00
3.949485E-08,1.39841E+00
3.954485E-08,1.38224E+00
3.959485E-08,1.36555E+00
3.964485E-08,1.34938E+00
3.969485E-08,1.33269E+00
3.974485E-08,1.31652E+00
3.979485E-08,1.30034E+00
3.984485E-08,1.28313E+00
3.989485E-08,1.26644E+00
3.994485E-08,1.24974E+00
3.999485E-08,1.23410E+00
4.004485E-08,1.21740E+00
4.009485E-08,1.20071E+00
4.014485E-08,1.18506E+00
4.019485E-08,1.16837E+00
4.024485E-08,1.15220E+00
4.029485E-08,1.13603E+00
4.034485E-08,1.12090E+00
4.039485E-08,1.10577E+00
4.044485E-08,1.08960E+00
4.049485E-08,1.07447E+00
4.054485E-08,1.05934E+00
4.059485E-08,1.04474E+00
4.064485E-08,1.02909E+00
4.069485E-08,1.01448E+00
4.074485E-08,9.9988E-01
4.079485E-08,9.8631E-01
4.084485E-08,9.7171E-01
4.089485E-08,9.5762E-01
4.094485E-08,9.4406E-01
4.099485E-08,9.2998E-01
4.104485E-08,9.1641E-01
4.109485E-08,9.0285E-01
4.114485E-08,8.8981E-01
4.119485E-08,8.7573E-01
4.124485E-08,8.6216E-01
4.129485E-08,8.4964E-01
4.134485E-08,8.3660E-01
4.139485E-08,8.2356E-01
4.144485E-08,8.1000E-01
4.149485E-08,7.9696E-01
4.154485E-08,7.8444E-01
4.159485E-08,7.7192E-01
4.164485E-08,7.5731E-01
4.169485E-08,7.4427E-01
4.174485E-08,7.3123E-01
4.179485E-08,7.1819E-01
4.184485E-08,7.0515E-01
4.189485E-08,6.9158E-01
4.194485E-08,6.7906E-01
4.199485E-08,6.6602E-01
4.204485E-08,6.5298E-01
4.209485E-08,6.3942E-01
4.214485E-08,6.2638E-01
4.219485E-08,6.1282E-01
4.224485E-08,5.9977E-01
4.229485E-08,5.8726E-01
4.234485E-08,5.7474E-01
4.239485E-08,5.6065E-01
4.244485E-08,5.4813E-01
4.249485E-08,5.3509E-01
4.254485E-08,5.2257E-01
4.259485E-08,5.1110E-01
4.264485E-08,4.9858E-01
4.269485E-08,4.8606E-01
4.274485E-08,4.7406E-01
4.279485E-08,4.6258E-01
4.284485E-08,4.5058E-01
4.289485E-08,4.3963E-01
4.294485E-08,4.2815E-01
4.299485E-08,4.1668E-01
4.304485E-08,4.0624E-01
4.309485E-08,3.9477E-01
4.314485E-08,3.8486E-01
4.319485E-08,3.7495E-01
4.324485E-08,3.6295E-01
4.329485E-08,3.5408E-01
4.334485E-08,3.4469E-01
4.339485E-08,3.3426E-01
4.344485E-08,3.2435E-01
4.349485E-08,3.1600E-01
4.354485E-08,3.0557E-01
4.359485E-08,2.9618E-01
4.364485E-08,2.8783E-01
4.369485E-08,2.7844E-01
4.374485E-08,2.6957E-01
4.379485E-08,2.6123E-01
4.384485E-08,2.5184E-01
4.389485E-08,2.4297E-01
4.394485E-08,2.3567E-01
4.399485E-08,2.2680E-01
4.404485E-08,2.1793E-01
4.409485E-08,2.1011E-01
4.414485E-08,2.0228E-01
4.419485E-08,1.9498E-01
4.424485E-08,1.8715E-01
4.429485E-08,1.7881E-01
4.434485E-08,1.6994E-01
4.439485E-08,1.6368E-01
4.444485E-08,1.5585E-01
4.449485E-08,1.4907E-01
4.454485E-08,1.4125E-01
4.459485E-08,1.3447E-01
4.464485E-08,1.2821E-01
4.469485E-08,1.2143E-01
4.474485E-08,1.1517E-01
4.479485E-08,1.0943E-01
4.484485E-08,1.0421E-01
4.489485E-08,9.795E-02
4.494485E-08,9.221E-02
4.499485E-08,8.700E-02
4.504485E-08,8.178E-02
4.509485E-08,7.761E-02
4.514485E-08,7.291E-02
4.519485E-08,6.874E-02
4.524485E-08,6.561E-02
4.529485E-08,6.092E-02
4.534485E-08,5.779E-02
4.539485E-08,5.413E-02
4.544485E-08,5.153E-02
4.549485E-08,4.892E-02
4.554485E-08,4.579E-02
4.559485E-08,4.318E-02
4.564485E-08,4.057E-02
4.569485E-08,3.848E-02
4.574485E-08,3.588E-02
4.579485E-08,3.379E-02
4.584485E-08,3.222E-02
4.589485E-08,2.962E-02
4.594485E-08,2.805E-02
4.599485E-08,2.701E-02
4.604485E-08,2.544E-02
4.609485E-08,2.388E-02
4.614485E-08,2.284E-02
4.619485E-08,2.127E-02
4.624485E-08,2.075E-02
4.629485E-08,1.971E-02
4.634485E-08,1.866E-02
4.639485E-08,1.762E-02
4.644485E-08,1.658E-02
4.649485E-08,1.658E-02
4.654485E-08,1.605E-02
4.659485E-08,1.553E-02
4.664485E-08,1.501E-02
4.669485E-08,1.501E-02
4.674485E-08,1.553E-02
4.679485E-08,1.553E-02
4.684485E-08,1.605E-02
4.689485E-08,1.658E-02
4.694485E-08,1.710E-02
4.699485E-08,1.762E-02
4.704485E-08,1.866E-02
4.709485E-08,1.971E-02
4.714485E-08,2.075E-02
4.719485E-08,2.127E-02
4.724485E-08,2.231E-02
4.729485E-08,2.336E-02
4.734485E-08,2.544E-02
4.739485E-08,2.597E-02
4.744485E-08,2.649E-02
4.749485E-08,2.805E-02
4.754485E-08,2.857E-02
4.759485E-08,2.962E-02
4.764485E-08,3.014E-02
4.769485E-08,3.066E-02
4.774485E-08,3.118E-02
4.779485E-08,3.170E-02
4.784485E-08,3.275E-02
4.789485E-08,3.275E-02
4.794485E-08,3.275E-02
4.799485E-08,3.327E-02
4.804485E-08,3.327E-02
4.809485E-08,3.327E-02
4.814485E-08,3.327E-02
4.819485E-08,3.275E-02
4.824485E-08,3.275E-02
4.829485E-08,3.222E-02
4.834485E-08,3.275E-02
4.839485E-08,3.222E-02
4.844485E-08,3.118E-02
4.849485E-08,3.118E-02
4.854485E-08,3.066E-02
4.859485E-08,3.066E-02
4.864485E-08,3.066E-02
4.869485E-08,3.066E-02
4.874485E-08,3.014E-02
4.879485E-08,3.014E-02
4.884485E-08,3.014E-02
4.889485E-08,3.014E-02
4.894485E-08,3.066E-02
4.899485E-08,3.066E-02
4.904485E-08,3.066E-02
4.909485E-08,3.066E-02
4.914485E-08,3.118E-02
4.919485E-08,3.118E-02
4.924485E-08,3.222E-02
4.929485E-08,3.275E-02
4.934485E-08,3.222E-02
4.939485E-08,3.275E-02
4.944485E-08,3.275E-02
4.949485E-08,3.327E-02
4.954485E-08,3.327E-02
4.959485E-08,3.327E-02
4.964485E-08,3.275E-02
4.969485E-08,3.275E-02
4.974485E-08,3.222E-02
4.979485E-08,3.275E-02
4.984485E-08,3.170E-02
4.989485E-08,3.066E-02
4.994485E-08,3.118E-02
4.999485E-08,3.014E-02
5.004485E-08,2.962E-02
5.009485E-08,2.857E-02
5.014485E-08,2.805E-02
5.019485E-08,2.649E-02
5.024485E-08,2.544E-02
5.029485E-08,2.544E-02
5.034485E-08,2.440E-02
5.039485E-08,2.284E-02
5.044485E-08,2.284E-02
5.049485E-08,2.231E-02
5.054485E-08,2.075E-02
5.059485E-08,2.075E-02
5.064485E-08,2.075E-02
5.069485E-08,2.023E-02
5.074485E-08,2.023E-02
5.079485E-08,2.023E-02
5.084485E-08,2.023E-02
5.089485E-08,2.075E-02
5.094485E-08,2.075E-02
5.099485E-08,2.075E-02
5.104485E-08,2.231E-02
5.109485E-08,2.284E-02
5.114485E-08,2.336E-02
5.119485E-08,2.544E-02
5.124485E-08,2.544E-02
5.129485E-08,2.701E-02
5.134485E-08,2.857E-02
5.139485E-08,3.014E-02
5.144485E-08,3.118E-02
5.149485E-08,3.222E-02
5.154485E-08,3.379E-02
5.159485E-08,3.535E-02
5.164485E-08,3.640E-02
5.169485E-08,3.796E-02
5.174485E-08,3.953E-02
5.179485E-08,4.005E-02
5.184485E-08,4.057E-02
5.189485E-08,4.161E-02
5.194485E-08,4.161E-02
5.199485E-08,4.266E-02
5.204485E-08,4.318E-02
5.209485E-08,4.370E-02
5.214485E-08,4.370E-02
5.219485E-08,4.318E-02
5.224485E-08,4.214E-02
5.229485E-08,4.214E-02
5.234485E-08,4.109E-02
5.239485E-08,4.057E-02
5.244485E-08,4.005E-02
5.249485E-08,3.953E-02
5.254485E-08,3.848E-02
5.259485E-08,3.796E-02
5.264485E-08,3.640E-02
5.269485E-08,3.640E-02
5.274485E-08,3.535E-02
5.279485E-08,3.535E-02
5.284485E-08,3.431E-02
5.289485E-08,3.379E-02
5.294485E-08,3.431E-02
5.299485E-08,3.327E-02
5.304485E-08,3.275E-02
5.309485E-08,3.275E-02
5.314485E-08,3.327E-02
5.319485E-08,3.327E-02
5.324485E-08,3.431E-02
5.329485E-08,3.431E-02
5.334485E-08,3.483E-02
5.339485E-08,3.535E-02
5.344485E-08,3.535E-02
5.349485E-08,3.588E-02
5.354485E-08,3.640E-02
5.359485E-08,3.744E-02
5.364485E-08,3.796E-02
5.369485E-08,3.848E-02
5.374485E-08,3.901E-02
5.379485E-08,3.953E-02
5.384485E-08,3.953E-02
5.389485E-08,3.953E-02
5.394485E-08,4.005E-02
5.399485E-08,4.005E-02
5.404485E-08,4.005E-02
5.409485E-08,3.953E-02
5.414485E-08,3.953E-02
5.419485E-08,3.953E-02
5.424485E-08,3.848E-02
5.429485E-08,3.796E-02
5.434485E-08,3.640E-02
5.439485E-08,3.588E-02
5.444485E-08,3.431E-02
5.449485E-08,3.327E-02
5.454485E-08,3.170E-02
5.459485E-08,3.066E-02
5.464485E-08,2.910E-02
5.469485E-08,2.805E-02
5.474485E-08,2.597E-02
5.479485E-08,2.492E-02
5.484485E-08,2.336E-02
5.489485E-08,2.127E-02
5.494485E-08,2.075E-02
5.499485E-08,1.918E-02
5.504485E-08,1.710E-02
5.509485E-08,1.605E-02
5.514485E-08,1.553E-02
5.519485E-08,1.345E-02
5.524485E-08,1.292E-02
5.529485E-08,1.240E-02
5.534485E-08,1.240E-02
5.539485E-08,1.188E-02
5.544485E-08,1.188E-02
5.549485E-08,1.136E-02
5.554485E-08,1.136E-02
5.559485E-08,1.188E-02
5.564485E-08,1.240E-02
5.569485E-08,1.292E-02
5.574485E-08,1.240E-02
5.579485E-08,1.292E-02
5.584485E-08,1.345E-02
5.589485E-08,1.501E-02
5.594485E-08,1.553E-02
5.599485E-08,1.658E-02
5.604485E-08,1.762E-02
5.609485E-08,1.866E-02
5.614485E-08,2.023E-02
5.619485E-08,2.075E-02
5.624485E-08,2.179E-02
5.629485E-08,2.284E-02
5.634485E-08,2.336E-02
5.639485E-08,2.492E-02
5.644485E-08,2.544E-02
5.649485E-08,2.597E-02
5.654485E-08,2.649E-02
5.659485E-08,2.649E-02
5.664485E-08,2.701E-02
5.669485E-08,2.701E-02
5.674485E-08,2.753E-02
5.679485E-08,2.753E-02
5.684485E-08,2.753E-02
5.689485E-08,2.753E-02
5.694485E-08,2.649E-02
5.699485E-08,2.649E-02
5.704485E-08,2.649E-02
5.709485E-08,2.597E-02
5.714485E-08,2.544E-02
5.719485E-08,2.544E-02
5.724485E-08,2.388E-02
5.729485E-08,2.336E-02
5.734485E-08,2.284E-02
5.739485E-08,2.179E-02
5.744485E-08,2.127E-02
5.749485E-08,2.075E-02
5.754485E-08,1.866E-02
5.759485E-08,1.762E-02
5.764485E-08,1.762E-02
5.769485E-08,1.605E-02
5.774485E-08,1.553E-02
5.779485E-08,1.449E-02
5.784485E-08,1.449E-02
5.789485E-08,1.136E-02
5.794485E-08,1.032E-02
5.799485E-08,8.75E-03
5.804485E-08,8.23E-03
5.809485E-08,6.66E-03
5.814485E-08,5.62E-03
5.819485E-08,4.58E-03
5.824485E-08,3.01E-03
5.829485E-08,2.49E-03
5.834485E-08,4.0E-04
5.839485E-08,-1.2E-04
5.844485E-08,-6.4E-04
5.849485E-08,-1.16E-03
5.854485E-08,-1.68E-03
5.859485E-08,-1.68E-03
5.864485E-08,-2.20E-03
5.869485E-08,-2.73E-03
5.874485E-08,-2.73E-03
5.879485E-08,-2.73E-03
5.884485E-08,-2.73E-03
5.889485E-08,-2.20E-03
5.894485E-08,-1.68E-03
5.899485E-08,-1.16E-03
5.904485E-08,-1.16E-03
5.909485E-08,-6.4E-04
5.914485E-08,-6.4E-04
5.919485E-08,4.0E-04
5.924485E-08,9.3E-04
5.929485E-08,1.97E-03
5.934485E-08,3.01E-03
5.939485E-08,4.06E-03
5.944485E-08,5.62E-03
5.949485E-08,6.14E-03
5.954485E-08,7.71E-03
5.959485E-08,8.23E-03
5.964485E-08,8.75E-03
5.969485E-08,1.032E-02
5.974485E-08,1.032E-02
5.979485E-08,1.136E-02
5.984485E-08,1.188E-02
5.989485E-08,1.292E-02
5.994485E-08,1.345E-02
5.999485E-08,1.397E-02
6.004485E-08,1.449E-02
6.009485E-08,1.449E-02
6.014485E-08,1.501E-02
6.019485E-08,1.449E-02
6.024485E-08,1.449E-02
6.029485E-08,1.501E-02
6.034485E-08,1.449E-02
6.039485E-08,1.397E-02
6.044485E-08,1.397E-02
6.049485E-08,1.449E-02
6.054485E-08,1.449E-02
6.059485E-08,1.449E-02
6.064485E-08,1.501E-02
6.069485E-08,1.501E-02
6.074485E-08,1.501E-02
6.079485E-08,1.553E-02
6.084485E-08,1.658E-02
6.089485E-08,1.658E-02
6.094485E-08,1.762E-02
6.099485E-08,1.918E-02
6.104485E-08,2.023E-02
6.109485E-08,2.075E-02
6.114485E-08,2.179E-02
6.119485E-08,2.336E-02
6.124485E-08,2.440E-02
6.129485E-08,2.544E-02
6.134485E-08,2.649E-02
6.139485E-08,2.701E-02
6.144485E-08,2.805E-02
6.149485E-08,2.910E-02
6.154485E-08,2.962E-02
6.159485E-08,3.014E-02
6.164485E-08,3.014E-02
6.169485E-08,3.066E-02
6.174485E-08,3.014E-02
6.179485E-08,2.962E-02
6.184485E-08,2.857E-02
6.189485E-08,2.805E-02
6.194485E-08,2.701E-02
6.199485E-08,2.597E-02
6.204485E-08,2.440E-02
6.209485E-08,2.284E-02
6.214485E-08,2.127E-02
6.219485E-08,1.866E-02
6.224485E-08,1.814E-02
6.229485E-08,1.553E-02
6.234485E-08,1.449E-02
6.239485E-08,1.240E-02
6.244485E-08,9.79E-03
6.249485E-08,7.71E-03
6.254485E-08,5.62E-03
6.259485E-08,5.10E-03
6.264485E-08,3.01E-03
6.269485E-08,1.97E-03
6.274485E-08,-1.2E-04
6.279485E-08,-1.2E-04
6.284485E-08,-1.16E-03
6.289485E-08,-1.16E-03
6.294485E-08,-1.16E-03
6.299485E-08,-6.4E-04
6.304485E-08,-6.4E-04
6.309485E-08,-1.2E-04
6.314485E-08,1.97E-03
6.319485E-08,3.01E-03
6.324485E-08,4.58E-03
6.329485E-08,6.66E-03
6.334485E-08,8.23E-03
6.339485E-08,1.136E-02
6.344485E-08,1.240E-02
6.349485E-08,1.553E-02
6.354485E-08,1.762E-02
6.359485E-08,2.075E-02
6.364485E-08,2.284E-02
6.369485E-08,2.544E-02
6.374485E-08,2.753E-02
6.379485E-08,3.014E-02
6.384485E-08,3.170E-02
6.389485E-08,3.379E-02
6.394485E-08,3.640E-02
6.399485E-08,3.796E-02
6.404485E-08,4.005E-02
6.409485E-08,4.161E-02
6.414485E-08,4.318E-02
6.419485E-08,4.527E-02
6.424485E-08,4.527E-02
6.429485E-08,4.631E-02
6.434485E-08,4.735E-02
6.439485E-08,4.735E-02
6.444485E-08,4.840E-02
6.449485E-08,4.840E-02
6.454485E-08,4.892E-02
6.459485E-08,4.840E-02
6.464485E-08,4.840E-02
6.469485E-08,4.735E-02
6.474485E-08,4.735E-02
6.479485E-08,4.631E-02
6.484485E-08,4.631E-02
6.489485E-08,4.474E-02
6.494485E-08,4.474E-02
6.499485E-08,4.422E-02
6.504485E-08,4.214E-02
6.509485E-08,4.005E-02
6.514485E-08,3.953E-02
6.519485E-08,3.796E-02
6.524485E-08,3.640E-02
6.529485E-08,3.535E-02
6.534485E-08,3.327E-02
6.539485E-08,3.275E-02
6.544485E-08,3.118E-02
6.549485E-08,2.962E-02
6.554485E-08,2.857E-02
6.559485E-08,2.805E-02
6.564485E-08,2.544E-02
6.569485E-08,2.544E-02
6.574485E-08,2.336E-02
6.579485E-08,2.231E-02
6.584485E-08,2.127E-02
6.589485E-08,2.075E-02
6.594485E-08,2.023E-02
6.599485E-08,1.971E-02
6.604485E-08,1.866E-02
6.609485E-08,1.814E-02
6.614485E-08,1.814E-02
6.619485E-08,1.814E-02
6.624485E-08,1.814E-02
6.629485E-08,1.866E-02
6.634485E-08,1.971E-02
6.639485E-08,2.023E-02
6.644485E-08,2.075E-02
6.649485E-08,2.075E-02
6.654485E-08,2.231E-02
6.659485E-08,2.336E-02
6.664485E-08,2.492E-02
6.669485E-08,2.544E-02
6.674485E-08,2.753E-02
6.679485E-08,2.857E-02
6.684485E-08,3.014E-02
6.689485E-08,3.118E-02
6.694485E-08,3.275E-02
6.699485E-08,3.327E-02
6.704485E-08,3.483E-02
6.709485E-08,3.640E-02
6.714485E-08,3.796E-02
6.719485E-08,3.953E-02
6.724485E-08,4.057E-02
6.729485E-08,4.109E-02
6.734485E-08,4.214E-02
6.739485E-08,4.422E-02
6.744485E-08,4.422E-02
6.749485E-08,4.474E-02
6.754485E-08,4.474E-02
6.759485E-08,4.579E-02
6.764485E-08,4.631E-02
6.769485E-08,4.631E-02
6.774485E-08,4.631E-02
6.779485E-08,4.631E-02
6.784485E-08,4.579E-02
6.789485E-08,4.527E-02
6.794485E-08,4.422E-02
6.799485E-08,4.474E-02
6.804485E-08,4.370E-02
6.809485E-08,4.318E-02
6.814485E-08,4.214E-02
6.819485E-08,4.057E-02
6.824485E-08,4.005E-02
6.829485E-08,3.953E-02
6.834485E-08,3.796E-02
6.839485E-08,3.692E-02
6.844485E-08,3.588E-02
6.849485E-08,3.483E-02
6.854485E-08,3.327E-02
6.859485E-08,3.275E-02
6.864485E-08,3.066E-02
6.869485E-08,3.014E-02
6.874485E-08,3.014E-02
6.879485E-08,2.857E-02
6.884485E-08,2.805E-02
6.889485E-08,2.753E-02
6.894485E-08,2.701E-02
6.899485E-08,2.597E-02
6.904485E-08,2.597E-02
6.909485E-08,2.597E-02
6.914485E-08,2.544E-02
6.919485E-08,2.597E-02
6.924485E-08,2.544E-02
6.929485E-08,2.597E-02
6.934485E-08,2.649E-02
6.939485E-08,2.753E-02
6.944485E-08,2.701E-02
6.949485E-08,2.753E-02
6.954485E-08,2.857E-02
6.959485E-08,2.857E-02
6.964485E-08,3.014E-02
6.969485E-08,2.962E-02
6.974485E-08,3.066E-02
6.979485E-08,3.118E-02
6.984485E-08,3.275E-02
6.989485E-08,3.275E-02
6.994485E-08,3.379E-02
6.999485E-08,3.379E-02
7.004485E-08,3.535E-02
7.009485E-08,3.535E-02
7.014485E-08,3.535E-02
7.019485E-08,3.535E-02
7.024485E-08,3.535E-02
7.029485E-08,3.535E-02
7.034485E-08,3.535E-02
7.039485E-08,3.483E-02
7.044485E-08,3.535E-02
7.049485E-08,3.431E-02
7.054485E-08,3.327E-02
7.059485E-08,3.327E-02
7.064485E-08,3.275E-02
7.069485E-08,3.118E-02
7.074485E-08,3.066E-02
7.079485E-08,3.014E-02
7.084485E-08,2.910E-02
7.089485E-08,2.857E-02
7.094485E-08,2.753E-02
7.099485E-08,2.701E-02
7.104485E-08,2.544E-02
7.109485E-08,2.544E-02
7.114485E-08,2.492E-02
7.119485E-08,2.492E-02
7.124485E-08,2.388E-02
7.129485E-08,2.336E-02
7.134485E-08,2.284E-02
7.139485E-08,2.336E-02
7.144485E-08,2.336E-02
7.149485E-08,2.336E-02
7.154485E-08,2.336E-02
7.159485E-08,2.284E-02
7.164485E-08,2.336E-02
7.169485E-08,2.336E-02
7.174485E-08,2.388E-02
7.179485E-08,2.388E-02
7.184485E-08,2.388E-02
7.189485E-08,2.388E-02
7.194485E-08,2.388E-02
7.199485E-08,2.388E-02
7.204485E-08,2.336E-02
7.209485E-08,2.336E-02
7.214485E-08,2.284E-02
7.219485E-08,2.231E-02
7.224485E-08,2.231E-02
7.229485E-08,2.127E-02
7.234485E-08,2.075E-02
7.239485E-08,1.971E-02
7.244485E-08,1.814E-02
7.249485E-08,1.762E-02
7.254485E-08,1.710E-02
7.259485E-08,1.605E-02
7.264485E-08,1.553E-02
7.269485E-08,1.345E-02
7.274485E-08,1.292E-02
7.279485E-08,1.345E-02
7.284485E-08,1.345E-02
7.289485E-08,1.240E-02
7.294485E-08,1.136E-02
7.299485E-08,1.084E-02
7.304485E-08,1.084E-02
7.309485E-08,1.032E-02
7.314485E-08,9.79E-03
7.319485E-08,9.79E-03
7.324485E-08,1.032E-02
7.329485E-08,1.032E-02
7.334485E-08,1.032E-02
7.339485E-08,1.032E-02
7.344485E-08,1.084E-02
7.349485E-08,1.188E-02
7.354485E-08,1.345E-02
7.359485E-08,1.397E-02
7.364485E-08,1.397E-02
7.369485E-08,1.397E-02
7.374485E-08,1.449E-02
7.379485E-08,1.449E-02
7.384485E-08,1.553E-02
7.389485E-08,1.553E-02
7.394485E-08,1.605E-02
7.399485E-08,1.605E-02
7.404485E-08,1.605E-02
7.409485E-08,1.553E-02
7.414485E-08,1.553E-02
7.419485E-08,1.553E-02
7.424485E-08,1.553E-02
7.429485E-08,1.553E-02
7.434485E-08,1.501E-02
7.439485E-08,1.501E-02
7.444485E-08,1.553E-02
7.449485E-08,1.553E-02
7.454485E-08,1.501E-02
7.459485E-08,1.501E-02
7.464485E-08,1.553E-02
7.469485E-08,1.605E-02
7.474485E-08,1.710E-02
7.479485E-08,1.658E-02
7.484485E-08,1.762E-02
7.489485E-08,1.866E-02
7.494485E-08,1.971E-02
7.499485E-08,2.075E-02
7.504485E-08,2.179E-02
7.509485E-08,2.284E-02
7.514485E-08,2.492E-02
7.519485E-08,2.597E-02
7.524485E-08,2.753E-02
7.529485E-08,2.962E-02
7.534485E-08,3.066E-02
7.539485E-08,3.222E-02
7.544485E-08,3.379E-02
7.549485E-08,3.588E-02
7.554485E-08,3.692E-02
7.559485E-08,3.848E-02
7.564485E-08,3.953E-02
7.569485E-08,4.057E-02
7.574485E-08,4.109E-02
7.579485E-08,4.214E-02
7.584485E-08,4.161E-02
7.589485E-08,4.214E-02
7.594485E-08,4.214E-02
7.599485E-08,4.161E-02
7.604485E-08,4.214E-02
7.609485E-08,4.109E-02
7.614485E-08,4.109E-02
7.619485E-08,3.901E-02
7.624485E-08,3.901E-02
7.629485E-08,3.796E-02
7.634485E-08,3.640E-02
7.639485E-08,3.535E-02
7.644485E-08,3.431E-02
7.649485E-08,3.327E-02
7.654485E-08,3.222E-02
7.659485E-08,3.066E-02
7.664485E-08,2.962E-02
7.669485E-08,3.014E-02
7.674485E-08,2.857E-02
7.679485E-08,2.857E-02
7.684485E-08,2.805E-02
7.689485E-08,2.753E-02
7.694485E-08,2.753E-02
7.699485E-08,2.805E-02
7.704485E-08,2.805E-02
7.709485E-08,2.805E-02
7.714485E-08,2.910E-02
7.719485E-08,3.014E-02
7.724485E-08,2.962E-02
7.729485E-08,3.066E-02
7.734485E-08,3.118E-02
7.739485E-08,3.275E-02
7.744485E-08,3.275E-02
7.749485E-08,3.327E-02
7.754485E-08,3.379E-02
7.759485E-08,3.431E-02
7.764485E-08,3.431E-02
7.769485E-08,3.535E-02
7.774485E-08,3.535E-02
7.779485E-08,3.483E-02
7.784485E-08,3.431E-02
7.789485E-08,3.379E-02
7.794485E-08,3.379E-02
7.799485E-08,3.275E-02
7.804485E-08,3.170E-02
7.809485E-08,3.118E-02
7.814485E-08,3.014E-02
7.819485E-08,2.910E-02
7.824485E-08,2.753E-02
7.829485E-08,2.597E-02
7.834485E-08,2.544E-02
7.839485E-08,2.336E-02
7.844485E-08,2.127E-02
7.849485E-08,2.075E-02
7.854485E-08,1.918E-02
7.859485E-08,1.710E-02
7.864485E-08,1.605E-02
7.869485E-08,1.501E-02
7.874485E-08,1.345E-02
7.879485E-08,1.240E-02
7.884485E-08,1.188E-02
7.889485E-08,1.240E-02
7.894485E-08,1.136E-02
7.899485E-08,1.136E-02
7.904485E-08,1.084E-02
7.909485E-08,1.084E-02
7.914485E-08,1.084E-02
7.919485E-08,1.084E-02
7.924485E-08,1.136E-02
7.929485E-08,1.240E-02
7.934485E-08,1.292E-02
7.939485E-08,1.397E-02
7.944485E-08,1.345E-02
7.949485E-08,1.397E-02
7.954485E-08,1.345E-02
7.959485E-08,1.501E-02
7.964485E-08,1.553E-02
7.969485E-08,1.553E-02
7.974485E-08,1.658E-02
7.979485E-08,1.762E-02
7.984485E-08,1.762E-02
7.989485E-08,1.762E-02
7.994485E-08,1.814E-02
7.999485E-08,1.866E-02
8.004485E-08,1.866E-02
8.009485E-08,2.023E-02
8.014485E-08,2.075E-02
8.019485E-08,2.075E-02
8.024485E-08,2.075E-02
8.029485E-08,2.127E-02
8.034485E-08,2.127E-02
8.039485E-08,2.179E-02
8.044485E-08,2.179E-02
8.049485E-08,2.179E-02
8.054485E-08,2.231E-02
8.059485E-08,2.284E-02
8.064485E-08,2.284E-02
8.069485E-08,2.336E-02
8.074485E-08,2.336E-02
8.079485E-08,2.336E-02
8.084485E-08,2.336E-02
