-1.838667E-08,1.463E-02
-1.833667E-08,1.359E-02
-1.828667E-08,1.202E-02
-1.823667E-08,1.150E-02
-1.818667E-08,1.098E-02
-1.813667E-08,9.93E-03
-1.808667E-08,8.37E-03
-1.803667E-08,8.37E-03
-1.798667E-08,7.33E-03
-1.793667E-08,6.28E-03
-1.788667E-08,5.76E-03
-1.783667E-08,5.24E-03
-1.778667E-08,4.20E-03
-1.773667E-08,4.20E-03
-1.768667E-08,3.68E-03
-1.763667E-08,3.68E-03
-1.758667E-08,3.68E-03
-1.753667E-08,3.68E-03
-1.748667E-08,3.68E-03
-1.743667E-08,4.20E-03
-1.738667E-08,4.20E-03
-1.733667E-08,4.72E-03
-1.728667E-08,5.76E-03
-1.723667E-08,5.76E-03
-1.718667E-08,6.81E-03
-1.713667E-08,6.81E-03
-1.708667E-08,8.89E-03
-1.703667E-08,8.37E-03
-1.698667E-08,9.41E-03
-1.693667E-08,9.93E-03
-1.688667E-08,1.046E-02
-1.683667E-08,1.150E-02
-1.678667E-08,1.150E-02
-1.673667E-08,1.202E-02
-1.668667E-08,1.254E-02
-1.663667E-08,1.254E-02
-1.658667E-08,1.254E-02
-1.653667E-08,1.254E-02
-1.648667E-08,1.202E-02
-1.643667E-08,1.150E-02
-1.638667E-08,1.150E-02
-1.633667E-08,1.046E-02
-1.628667E-08,9.93E-03
-1.623667E-08,8.89E-03
-1.618667E-08,8.37E-03
-1.613667E-08,7.33E-03
-1.608667E-08,6.81E-03
-1.603667E-08,5.76E-03
-1.598667E-08,4.72E-03
-1.593667E-08,4.20E-03
-1.588667E-08,2.11E-03
-1.583667E-08,1.59E-03
-1.578667E-08,2E-05
-1.573667E-08,2E-05
-1.568667E-08,-1.02E-03
-1.563667E-08,-2.58E-03
-1.558667E-08,-3.63E-03
-1.553667E-08,-3.63E-03
-1.548667E-08,-5.19E-03
-1.543667E-08,-5.19E-03
-1.538667E-08,-5.71E-03
-1.533667E-08,-6.24E-03
-1.528667E-08,-6.76E-03
-1.523667E-08,-6.24E-03
-1.518667E-08,-6.24E-03
-1.513667E-08,-6.76E-03
-1.508667E-08,-6.24E-03
-1.503667E-08,-5.71E-03
-1.498667E-08,-5.19E-03
-1.493667E-08,-5.19E-03
-1.488667E-08,-4.15E-03
-1.483667E-08,-3.11E-03
-1.478667E-08,-2.06E-03
-1.473667E-08,-5.0E-04
-1.468667E-08,2E-05
-1.463667E-08,1.59E-03
-1.458667E-08,3.15E-03
-1.453667E-08,3.68E-03
-1.448667E-08,5.76E-03
-1.443667E-08,7.33E-03
-1.438667E-08,9.41E-03
-1.433667E-08,1.150E-02
-1.428667E-08,1.254E-02
-1.423667E-08,1.463E-02
-1.418667E-08,1.672E-02
-1.413667E-08,1.880E-02
-1.408667E-08,2.089E-02
-1.403667E-08,2.193E-02
-1.398667E-08,2.454E-02
-1.393667E-08,2.611E-02
-1.388667E-08,2.767E-02
-1.383667E-08,2.976E-02
-1.378667E-08,3.028E-02
-1.373667E-08,3.237E-02
-1.368667E-08,3.341E-02
-1.363667E-08,3.497E-02
-1.358667E-08,3.497E-02
-1.353667E-08,3.654E-02
-1.348667E-08,3.706E-02
-1.343667E-08,3.810E-02
-1.338667E-08,3.810E-02
-1.333667E-08,3.810E-02
-1.328667E-08,3.810E-02
-1.323667E-08,3.758E-02
-1.318667E-08,3.758E-02
-1.313667E-08,3.706E-02
-1.308667E-08,3.602E-02
-1.303667E-08,3.602E-02
-1.298667E-08,3.445E-02
-1.293667E-08,3.289E-02
-1.288667E-08,3.184E-02
-1.283667E-08,2.976E-02
-1.278667E-08,2.924E-02
-1.273667E-08,2.819E-02
-1.268667E-08,2.663E-02
-1.263667E-08,2.558E-02
-1.258667E-08,2.506E-02
-1.253667E-08,2.402E-02
-1.248667E-08,2.298E-02
-1.243667E-08,2.193E-02
-1.238667E-08,2.193E-02
-1.233667E-08,2.141E-02
-1.228667E-08,2.141E-02
-1.223667E-08,2.193E-02
-1.218667E-08,2.193E-02
-1.213667E-08,2.298E-02
-1.208667E-08,2.402E-02
-1.203667E-08,2.454E-02
-1.198667E-08,2.611E-02
-1.193667E-08,2.663E-02
-1.188667E-08,2.871E-02
-1.183667E-08,3.028E-02
-1.178667E-08,3.237E-02
-1.173667E-08,3.393E-02
-1.168667E-08,3.550E-02
-1.163667E-08,3.758E-02
-1.158667E-08,3.967E-02
-1.153667E-08,4.071E-02
-1.148667E-08,4.280E-02
-1.143667E-08,4.489E-02
-1.138667E-08,4.541E-02
-1.133667E-08,4.697E-02
-1.128667E-08,4.749E-02
-1.123667E-08,4.906E-02
-1.118667E-08,4.958E-02
-1.113667E-08,4.958E-02
-1.108667E-08,5.010E-02
-1.103667E-08,4.958E-02
-1.098667E-08,4.958E-02
-1.093667E-08,4.906E-02
-1.088667E-08,4.749E-02
-1.083667E-08,4.697E-02
-1.078667E-08,4.593E-02
-1.073667E-08,4.541E-02
-1.068667E-08,4.436E-02
-1.063667E-08,4.228E-02
-1.058667E-08,4.071E-02
-1.053667E-08,3.967E-02
-1.048667E-08,3.706E-02
-1.043667E-08,3.497E-02
-1.038667E-08,3.445E-02
-1.033667E-08,3.237E-02
-1.028667E-08,3.132E-02
-1.023667E-08,2.976E-02
-1.018667E-08,2.871E-02
-1.013667E-08,2.767E-02
-1.008667E-08,2.663E-02
-1.003667E-08,2.611E-02
-9.98667E-09,2.611E-02
-9.93667E-09,2.506E-02
-9.88667E-09,2.506E-02
-9.83667E-09,2.506E-02
-9.78667E-09,2.506E-02
-9.73667E-09,2.506E-02
-9.68667E-09,2.558E-02
-9.63667E-09,2.611E-02
-9.58667E-09,2.663E-02
-9.53667E-09,2.715E-02
-9.48667E-09,2.871E-02
-9.43667E-09,2.924E-02
-9.38667E-09,3.080E-02
-9.33667E-09,3.237E-02
-9.28667E-09,3.393E-02
-9.23667E-09,3.497E-02
-9.18667E-09,3.654E-02
-9.13667E-09,3.863E-02
-9.08667E-09,4.019E-02
-9.03667E-09,4.280E-02
-8.98667E-09,4.332E-02
-8.93667E-09,4.541E-02
-8.88667E-09,4.802E-02
-8.83667E-09,4.906E-02
-8.78667E-09,5.062E-02
-8.73667E-09,5.323E-02
-8.68667E-09,5.375E-02
-8.63667E-09,5.584E-02
-8.58667E-09,5.793E-02
-8.53667E-09,5.793E-02
-8.48667E-09,6.001E-02
-8.43667E-09,6.106E-02
-8.38667E-09,6.262E-02
-8.33667E-09,6.366E-02
-8.28667E-09,6.523E-02
-8.23667E-09,6.575E-02
-8.18667E-09,6.575E-02
-8.13667E-09,6.732E-02
-8.08667E-09,6.732E-02
-8.03667E-09,6.836E-02
-7.98667E-09,6.836E-02
-7.93667E-09,6.940E-02
-7.88667E-09,7.045E-02
-7.83667E-09,7.097E-02
-7.78667E-09,7.097E-02
-7.73667E-09,7.097E-02
-7.68667E-09,7.097E-02
-7.63667E-09,7.149E-02
-7.58667E-09,7.097E-02
-7.53667E-09,7.045E-02
-7.48667E-09,7.149E-02
-7.43667E-09,7.201E-02
-7.38667E-09,7.201E-02
-7.33667E-09,7.253E-02
-7.28667E-09,7.358E-02
-7.23667E-09,7.410E-02
-7.18667E-09,7.462E-02
-7.13667E-09,7.618E-02
-7.08667E-09,7.775E-02
-7.03667E-09,7.775E-02
-6.98667E-09,7.984E-02
-6.93667E-09,8.140E-02
-6.88667E-09,8.297E-02
-6.83667E-09,8.453E-02
-6.78667E-09,8.662E-02
-6.73667E-09,8.766E-02
-6.68667E-09,9.079E-02
-6.63667E-09,9.288E-02
-6.58667E-09,9.548E-02
-6.53667E-09,9.809E-02
-6.48667E-09,1.0070E-01
-6.43667E-09,1.0383E-01
-6.38667E-09,1.0748E-01
-6.33667E-09,1.0957E-01
-6.28667E-09,1.1322E-01
-6.23667E-09,1.1635E-01
-6.18667E-09,1.2000E-01
-6.13667E-09,1.2418E-01
-6.08667E-09,1.2731E-01
-6.03667E-09,1.3096E-01
-5.98667E-09,1.3461E-01
-5.93667E-09,1.3878E-01
-5.88667E-09,1.4243E-01
-5.83667E-09,1.4713E-01
-5.78667E-09,1.5234E-01
-5.73667E-09,1.5547E-01
-5.68667E-09,1.6121E-01
-5.63667E-09,1.6539E-01
-5.58667E-09,1.7008E-01
-5.53667E-09,1.7477E-01
-5.48667E-09,1.7999E-01
-5.43667E-09,1.8469E-01
-5.38667E-09,1.8990E-01
-5.33667E-09,1.9512E-01
-5.28667E-09,1.9981E-01
-5.23667E-09,2.0451E-01
-5.18667E-09,2.0972E-01
-5.13667E-09,2.1546E-01
-5.08667E-09,2.2120E-01
-5.03667E-09,2.2590E-01
-4.98667E-09,2.3163E-01
-4.93667E-09,2.3737E-01
-4.88667E-09,2.4207E-01
-4.83667E-09,2.4781E-01
-4.78667E-09,2.5354E-01
-4.73667E-09,2.5824E-01
-4.68667E-09,2.6398E-01
-4.63667E-09,2.6867E-01
-4.58667E-09,2.7441E-01
-4.53667E-09,2.7963E-01
-4.48667E-09,2.8484E-01
-4.43667E-09,2.9058E-01
-4.38667E-09,2.9580E-01
-4.33667E-09,3.0153E-01
-4.28667E-09,3.0727E-01
-4.23667E-09,3.1249E-01
-4.18667E-09,3.1875E-01
-4.13667E-09,3.2449E-01
-4.08667E-09,3.2970E-01
-4.03667E-09,3.3544E-01
-3.98667E-09,3.4222E-01
-3.93667E-09,3.4953E-01
-3.88667E-09,3.5579E-01
-3.83667E-09,3.6257E-01
-3.78667E-09,3.6987E-01
-3.73667E-09,3.7769E-01
-3.68667E-09,3.8552E-01
-3.63667E-09,3.9178E-01
-3.58667E-09,4.0065E-01
-3.53667E-09,4.0847E-01
-3.48667E-09,4.1630E-01
-3.43667E-09,4.2621E-01
-3.38667E-09,4.3403E-01
-3.33667E-09,4.4342E-01
-3.28667E-09,4.5333E-01
-3.23667E-09,4.6220E-01
-3.18667E-09,4.7211E-01
-3.13667E-09,4.8150E-01
-3.08667E-09,4.9194E-01
-3.03667E-09,5.0237E-01
-2.98667E-09,5.1332E-01
-2.93667E-09,5.2271E-01
-2.88667E-09,5.3262E-01
-2.83667E-09,5.4306E-01
-2.78667E-09,5.5349E-01
-2.73667E-09,5.6392E-01
-2.68667E-09,5.7488E-01
-2.63667E-09,5.8531E-01
-2.58667E-09,5.9522E-01
-2.53667E-09,6.0618E-01
-2.48667E-09,6.1609E-01
-2.43667E-09,6.2704E-01
-2.38667E-09,6.3695E-01
-2.33667E-09,6.4791E-01
-2.28667E-09,6.5938E-01
-2.23667E-09,6.6929E-01
-2.18667E-09,6.8025E-01
-2.13667E-09,6.9120E-01
-2.08667E-09,7.0111E-01
-2.03667E-09,7.1416E-01
-1.98667E-09,7.2407E-01
-1.93667E-09,7.3711E-01
-1.88667E-09,7.4806E-01
-1.83667E-09,7.6006E-01
-1.78667E-09,7.7206E-01
-1.73667E-09,7.8406E-01
-1.68667E-09,7.9762E-01
-1.63667E-09,8.1066E-01
-1.58667E-09,8.2422E-01
-1.53667E-09,8.3674E-01
-1.48667E-09,8.5031E-01
-1.43667E-09,8.6387E-01
-1.38667E-09,8.7847E-01
-1.33667E-09,8.9256E-01
-1.28667E-09,9.0769E-01
-1.23667E-09,9.2177E-01
-1.18667E-09,9.3690E-01
-1.13667E-09,9.5150E-01
-1.08667E-09,9.6663E-01
-1.03667E-09,9.8124E-01
-9.8667E-10,9.9741E-01
-9.3667E-10,1.01202E+00
-8.8667E-10,1.02819E+00
-8.3667E-10,1.04331E+00
-7.8667E-10,1.05844E+00
-7.3667E-10,1.07409E+00
-6.8667E-10,1.08922E+00
-6.3667E-10,1.10591E+00
-5.8667E-10,1.12104E+00
-5.3667E-10,1.13721E+00
-4.8667E-10,1.15338E+00
-4.3667E-10,1.16851E+00
-3.8667E-10,1.18311E+00
-3.3667E-10,1.19876E+00
-2.8667E-10,1.21546E+00
-2.3667E-10,1.23058E+00
-1.8667E-10,1.24571E+00
-1.3667E-10,1.26084E+00
-8.667E-11,1.27753E+00
-3.667E-11,1.29266E+00
1.333E-11,1.30831E+00
6.333E-11,1.32344E+00
1.1333E-10,1.33909E+00
1.6333E-10,1.35474E+00
2.1333E-10,1.36986E+00
2.6333E-10,1.38603E+00
3.1333E-10,1.40168E+00
3.6333E-10,1.41681E+00
4.1333E-10,1.43350E+00
4.6333E-10,1.44759E+00
5.1333E-10,1.46376E+00
5.6333E-10,1.47784E+00
6.1333E-10,1.49402E+00
6.6333E-10,1.50758E+00
7.1333E-10,1.52323E+00
7.6333E-10,1.53836E+00
8.1333E-10,1.55348E+00
8.6333E-10,1.56705E+00
9.1333E-10,1.58217E+00
9.6333E-10,1.59678E+00
1.01333E-09,1.61086E+00
1.06333E-09,1.62651E+00
1.11333E-09,1.64008E+00
1.16333E-09,1.65416E+00
1.21333E-09,1.66877E+00
1.26333E-09,1.68337E+00
1.31333E-09,1.69746E+00
1.36333E-09,1.71154E+00
1.41333E-09,1.72510E+00
1.46333E-09,1.73971E+00
1.51333E-09,1.75432E+00
1.56333E-09,1.76736E+00
1.61333E-09,1.78196E+00
1.66333E-09,1.79657E+00
1.71333E-09,1.81065E+00
1.76333E-09,1.82578E+00
1.81333E-09,1.83830E+00
1.86333E-09,1.85291E+00
1.91333E-09,1.86751E+00
1.96333E-09,1.88160E+00
2.01333E-09,1.89673E+00
2.06333E-09,1.91081E+00
2.11333E-09,1.92489E+00
2.16333E-09,1.93950E+00
2.21333E-09,1.95306E+00
2.26333E-09,1.96767E+00
2.31333E-09,1.98175E+00
2.36333E-09,1.99584E+00
2.41333E-09,2.00992E+00
2.46333E-09,2.02401E+00
2.51333E-09,2.03653E+00
2.56333E-09,2.05061E+00
2.61333E-09,2.06365E+00
2.66333E-09,2.07669E+00
2.71333E-09,2.08921E+00
2.76333E-09,2.10225E+00
2.81333E-09,2.11477E+00
2.86333E-09,2.12625E+00
2.91333E-09,2.13877E+00
2.96333E-09,2.14972E+00
3.01333E-09,2.16172E+00
3.06333E-09,2.17163E+00
3.11333E-09,2.18259E+00
3.16333E-09,2.19354E+00
3.21333E-09,2.20293E+00
3.26333E-09,2.21336E+00
3.31333E-09,2.22328E+00
3.36333E-09,2.23162E+00
3.41333E-09,2.24049E+00
3.46333E-09,2.25040E+00
3.51333E-09,2.25823E+00
3.56333E-09,2.26761E+00
3.61333E-09,2.27596E+00
3.66333E-09,2.28326E+00
3.71333E-09,2.29161E+00
3.76333E-09,2.29996E+00
3.81333E-09,2.30778E+00
3.86333E-09,2.31561E+00
3.91333E-09,2.32343E+00
3.96333E-09,2.33178E+00
4.01333E-09,2.33908E+00
4.06333E-09,2.34795E+00
4.11333E-09,2.35473E+00
4.16333E-09,2.36308E+00
4.21333E-09,2.37038E+00
4.26333E-09,2.37873E+00
4.31333E-09,2.38551E+00
4.36333E-09,2.39281E+00
4.41333E-09,2.40063E+00
4.46333E-09,2.40742E+00
4.51333E-09,2.41472E+00
4.56333E-09,2.42254E+00
4.61333E-09,2.42880E+00
4.66333E-09,2.43558E+00
4.71333E-09,2.44237E+00
4.76333E-09,2.44915E+00
4.81333E-09,2.45593E+00
4.86333E-09,2.46271E+00
4.91333E-09,2.46741E+00
4.96333E-09,2.47366E+00
5.01333E-09,2.47992E+00
5.06333E-09,2.48514E+00
5.11333E-09,2.48984E+00
5.16333E-09,2.49505E+00
5.21333E-09,2.50131E+00
5.26333E-09,2.50496E+00
5.31333E-09,2.51018E+00
5.36333E-09,2.51592E+00
5.41333E-09,2.51905E+00
5.46333E-09,2.52374E+00
5.51333E-09,2.52844E+00
5.56333E-09,2.53157E+00
5.61333E-09,2.53574E+00
5.66333E-09,2.53991E+00
5.71333E-09,2.54357E+00
5.76333E-09,2.54670E+00
5.81333E-09,2.55087E+00
5.86333E-09,2.55452E+00
5.91333E-09,2.55765E+00
5.96333E-09,2.56026E+00
6.01333E-09,2.56339E+00
6.06333E-09,2.56704E+00
6.11333E-09,2.56965E+00
6.16333E-09,2.57278E+00
6.21333E-09,2.57591E+00
6.26333E-09,2.57799E+00
6.31333E-09,2.58060E+00
6.36333E-09,2.58269E+00
6.41333E-09,2.58478E+00
6.46333E-09,2.58686E+00
6.51333E-09,2.58843E+00
6.56333E-09,2.58895E+00
6.61333E-09,2.59103E+00
6.66333E-09,2.59208E+00
6.71333E-09,2.59312E+00
6.76333E-09,2.59416E+00
6.81333E-09,2.59469E+00
6.86333E-09,2.59364E+00
6.91333E-09,2.59416E+00
6.96333E-09,2.59416E+00
7.01333E-09,2.59364E+00
7.06333E-09,2.59416E+00
7.11333E-09,2.59416E+00
7.16333E-09,2.59364E+00
7.21333E-09,2.59208E+00
7.26333E-09,2.59208E+00
7.31333E-09,2.59103E+00
7.36333E-09,2.58947E+00
7.41333E-09,2.58895E+00
7.46333E-09,2.58791E+00
7.51333E-09,2.58686E+00
7.56333E-09,2.58634E+00
7.61333E-09,2.58478E+00
7.66333E-09,2.58478E+00
7.71333E-09,2.58373E+00
7.76333E-09,2.58425E+00
7.81333E-09,2.58321E+00
7.86333E-09,2.58269E+00
7.91333E-09,2.58321E+00
7.96333E-09,2.58269E+00
8.01333E-09,2.58269E+00
8.06333E-09,2.58269E+00
8.11333E-09,2.58321E+00
8.16333E-09,2.58269E+00
8.21333E-09,2.58321E+00
8.26333E-09,2.58425E+00
8.31333E-09,2.58373E+00
8.36333E-09,2.58478E+00
8.41333E-09,2.58478E+00
8.46333E-09,2.58582E+00
8.51333E-09,2.58634E+00
8.56333E-09,2.58843E+00
8.61333E-09,2.58895E+00
8.66333E-09,2.58999E+00
8.71333E-09,2.59103E+00
8.76333E-09,2.59156E+00
8.81333E-09,2.59416E+00
8.86333E-09,2.59469E+00
8.91333E-09,2.59573E+00
8.96333E-09,2.59729E+00
9.01333E-09,2.59782E+00
9.06333E-09,2.59938E+00
9.11333E-09,2.59990E+00
9.16333E-09,2.60042E+00
9.21333E-09,2.60147E+00
9.26333E-09,2.60199E+00
9.31333E-09,2.60199E+00
9.36333E-09,2.60355E+00
9.41333E-09,2.60460E+00
9.46333E-09,2.60512E+00
9.51333E-09,2.60564E+00
9.56333E-09,2.60616E+00
9.61333E-09,2.60668E+00
9.66333E-09,2.60721E+00
9.71333E-09,2.60773E+00
9.76333E-09,2.60721E+00
9.81333E-09,2.60721E+00
9.86333E-09,2.60773E+00
9.91333E-09,2.60721E+00
9.96333E-09,2.60668E+00
1.001333E-08,2.60668E+00
1.006333E-08,2.60564E+00
1.011333E-08,2.60512E+00
1.016333E-08,2.60460E+00
1.021333E-08,2.60355E+00
1.026333E-08,2.60303E+00
1.031333E-08,2.60199E+00
1.036333E-08,2.60147E+00
1.041333E-08,2.60095E+00
1.046333E-08,2.59990E+00
1.051333E-08,2.59938E+00
1.056333E-08,2.59782E+00
1.061333E-08,2.59729E+00
1.066333E-08,2.59573E+00
1.071333E-08,2.59469E+00
1.076333E-08,2.59312E+00
1.081333E-08,2.59260E+00
1.086333E-08,2.59156E+00
1.091333E-08,2.59051E+00
1.096333E-08,2.58895E+00
1.101333E-08,2.58843E+00
1.106333E-08,2.58791E+00
1.111333E-08,2.58686E+00
1.116333E-08,2.58582E+00
1.121333E-08,2.58582E+00
1.126333E-08,2.58478E+00
1.131333E-08,2.58478E+00
1.136333E-08,2.58425E+00
1.141333E-08,2.58425E+00
1.146333E-08,2.58373E+00
1.151333E-08,2.58425E+00
1.156333E-08,2.58425E+00
1.161333E-08,2.58425E+00
1.166333E-08,2.58478E+00
1.171333E-08,2.58425E+00
1.176333E-08,2.58425E+00
1.181333E-08,2.58478E+00
1.186333E-08,2.58425E+00
1.191333E-08,2.58425E+00
1.196333E-08,2.58530E+00
1.201333E-08,2.58582E+00
1.206333E-08,2.58530E+00
1.211333E-08,2.58582E+00
1.216333E-08,2.58582E+00
1.221333E-08,2.58634E+00
1.226333E-08,2.58634E+00
1.231333E-08,2.58634E+00
1.236333E-08,2.58634E+00
1.241333E-08,2.58686E+00
1.246333E-08,2.58686E+00
1.251333E-08,2.58738E+00
1.256333E-08,2.58791E+00
1.261333E-08,2.58791E+00
1.266333E-08,2.58791E+00
1.271333E-08,2.58791E+00
1.276333E-08,2.58686E+00
1.281333E-08,2.58686E+00
1.286333E-08,2.58634E+00
1.291333E-08,2.58686E+00
1.296333E-08,2.58686E+00
1.301333E-08,2.58634E+00
1.306333E-08,2.58582E+00
1.311333E-08,2.58478E+00
1.316333E-08,2.58478E+00
1.321333E-08,2.58425E+00
1.326333E-08,2.58321E+00
1.331333E-08,2.58217E+00
1.336333E-08,2.58165E+00
1.341333E-08,2.58008E+00
1.346333E-08,2.57956E+00
1.351333E-08,2.57852E+00
1.356333E-08,2.57747E+00
1.361333E-08,2.57643E+00
1.366333E-08,2.57591E+00
1.371333E-08,2.57486E+00
1.376333E-08,2.57434E+00
1.381333E-08,2.57382E+00
1.386333E-08,2.57278E+00
1.391333E-08,2.57173E+00
1.396333E-08,2.57121E+00
1.401333E-08,2.57069E+00
1.406333E-08,2.57017E+00
1.411333E-08,2.57017E+00
1.416333E-08,2.57017E+00
1.421333E-08,2.57069E+00
1.426333E-08,2.57121E+00
1.431333E-08,2.57226E+00
1.436333E-08,2.57330E+00
1.441333E-08,2.57382E+00
1.446333E-08,2.57486E+00
1.451333E-08,2.57591E+00
1.456333E-08,2.57695E+00
1.461333E-08,2.57852E+00
1.466333E-08,2.57956E+00
1.471333E-08,2.58112E+00
1.476333E-08,2.58217E+00
1.481333E-08,2.58373E+00
1.486333E-08,2.58478E+00
1.491333E-08,2.58582E+00
1.496333E-08,2.58686E+00
1.501333E-08,2.58791E+00
1.506333E-08,2.58843E+00
1.511333E-08,2.58947E+00
1.516333E-08,2.58895E+00
1.521333E-08,2.58947E+00
1.526333E-08,2.58947E+00
1.531333E-08,2.58947E+00
1.536333E-08,2.58947E+00
1.541333E-08,2.58947E+00
1.546333E-08,2.58843E+00
1.551333E-08,2.58686E+00
1.556333E-08,2.58582E+00
1.561333E-08,2.58478E+00
1.566333E-08,2.58321E+00
1.571333E-08,2.58112E+00
1.576333E-08,2.57956E+00
1.581333E-08,2.57747E+00
1.586333E-08,2.57643E+00
1.591333E-08,2.57382E+00
1.596333E-08,2.57121E+00
1.601333E-08,2.57017E+00
1.606333E-08,2.56860E+00
1.611333E-08,2.56704E+00
1.616333E-08,2.56547E+00
1.621333E-08,2.56287E+00
1.626333E-08,2.56026E+00
1.631333E-08,2.55974E+00
1.636333E-08,2.55921E+00
1.641333E-08,2.55817E+00
1.646333E-08,2.55713E+00
1.651333E-08,2.55661E+00
1.656333E-08,2.55713E+00
1.661333E-08,2.55713E+00
1.666333E-08,2.55713E+00
1.671333E-08,2.55765E+00
1.676333E-08,2.55817E+00
1.681333E-08,2.55921E+00
1.686333E-08,2.55974E+00
1.691333E-08,2.56078E+00
1.696333E-08,2.56234E+00
1.701333E-08,2.56391E+00
1.706333E-08,2.56600E+00
1.711333E-08,2.56756E+00
1.716333E-08,2.56860E+00
1.721333E-08,2.56965E+00
1.726333E-08,2.57121E+00
1.731333E-08,2.57226E+00
1.736333E-08,2.57278E+00
1.741333E-08,2.57434E+00
1.746333E-08,2.57591E+00
1.751333E-08,2.57591E+00
1.756333E-08,2.57695E+00
1.761333E-08,2.57799E+00
1.766333E-08,2.57852E+00
1.771333E-08,2.57956E+00
1.776333E-08,2.58008E+00
1.781333E-08,2.58060E+00
1.786333E-08,2.58008E+00
1.791333E-08,2.58060E+00
1.796333E-08,2.58165E+00
1.801333E-08,2.58165E+00
1.806333E-08,2.58165E+00
1.811333E-08,2.58165E+00
1.816333E-08,2.58217E+00
1.821333E-08,2.58217E+00
1.826333E-08,2.58269E+00
1.831333E-08,2.58321E+00
1.836333E-08,2.58321E+00
1.841333E-08,2.58373E+00
1.846333E-08,2.58373E+00
1.851333E-08,2.58425E+00
1.856333E-08,2.58478E+00
1.861333E-08,2.58425E+00
1.866333E-08,2.58530E+00
1.871333E-08,2.58582E+00
1.876333E-08,2.58582E+00
1.881333E-08,2.58582E+00
1.886333E-08,2.58634E+00
1.891333E-08,2.58738E+00
1.896333E-08,2.58738E+00
1.901333E-08,2.58843E+00
1.906333E-08,2.58895E+00
1.911333E-08,2.58947E+00
1.916333E-08,2.58999E+00
1.921333E-08,2.58895E+00
1.926333E-08,2.58895E+00
1.931333E-08,2.58895E+00
1.936333E-08,2.58999E+00
1.941333E-08,2.58947E+00
1.946333E-08,2.58895E+00
1.951333E-08,2.58843E+00
1.956333E-08,2.58791E+00
1.961333E-08,2.58791E+00
1.966333E-08,2.58686E+00
1.971333E-08,2.58582E+00
1.976333E-08,2.58634E+00
1.981333E-08,2.58530E+00
1.986333E-08,2.58478E+00
1.991333E-08,2.58425E+00
1.996333E-08,2.58425E+00
2.001333E-08,2.58321E+00
2.006333E-08,2.58217E+00
2.011333E-08,2.58165E+00
2.016333E-08,2.58112E+00
2.021333E-08,2.58060E+00
2.026333E-08,2.58008E+00
2.031333E-08,2.57956E+00
2.036333E-08,2.57904E+00
2.041333E-08,2.57904E+00
2.046333E-08,2.57852E+00
2.051333E-08,2.57799E+00
2.056333E-08,2.57799E+00
2.061333E-08,2.57747E+00
2.066333E-08,2.57747E+00
2.071333E-08,2.57747E+00
2.076333E-08,2.57695E+00
2.081333E-08,2.57747E+00
2.086333E-08,2.57695E+00
2.091333E-08,2.57695E+00
2.096333E-08,2.57695E+00
2.101333E-08,2.57695E+00
2.106333E-08,2.57695E+00
2.111333E-08,2.57643E+00
2.116333E-08,2.57643E+00
2.121333E-08,2.57591E+00
2.126333E-08,2.57643E+00
2.131333E-08,2.57591E+00
2.136333E-08,2.57486E+00
2.141333E-08,2.57486E+00
2.146333E-08,2.57434E+00
2.151333E-08,2.57330E+00
2.156333E-08,2.57226E+00
2.161333E-08,2.57173E+00
2.166333E-08,2.57173E+00
2.171333E-08,2.57121E+00
2.176333E-08,2.57017E+00
2.181333E-08,2.56965E+00
2.186333E-08,2.56860E+00
2.191333E-08,2.56808E+00
2.196333E-08,2.56756E+00
2.201333E-08,2.56704E+00
2.206333E-08,2.56652E+00
2.211333E-08,2.56600E+00
2.216333E-08,2.56652E+00
2.221333E-08,2.56600E+00
2.226333E-08,2.56600E+00
2.231333E-08,2.56600E+00
2.236333E-08,2.56600E+00
2.241333E-08,2.56600E+00
2.246333E-08,2.56600E+00
2.251333E-08,2.56652E+00
2.256333E-08,2.56808E+00
2.261333E-08,2.56860E+00
2.266333E-08,2.57017E+00
2.271333E-08,2.56965E+00
2.276333E-08,2.57173E+00
2.281333E-08,2.57330E+00
2.286333E-08,2.57539E+00
2.291333E-08,2.57643E+00
2.296333E-08,2.57799E+00
2.301333E-08,2.57956E+00
2.306333E-08,2.58165E+00
2.311333E-08,2.58321E+00
2.316333E-08,2.58478E+00
2.321333E-08,2.58634E+00
2.326333E-08,2.58791E+00
2.331333E-08,2.58999E+00
2.336333E-08,2.59103E+00
2.341333E-08,2.59156E+00
2.346333E-08,2.59312E+00
2.351333E-08,2.59416E+00
2.356333E-08,2.59625E+00
2.361333E-08,2.59729E+00
2.366333E-08,2.59834E+00
2.371333E-08,2.59938E+00
2.376333E-08,2.59990E+00
2.381333E-08,2.60042E+00
2.386333E-08,2.60042E+00
2.391333E-08,2.60147E+00
2.396333E-08,2.60199E+00
2.401333E-08,2.60199E+00
2.406333E-08,2.60199E+00
2.411333E-08,2.60147E+00
2.416333E-08,2.60147E+00
2.421333E-08,2.60147E+00
2.426333E-08,2.60095E+00
2.431333E-08,2.60095E+00
2.436333E-08,2.60042E+00
2.441333E-08,2.60042E+00
2.446333E-08,2.59990E+00
2.451333E-08,2.59938E+00
2.456333E-08,2.59938E+00
2.461333E-08,2.59938E+00
2.466333E-08,2.59886E+00
2.471333E-08,2.59886E+00
2.476333E-08,2.59834E+00
2.481333E-08,2.59782E+00
2.486333E-08,2.59729E+00
2.491333E-08,2.59677E+00
2.496333E-08,2.59625E+00
2.501333E-08,2.59573E+00
2.506333E-08,2.59469E+00
2.511333E-08,2.59416E+00
2.516333E-08,2.59469E+00
2.521333E-08,2.59416E+00
2.526333E-08,2.59364E+00
2.531333E-08,2.59312E+00
2.536333E-08,2.59416E+00
2.541333E-08,2.59312E+00
2.546333E-08,2.59208E+00
2.551333E-08,2.59208E+00
2.556333E-08,2.59156E+00
2.561333E-08,2.59103E+00
2.566333E-08,2.59051E+00
2.571333E-08,2.59051E+00
2.576333E-08,2.59051E+00
2.581333E-08,2.58947E+00
2.586333E-08,2.58895E+00
2.591333E-08,2.58895E+00
2.596333E-08,2.58895E+00
2.601333E-08,2.58895E+00
2.606333E-08,2.58843E+00
2.611333E-08,2.58843E+00
2.616333E-08,2.58791E+00
2.621333E-08,2.58791E+00
2.626333E-08,2.58791E+00
2.631333E-08,2.58791E+00
2.636333E-08,2.58791E+00
2.641333E-08,2.58843E+00
2.646333E-08,2.58843E+00
2.651333E-08,2.58843E+00
2.656333E-08,2.58895E+00
2.661333E-08,2.58895E+00
2.666333E-08,2.58947E+00
2.671333E-08,2.59051E+00
2.676333E-08,2.59051E+00
2.681333E-08,2.59156E+00
2.686333E-08,2.59156E+00
2.691333E-08,2.59260E+00
2.696333E-08,2.59416E+00
2.701333E-08,2.59364E+00
2.706333E-08,2.59469E+00
2.711333E-08,2.59469E+00
2.716333E-08,2.59625E+00
2.721333E-08,2.59625E+00
2.726333E-08,2.59729E+00
2.731333E-08,2.59782E+00
2.736333E-08,2.59782E+00
2.741333E-08,2.59834E+00
2.746333E-08,2.59886E+00
2.751333E-08,2.59886E+00
2.756333E-08,2.59990E+00
2.761333E-08,2.59990E+00
2.766333E-08,2.59990E+00
2.771333E-08,2.60042E+00
2.776333E-08,2.60095E+00
2.781333E-08,2.60147E+00
2.786333E-08,2.60147E+00
2.791333E-08,2.60199E+00
2.796333E-08,2.60199E+00
2.801333E-08,2.60251E+00
2.806333E-08,2.60303E+00
2.811333E-08,2.60355E+00
2.816333E-08,2.60408E+00
2.821333E-08,2.60408E+00
2.826333E-08,2.60460E+00
2.831333E-08,2.60460E+00
2.836333E-08,2.60460E+00
2.841333E-08,2.60408E+00
2.846333E-08,2.60408E+00
2.851333E-08,2.60355E+00
2.856333E-08,2.60355E+00
2.861333E-08,2.60303E+00
2.866333E-08,2.60251E+00
2.871333E-08,2.60251E+00
2.876333E-08,2.60147E+00
2.881333E-08,2.59990E+00
2.886333E-08,2.59938E+00
2.891333E-08,2.59729E+00
2.896333E-08,2.59469E+00
2.901333E-08,2.59312E+00
2.906333E-08,2.59156E+00
2.911333E-08,2.58895E+00
2.916333E-08,2.58686E+00
2.921333E-08,2.58582E+00
2.926333E-08,2.58321E+00
2.931333E-08,2.58060E+00
2.936333E-08,2.57852E+00
2.941333E-08,2.57591E+00
2.946333E-08,2.57382E+00
2.951333E-08,2.57121E+00
2.956333E-08,2.57017E+00
2.961333E-08,2.56808E+00
2.966333E-08,2.56600E+00
2.971333E-08,2.56495E+00
2.976333E-08,2.56234E+00
2.981333E-08,2.56182E+00
2.986333E-08,2.56026E+00
2.991333E-08,2.55974E+00
2.996333E-08,2.55921E+00
3.001333E-08,2.55817E+00
3.006333E-08,2.55817E+00
3.011333E-08,2.55817E+00
3.016333E-08,2.55921E+00
3.021333E-08,2.55974E+00
3.026333E-08,2.55974E+00
3.031333E-08,2.56078E+00
3.036333E-08,2.56130E+00
3.041333E-08,2.56182E+00
3.046333E-08,2.56339E+00
3.051333E-08,2.56391E+00
3.056333E-08,2.56547E+00
3.061333E-08,2.56756E+00
3.066333E-08,2.56808E+00
3.071333E-08,2.56860E+00
3.076333E-08,2.56965E+00
3.081333E-08,2.56965E+00
3.086333E-08,2.57121E+00
3.091333E-08,2.57121E+00
3.096333E-08,2.57121E+00
3.101333E-08,2.57121E+00
3.106333E-08,2.57121E+00
3.111333E-08,2.57121E+00
3.116333E-08,2.57017E+00
3.121333E-08,2.56965E+00
3.126333E-08,2.56913E+00
3.131333E-08,2.56860E+00
3.136333E-08,2.56756E+00
3.141333E-08,2.56547E+00
3.146333E-08,2.56443E+00
3.151333E-08,2.56287E+00
3.156333E-08,2.56234E+00
3.161333E-08,2.56130E+00
3.166333E-08,2.55974E+00
3.171333E-08,2.55817E+00
3.176333E-08,2.55713E+00
3.181333E-08,2.55608E+00
3.186333E-08,2.55504E+00
3.191333E-08,2.55348E+00
3.196333E-08,2.55348E+00
3.201333E-08,2.55191E+00
3.206333E-08,2.55087E+00
3.211333E-08,2.54930E+00
3.216333E-08,2.54930E+00
3.221333E-08,2.54878E+00
3.226333E-08,2.54774E+00
3.231333E-08,2.54617E+00
3.236333E-08,2.54617E+00
3.241333E-08,2.54513E+00
3.246333E-08,2.54357E+00
3.251333E-08,2.54148E+00
3.256333E-08,2.54096E+00
3.261333E-08,2.53887E+00
3.266333E-08,2.53835E+00
3.271333E-08,2.53626E+00
3.276333E-08,2.53418E+00
3.281333E-08,2.53261E+00
3.286333E-08,2.53105E+00
3.291333E-08,2.52844E+00
3.296333E-08,2.52583E+00
3.301333E-08,2.52426E+00
3.306333E-08,2.52113E+00
3.311333E-08,2.51853E+00
3.316333E-08,2.51592E+00
3.321333E-08,2.51279E+00
3.326333E-08,2.50966E+00
3.331333E-08,2.50653E+00
3.336333E-08,2.50288E+00
3.341333E-08,2.50027E+00
3.346333E-08,2.49714E+00
3.351333E-08,2.49349E+00
3.356333E-08,2.49088E+00
3.361333E-08,2.48775E+00
3.366333E-08,2.48462E+00
3.371333E-08,2.48045E+00
3.376333E-08,2.47784E+00
3.381333E-08,2.47366E+00
3.386333E-08,2.47210E+00
3.391333E-08,2.46845E+00
3.396333E-08,2.46532E+00
3.401333E-08,2.46219E+00
3.406333E-08,2.45958E+00
3.411333E-08,2.45593E+00
3.416333E-08,2.45228E+00
3.421333E-08,2.44967E+00
3.426333E-08,2.44654E+00
3.431333E-08,2.44393E+00
3.436333E-08,2.44028E+00
3.441333E-08,2.43663E+00
3.446333E-08,2.43350E+00
3.451333E-08,2.43037E+00
3.456333E-08,2.42620E+00
3.461333E-08,2.42254E+00
3.466333E-08,2.41941E+00
3.471333E-08,2.41472E+00
3.476333E-08,2.41055E+00
3.481333E-08,2.40637E+00
3.486333E-08,2.40168E+00
3.491333E-08,2.39698E+00
3.496333E-08,2.39229E+00
3.501333E-08,2.38707E+00
3.506333E-08,2.38133E+00
3.511333E-08,2.37612E+00
3.516333E-08,2.36986E+00
3.521333E-08,2.36360E+00
3.526333E-08,2.35838E+00
3.531333E-08,2.35264E+00
3.536333E-08,2.34638E+00
3.541333E-08,2.33960E+00
3.546333E-08,2.33386E+00
3.551333E-08,2.32656E+00
3.556333E-08,2.32082E+00
3.561333E-08,2.31352E+00
3.566333E-08,2.30726E+00
3.571333E-08,2.30048E+00
3.576333E-08,2.29422E+00
3.581333E-08,2.28796E+00
3.586333E-08,2.28066E+00
3.591333E-08,2.27387E+00
3.596333E-08,2.26761E+00
3.601333E-08,2.25979E+00
3.606333E-08,2.25301E+00
3.611333E-08,2.24623E+00
3.616333E-08,2.23945E+00
3.621333E-08,2.23266E+00
3.626333E-08,2.22536E+00
3.631333E-08,2.21806E+00
3.636333E-08,2.21180E+00
3.641333E-08,2.20345E+00
3.646333E-08,2.19615E+00
3.651333E-08,2.18885E+00
3.656333E-08,2.18050E+00
3.661333E-08,2.17163E+00
3.666333E-08,2.16381E+00
3.671333E-08,2.15546E+00
3.676333E-08,2.14659E+00
3.681333E-08,2.13825E+00
3.686333E-08,2.12834E+00
3.691333E-08,2.11947E+00
3.696333E-08,2.11008E+00
3.701333E-08,2.10017E+00
3.706333E-08,2.08921E+00
3.711333E-08,2.07982E+00
3.716333E-08,2.06939E+00
3.721333E-08,2.05791E+00
3.726333E-08,2.04800E+00
3.731333E-08,2.03548E+00
3.736333E-08,2.02557E+00
3.741333E-08,2.01305E+00
3.746333E-08,2.00210E+00
3.751333E-08,1.99010E+00
3.756333E-08,1.97810E+00
3.761333E-08,1.96558E+00
3.766333E-08,1.95358E+00
3.771333E-08,1.94159E+00
3.776333E-08,1.92750E+00
3.781333E-08,1.91550E+00
3.786333E-08,1.90351E+00
3.791333E-08,1.88994E+00
3.796333E-08,1.87690E+00
3.801333E-08,1.86386E+00
3.806333E-08,1.85082E+00
3.811333E-08,1.83726E+00
3.816333E-08,1.82422E+00
3.821333E-08,1.81118E+00
3.826333E-08,1.79761E+00
3.831333E-08,1.78405E+00
3.836333E-08,1.76997E+00
3.841333E-08,1.75640E+00
3.846333E-08,1.74336E+00
3.851333E-08,1.72876E+00
3.856333E-08,1.71415E+00
3.861333E-08,1.70163E+00
3.866333E-08,1.68755E+00
3.871333E-08,1.67294E+00
3.876333E-08,1.65938E+00
3.881333E-08,1.64477E+00
3.886333E-08,1.63121E+00
3.891333E-08,1.61660E+00
3.896333E-08,1.60252E+00
3.901333E-08,1.58739E+00
3.906333E-08,1.57383E+00
3.911333E-08,1.56079E+00
3.916333E-08,1.54566E+00
3.921333E-08,1.53157E+00
3.926333E-08,1.51749E+00
3.931333E-08,1.50340E+00
3.936333E-08,1.48932E+00
3.941333E-08,1.47419E+00
3.946333E-08,1.46063E+00
3.951333E-08,1.44550E+00
3.956333E-08,1.43246E+00
3.961333E-08,1.41786E+00
3.966333E-08,1.40325E+00
3.971333E-08,1.38864E+00
3.976333E-08,1.37352E+00
3.981333E-08,1.35943E+00
3.986333E-08,1.34430E+00
3.991333E-08,1.32865E+00
3.996333E-08,1.31457E+00
4.001333E-08,1.29892E+00
4.006333E-08,1.28275E+00
4.011333E-08,1.26762E+00
4.016333E-08,1.25197E+00
4.021333E-08,1.23580E+00
4.026333E-08,1.21911E+00
4.031333E-08,1.20294E+00
4.036333E-08,1.18624E+00
4.041333E-08,1.17007E+00
4.046333E-08,1.15338E+00
4.051333E-08,1.13565E+00
4.056333E-08,1.11895E+00
4.061333E-08,1.10278E+00
4.066333E-08,1.08505E+00
4.071333E-08,1.06783E+00
4.076333E-08,1.05010E+00
4.081333E-08,1.03340E+00
4.086333E-08,1.01619E+00
4.091333E-08,9.9950E-01
4.096333E-08,9.8280E-01
4.101333E-08,9.6559E-01
4.106333E-08,9.4942E-01
4.111333E-08,9.3377E-01
4.116333E-08,9.1708E-01
4.121333E-08,9.0143E-01
4.126333E-08,8.8578E-01
4.131333E-08,8.6961E-01
4.136333E-08,8.5448E-01
4.141333E-08,8.3935E-01
4.146333E-08,8.2527E-01
4.151333E-08,8.1014E-01
4.156333E-08,7.9501E-01
4.161333E-08,7.8145E-01
4.166333E-08,7.6736E-01
4.171333E-08,7.5276E-01
4.176333E-08,7.3919E-01
4.181333E-08,7.2459E-01
4.186333E-08,7.1207E-01
4.191333E-08,6.9851E-01
4.196333E-08,6.8494E-01
4.201333E-08,6.7138E-01
4.206333E-08,6.5938E-01
4.211333E-08,6.4634E-01
4.216333E-08,6.3278E-01
4.221333E-08,6.1922E-01
4.226333E-08,6.0670E-01
4.231333E-08,5.9366E-01
4.236333E-08,5.8114E-01
4.241333E-08,5.6966E-01
4.246333E-08,5.5610E-01
4.251333E-08,5.4410E-01
4.256333E-08,5.3054E-01
4.261333E-08,5.1906E-01
4.266333E-08,5.0602E-01
4.271333E-08,4.9402E-01
4.276333E-08,4.8150E-01
4.281333E-08,4.6950E-01
4.286333E-08,4.5751E-01
4.291333E-08,4.4499E-01
4.296333E-08,4.3403E-01
4.301333E-08,4.2099E-01
4.306333E-08,4.1056E-01
4.311333E-08,3.9804E-01
4.316333E-08,3.8761E-01
4.321333E-08,3.7613E-01
4.326333E-08,3.6465E-01
4.331333E-08,3.5370E-01
4.336333E-08,3.4327E-01
4.341333E-08,3.3283E-01
4.346333E-08,3.2292E-01
4.351333E-08,3.1249E-01
4.356333E-08,3.0258E-01
4.361333E-08,2.9267E-01
4.366333E-08,2.8223E-01
4.371333E-08,2.7441E-01
4.376333E-08,2.6502E-01
4.381333E-08,2.5459E-01
4.386333E-08,2.4676E-01
4.391333E-08,2.3842E-01
4.396333E-08,2.2903E-01
4.401333E-08,2.2120E-01
4.406333E-08,2.1338E-01
4.411333E-08,2.0555E-01
4.416333E-08,1.9773E-01
4.421333E-08,1.9147E-01
4.426333E-08,1.8364E-01
4.431333E-08,1.7790E-01
4.436333E-08,1.7060E-01
4.441333E-08,1.6486E-01
4.446333E-08,1.6017E-01
4.451333E-08,1.5443E-01
4.456333E-08,1.4869E-01
4.461333E-08,1.4400E-01
4.466333E-08,1.3930E-01
4.471333E-08,1.3513E-01
4.476333E-08,1.3096E-01
4.481333E-08,1.2783E-01
4.486333E-08,1.2470E-01
4.491333E-08,1.2052E-01
4.496333E-08,1.1739E-01
4.501333E-08,1.1374E-01
4.506333E-08,1.1061E-01
4.511333E-08,1.0853E-01
4.516333E-08,1.0540E-01
4.521333E-08,1.0227E-01
4.526333E-08,9.966E-02
4.531333E-08,9.601E-02
4.536333E-08,9.235E-02
4.541333E-08,8.975E-02
4.546333E-08,8.662E-02
4.551333E-08,8.349E-02
4.556333E-08,7.984E-02
4.561333E-08,7.566E-02
4.566333E-08,7.358E-02
4.571333E-08,6.836E-02
4.576333E-08,6.523E-02
4.581333E-08,6.001E-02
4.586333E-08,5.793E-02
4.591333E-08,5.219E-02
4.596333E-08,4.854E-02
4.601333E-08,4.436E-02
4.606333E-08,4.071E-02
4.611333E-08,3.654E-02
4.616333E-08,3.341E-02
4.621333E-08,2.924E-02
4.626333E-08,2.611E-02
4.631333E-08,2.350E-02
4.636333E-08,2.037E-02
4.641333E-08,1.776E-02
4.646333E-08,1.567E-02
4.651333E-08,1.411E-02
4.656333E-08,1.098E-02
4.661333E-08,1.098E-02
4.666333E-08,9.41E-03
4.671333E-08,8.37E-03
4.676333E-08,6.81E-03
4.681333E-08,6.81E-03
4.686333E-08,6.28E-03
4.691333E-08,5.76E-03
4.696333E-08,5.76E-03
4.701333E-08,5.76E-03
4.706333E-08,6.28E-03
4.711333E-08,6.28E-03
4.716333E-08,6.81E-03
4.721333E-08,7.33E-03
4.726333E-08,6.81E-03
4.731333E-08,7.33E-03
4.736333E-08,7.33E-03
4.741333E-08,7.33E-03
4.746333E-08,7.85E-03
4.751333E-08,7.85E-03
4.756333E-08,7.33E-03
4.761333E-08,7.85E-03
4.766333E-08,7.33E-03
4.771333E-08,6.81E-03
4.776333E-08,6.81E-03
4.781333E-08,5.76E-03
4.786333E-08,4.72E-03
4.791333E-08,4.20E-03
4.796333E-08,3.68E-03
4.801333E-08,3.15E-03
4.806333E-08,3.15E-03
4.811333E-08,2.63E-03
4.816333E-08,3.15E-03
4.821333E-08,3.15E-03
4.826333E-08,3.68E-03
4.831333E-08,4.72E-03
4.836333E-08,5.76E-03
4.841333E-08,7.33E-03
4.846333E-08,8.37E-03
4.851333E-08,9.41E-03
4.856333E-08,1.202E-02
4.861333E-08,1.306E-02
4.866333E-08,1.515E-02
4.871333E-08,1.672E-02
4.876333E-08,1.932E-02
4.881333E-08,2.141E-02
4.886333E-08,2.454E-02
4.891333E-08,2.663E-02
4.896333E-08,2.924E-02
4.901333E-08,3.028E-02
4.906333E-08,3.289E-02
4.911333E-08,3.550E-02
4.916333E-08,3.706E-02
4.921333E-08,3.863E-02
4.926333E-08,4.071E-02
4.931333E-08,4.176E-02
4.936333E-08,4.280E-02
4.941333E-08,4.384E-02
4.946333E-08,4.384E-02
4.951333E-08,4.384E-02
4.956333E-08,4.384E-02
4.961333E-08,4.384E-02
4.966333E-08,4.280E-02
4.971333E-08,4.228E-02
4.976333E-08,4.071E-02
4.981333E-08,3.967E-02
4.986333E-08,3.758E-02
4.991333E-08,3.550E-02
4.996333E-08,3.445E-02
5.001333E-08,3.237E-02
5.006333E-08,2.924E-02
5.011333E-08,2.924E-02
5.016333E-08,2.663E-02
5.021333E-08,2.506E-02
5.026333E-08,2.402E-02
5.031333E-08,2.141E-02
5.036333E-08,1.985E-02
5.041333E-08,1.880E-02
5.046333E-08,1.776E-02
5.051333E-08,1.619E-02
5.056333E-08,1.619E-02
5.061333E-08,1.567E-02
5.066333E-08,1.515E-02
5.071333E-08,1.515E-02
5.076333E-08,1.515E-02
5.081333E-08,1.567E-02
5.086333E-08,1.619E-02
5.091333E-08,1.672E-02
5.096333E-08,1.619E-02
5.101333E-08,1.724E-02
5.106333E-08,1.828E-02
5.111333E-08,1.932E-02
5.116333E-08,2.037E-02
5.121333E-08,2.141E-02
5.126333E-08,2.193E-02
5.131333E-08,2.245E-02
5.136333E-08,2.350E-02
5.141333E-08,2.506E-02
5.146333E-08,2.506E-02
5.151333E-08,2.611E-02
5.156333E-08,2.663E-02
5.161333E-08,2.611E-02
5.166333E-08,2.715E-02
5.171333E-08,2.715E-02
5.176333E-08,2.715E-02
5.181333E-08,2.663E-02
5.186333E-08,2.663E-02
5.191333E-08,2.611E-02
5.196333E-08,2.558E-02
5.201333E-08,2.506E-02
5.206333E-08,2.506E-02
5.211333E-08,2.454E-02
5.216333E-08,2.298E-02
5.221333E-08,2.245E-02
5.226333E-08,2.193E-02
5.231333E-08,2.193E-02
5.236333E-08,2.089E-02
5.241333E-08,2.089E-02
5.246333E-08,2.089E-02
5.251333E-08,2.037E-02
5.256333E-08,2.037E-02
5.261333E-08,1.985E-02
5.266333E-08,1.985E-02
5.271333E-08,1.985E-02
5.276333E-08,1.985E-02
5.281333E-08,1.985E-02
5.286333E-08,1.985E-02
5.291333E-08,1.985E-02
5.296333E-08,1.985E-02
5.301333E-08,1.985E-02
5.306333E-08,1.985E-02
5.311333E-08,1.985E-02
5.316333E-08,1.985E-02
5.321333E-08,1.985E-02
5.326333E-08,1.985E-02
5.331333E-08,1.932E-02
5.336333E-08,1.880E-02
5.341333E-08,1.776E-02
5.346333E-08,1.776E-02
5.351333E-08,1.776E-02
5.356333E-08,1.724E-02
5.361333E-08,1.567E-02
5.366333E-08,1.567E-02
5.371333E-08,1.463E-02
5.376333E-08,1.411E-02
5.381333E-08,1.202E-02
5.386333E-08,1.202E-02
5.391333E-08,1.150E-02
5.396333E-08,1.098E-02
5.401333E-08,9.41E-03
5.406333E-08,9.41E-03
5.411333E-08,9.41E-03
5.416333E-08,8.89E-03
5.421333E-08,8.89E-03
5.426333E-08,9.41E-03
5.431333E-08,1.046E-02
5.436333E-08,1.098E-02
5.441333E-08,1.202E-02
5.446333E-08,1.150E-02
5.451333E-08,1.306E-02
5.456333E-08,1.463E-02
5.461333E-08,1.672E-02
5.466333E-08,1.776E-02
5.471333E-08,1.932E-02
5.476333E-08,2.141E-02
5.481333E-08,2.350E-02
5.486333E-08,2.611E-02
5.491333E-08,2.767E-02
5.496333E-08,2.976E-02
5.501333E-08,3.080E-02
5.506333E-08,3.341E-02
5.511333E-08,3.550E-02
5.516333E-08,3.654E-02
5.521333E-08,3.810E-02
5.526333E-08,3.967E-02
5.531333E-08,4.019E-02
5.536333E-08,4.123E-02
5.541333E-08,4.280E-02
5.546333E-08,4.280E-02
5.551333E-08,4.280E-02
5.556333E-08,4.280E-02
5.561333E-08,4.228E-02
5.566333E-08,4.228E-02
5.571333E-08,4.071E-02
5.576333E-08,4.019E-02
5.581333E-08,3.915E-02
5.586333E-08,3.810E-02
5.591333E-08,3.602E-02
5.596333E-08,3.497E-02
5.601333E-08,3.445E-02
5.606333E-08,3.289E-02
5.611333E-08,3.132E-02
5.616333E-08,3.028E-02
5.621333E-08,2.924E-02
5.626333E-08,2.871E-02
5.631333E-08,2.715E-02
5.636333E-08,2.663E-02
5.641333E-08,2.663E-02
5.646333E-08,2.663E-02
5.651333E-08,2.611E-02
5.656333E-08,2.611E-02
5.661333E-08,2.663E-02
5.666333E-08,2.663E-02
5.671333E-08,2.715E-02
5.676333E-08,2.767E-02
5.681333E-08,2.819E-02
5.686333E-08,2.871E-02
5.691333E-08,2.924E-02
5.696333E-08,2.976E-02
5.701333E-08,2.976E-02
5.706333E-08,3.080E-02
5.711333E-08,3.132E-02
5.716333E-08,3.237E-02
5.721333E-08,3.237E-02
5.726333E-08,3.237E-02
5.731333E-08,3.184E-02
5.736333E-08,3.184E-02
5.741333E-08,3.132E-02
5.746333E-08,3.080E-02
5.751333E-08,3.028E-02
5.756333E-08,2.976E-02
5.761333E-08,2.871E-02
5.766333E-08,2.767E-02
5.771333E-08,2.663E-02
5.776333E-08,2.506E-02
5.781333E-08,2.402E-02
5.786333E-08,2.193E-02
5.791333E-08,2.089E-02
5.796333E-08,1.985E-02
5.801333E-08,1.880E-02
5.806333E-08,1.724E-02
5.811333E-08,1.619E-02
5.816333E-08,1.567E-02
5.821333E-08,1.567E-02
5.826333E-08,1.619E-02
5.831333E-08,1.567E-02
5.836333E-08,1.567E-02
5.841333E-08,1.567E-02
5.846333E-08,1.619E-02
5.851333E-08,1.672E-02
5.856333E-08,1.828E-02
5.861333E-08,1.932E-02
5.866333E-08,2.089E-02
5.871333E-08,2.298E-02
5.876333E-08,2.506E-02
5.881333E-08,2.611E-02
5.886333E-08,2.819E-02
5.891333E-08,2.976E-02
5.896333E-08,3.132E-02
5.901333E-08,3.341E-02
5.906333E-08,3.550E-02
5.911333E-08,3.706E-02
5.916333E-08,3.758E-02
5.921333E-08,3.915E-02
5.926333E-08,4.071E-02
5.931333E-08,4.228E-02
5.936333E-08,4.280E-02
5.941333E-08,4.332E-02
5.946333E-08,4.332E-02
5.951333E-08,4.384E-02
5.956333E-08,4.384E-02
5.961333E-08,4.332E-02
5.966333E-08,4.384E-02
5.971333E-08,4.332E-02
5.976333E-08,4.228E-02
5.981333E-08,4.176E-02
5.986333E-08,4.071E-02
5.991333E-08,3.967E-02
5.996333E-08,3.967E-02
6.001333E-08,3.810E-02
6.006333E-08,3.654E-02
6.011333E-08,3.602E-02
6.016333E-08,3.497E-02
6.021333E-08,3.393E-02
6.026333E-08,3.393E-02
6.031333E-08,3.289E-02
6.036333E-08,3.289E-02
6.041333E-08,3.237E-02
6.046333E-08,3.184E-02
6.051333E-08,3.184E-02
6.056333E-08,3.237E-02
6.061333E-08,3.237E-02
6.066333E-08,3.237E-02
6.071333E-08,3.341E-02
6.076333E-08,3.445E-02
6.081333E-08,3.393E-02
6.086333E-08,3.497E-02
6.091333E-08,3.602E-02
6.096333E-08,3.654E-02
6.101333E-08,3.810E-02
6.106333E-08,3.967E-02
6.111333E-08,3.967E-02
6.116333E-08,4.071E-02
6.121333E-08,4.176E-02
6.126333E-08,4.228E-02
6.131333E-08,4.384E-02
6.136333E-08,4.436E-02
6.141333E-08,4.489E-02
6.146333E-08,4.436E-02
6.151333E-08,4.489E-02
6.156333E-08,4.541E-02
6.161333E-08,4.541E-02
6.166333E-08,4.593E-02
6.171333E-08,4.541E-02
6.176333E-08,4.541E-02
6.181333E-08,4.489E-02
6.186333E-08,4.489E-02
6.191333E-08,4.489E-02
6.196333E-08,4.489E-02
6.201333E-08,4.436E-02
6.206333E-08,4.280E-02
6.211333E-08,4.228E-02
6.216333E-08,4.071E-02
6.221333E-08,4.019E-02
6.226333E-08,4.019E-02
6.231333E-08,3.758E-02
6.236333E-08,3.706E-02
6.241333E-08,3.654E-02
6.246333E-08,3.497E-02
6.251333E-08,3.445E-02
6.256333E-08,3.289E-02
6.261333E-08,3.237E-02
6.266333E-08,3.132E-02
6.271333E-08,2.976E-02
6.276333E-08,2.924E-02
6.281333E-08,2.767E-02
6.286333E-08,2.663E-02
6.291333E-08,2.611E-02
6.296333E-08,2.506E-02
6.301333E-08,2.350E-02
6.306333E-08,2.193E-02
6.311333E-08,2.141E-02
6.316333E-08,1.985E-02
6.321333E-08,1.932E-02
6.326333E-08,1.776E-02
6.331333E-08,1.672E-02
6.336333E-08,1.619E-02
6.341333E-08,1.463E-02
6.346333E-08,1.411E-02
6.351333E-08,1.254E-02
6.356333E-08,1.254E-02
6.361333E-08,1.150E-02
6.366333E-08,1.098E-02
6.371333E-08,9.41E-03
6.376333E-08,9.41E-03
6.381333E-08,9.41E-03
6.386333E-08,8.89E-03
6.391333E-08,8.89E-03
6.396333E-08,8.89E-03
6.401333E-08,9.41E-03
6.406333E-08,9.93E-03
6.411333E-08,1.046E-02
6.416333E-08,1.202E-02
6.421333E-08,1.202E-02
6.426333E-08,1.306E-02
6.431333E-08,1.359E-02
6.436333E-08,1.515E-02
6.441333E-08,1.672E-02
6.446333E-08,1.776E-02
6.451333E-08,1.932E-02
6.456333E-08,2.089E-02
6.461333E-08,2.193E-02
6.466333E-08,2.350E-02
6.471333E-08,2.558E-02
6.476333E-08,2.611E-02
6.481333E-08,2.767E-02
6.486333E-08,2.819E-02
6.491333E-08,2.924E-02
6.496333E-08,3.028E-02
6.501333E-08,3.080E-02
6.506333E-08,3.080E-02
6.511333E-08,3.080E-02
6.516333E-08,3.028E-02
6.521333E-08,2.871E-02
6.526333E-08,2.819E-02
6.531333E-08,2.767E-02
6.536333E-08,2.611E-02
6.541333E-08,2.402E-02
6.546333E-08,2.245E-02
6.551333E-08,2.037E-02
6.556333E-08,1.776E-02
6.561333E-08,1.672E-02
6.566333E-08,1.359E-02
6.571333E-08,1.150E-02
6.576333E-08,8.89E-03
6.581333E-08,6.28E-03
6.586333E-08,4.20E-03
6.591333E-08,2.11E-03
6.596333E-08,1.07E-03
6.601333E-08,-2.06E-03
6.606333E-08,-3.11E-03
6.611333E-08,-4.15E-03
6.616333E-08,-5.71E-03
6.621333E-08,-5.71E-03
6.626333E-08,-6.76E-03
6.631333E-08,-6.76E-03
6.636333E-08,-6.76E-03
6.641333E-08,-6.76E-03
6.646333E-08,-6.76E-03
6.651333E-08,-5.71E-03
6.656333E-08,-5.71E-03
6.661333E-08,-4.15E-03
6.666333E-08,-2.58E-03
6.671333E-08,-1.02E-03
6.676333E-08,5.5E-04
6.681333E-08,2.63E-03
6.686333E-08,3.68E-03
6.691333E-08,6.28E-03
6.696333E-08,7.33E-03
6.701333E-08,9.41E-03
6.706333E-08,1.098E-02
6.711333E-08,1.254E-02
6.716333E-08,1.359E-02
6.721333E-08,1.463E-02
6.726333E-08,1.515E-02
6.731333E-08,1.567E-02
6.736333E-08,1.672E-02
6.741333E-08,1.724E-02
6.746333E-08,1.672E-02
6.751333E-08,1.567E-02
6.756333E-08,1.515E-02
6.761333E-08,1.411E-02
6.766333E-08,1.306E-02
6.771333E-08,1.254E-02
6.776333E-08,1.046E-02
6.781333E-08,8.89E-03
6.786333E-08,7.33E-03
6.791333E-08,6.28E-03
6.796333E-08,4.20E-03
6.801333E-08,3.15E-03
6.806333E-08,1.59E-03
6.811333E-08,-5.0E-04
6.816333E-08,-1.54E-03
6.821333E-08,-2.58E-03
6.826333E-08,-3.11E-03
6.831333E-08,-4.15E-03
6.836333E-08,-4.15E-03
6.841333E-08,-5.19E-03
6.846333E-08,-5.19E-03
6.851333E-08,-5.19E-03
6.856333E-08,-4.67E-03
6.861333E-08,-3.63E-03
6.866333E-08,-3.63E-03
6.871333E-08,-3.11E-03
6.876333E-08,-1.02E-03
6.881333E-08,-5.0E-04
6.886333E-08,-5.0E-04
6.891333E-08,1.07E-03
6.896333E-08,2.63E-03
6.901333E-08,3.68E-03
6.906333E-08,4.72E-03
6.911333E-08,6.28E-03
6.916333E-08,7.33E-03
6.921333E-08,7.85E-03
6.926333E-08,8.89E-03
6.931333E-08,9.41E-03
6.936333E-08,9.93E-03
6.941333E-08,1.046E-02
6.946333E-08,1.150E-02
6.951333E-08,1.202E-02
6.956333E-08,1.150E-02
6.961333E-08,1.202E-02
6.966333E-08,1.202E-02
6.971333E-08,1.202E-02
6.976333E-08,1.202E-02
6.981333E-08,1.202E-02
6.986333E-08,1.202E-02
6.991333E-08,1.202E-02
6.996333E-08,1.202E-02
7.001333E-08,1.202E-02
7.006333E-08,1.254E-02
7.011333E-08,1.254E-02
7.016333E-08,1.306E-02
7.021333E-08,1.359E-02
7.026333E-08,1.463E-02
7.031333E-08,1.619E-02
7.036333E-08,1.619E-02
7.041333E-08,1.776E-02
7.046333E-08,1.932E-02
7.051333E-08,2.141E-02
7.056333E-08,2.141E-02
7.061333E-08,2.402E-02
7.066333E-08,2.611E-02
7.071333E-08,2.767E-02
7.076333E-08,2.924E-02
7.081333E-08,2.976E-02
7.086333E-08,3.237E-02
7.091333E-08,3.445E-02
7.096333E-08,3.550E-02
7.101333E-08,3.706E-02
7.106333E-08,3.810E-02
7.111333E-08,3.915E-02
7.116333E-08,4.019E-02
7.121333E-08,4.123E-02
7.126333E-08,4.123E-02
7.131333E-08,4.228E-02
7.136333E-08,4.280E-02
7.141333E-08,4.280E-02
7.146333E-08,4.228E-02
7.151333E-08,4.176E-02
7.156333E-08,4.071E-02
7.161333E-08,4.071E-02
7.166333E-08,3.967E-02
7.171333E-08,3.915E-02
7.176333E-08,3.810E-02
7.181333E-08,3.654E-02
7.186333E-08,3.497E-02
7.191333E-08,3.497E-02
7.196333E-08,3.341E-02
7.201333E-08,3.237E-02
7.206333E-08,3.132E-02
7.211333E-08,2.976E-02
7.216333E-08,2.924E-02
7.221333E-08,2.715E-02
7.226333E-08,2.611E-02
7.231333E-08,2.558E-02
7.236333E-08,2.454E-02
7.241333E-08,2.245E-02
7.246333E-08,2.193E-02
7.251333E-08,2.089E-02
7.256333E-08,1.985E-02
7.261333E-08,1.932E-02
7.266333E-08,1.828E-02
7.271333E-08,1.672E-02
7.276333E-08,1.672E-02
7.281333E-08,1.515E-02
7.286333E-08,1.411E-02
7.291333E-08,1.411E-02
7.296333E-08,1.359E-02
7.301333E-08,1.254E-02
7.306333E-08,1.202E-02
7.311333E-08,1.098E-02
7.316333E-08,1.098E-02
7.321333E-08,1.098E-02
7.326333E-08,9.93E-03
7.331333E-08,9.93E-03
7.336333E-08,9.41E-03
7.341333E-08,9.93E-03
7.346333E-08,1.046E-02
7.351333E-08,1.098E-02
7.356333E-08,1.150E-02
7.361333E-08,1.202E-02
7.366333E-08,1.254E-02
7.371333E-08,1.359E-02
7.376333E-08,1.359E-02
7.381333E-08,1.515E-02
7.386333E-08,1.672E-02
7.391333E-08,1.724E-02
7.396333E-08,1.828E-02
7.401333E-08,1.932E-02
7.406333E-08,2.037E-02
7.411333E-08,2.193E-02
7.416333E-08,2.298E-02
7.421333E-08,2.402E-02
7.426333E-08,2.558E-02
7.431333E-08,2.663E-02
7.436333E-08,2.767E-02
7.441333E-08,2.767E-02
7.446333E-08,2.767E-02
7.451333E-08,2.819E-02
7.456333E-08,2.819E-02
7.461333E-08,2.819E-02
7.466333E-08,2.767E-02
7.471333E-08,2.767E-02
7.476333E-08,2.715E-02
7.481333E-08,2.611E-02
7.486333E-08,2.558E-02
7.491333E-08,2.350E-02
7.496333E-08,2.193E-02
7.501333E-08,2.141E-02
7.506333E-08,1.985E-02
7.511333E-08,1.828E-02
7.516333E-08,1.724E-02
7.521333E-08,1.463E-02
7.526333E-08,1.463E-02
7.531333E-08,1.254E-02
7.536333E-08,1.150E-02
7.541333E-08,9.93E-03
7.546333E-08,8.37E-03
7.551333E-08,7.33E-03
7.556333E-08,6.28E-03
7.561333E-08,5.76E-03
7.566333E-08,5.24E-03
7.571333E-08,3.68E-03
7.576333E-08,4.20E-03
7.581333E-08,3.68E-03
7.586333E-08,3.68E-03
7.591333E-08,4.20E-03
7.596333E-08,3.68E-03
7.601333E-08,4.20E-03
7.606333E-08,5.24E-03
7.611333E-08,5.24E-03
7.616333E-08,6.28E-03
7.621333E-08,7.33E-03
7.626333E-08,7.33E-03
7.631333E-08,8.89E-03
7.636333E-08,8.89E-03
7.641333E-08,9.93E-03
7.646333E-08,9.93E-03
7.651333E-08,1.046E-02
7.656333E-08,1.150E-02
7.661333E-08,1.202E-02
7.666333E-08,1.150E-02
7.671333E-08,1.150E-02
7.676333E-08,1.150E-02
7.681333E-08,1.202E-02
7.686333E-08,1.150E-02
7.691333E-08,1.098E-02
7.696333E-08,9.93E-03
7.701333E-08,9.93E-03
7.706333E-08,9.41E-03
7.711333E-08,8.89E-03
7.716333E-08,8.37E-03
7.721333E-08,8.37E-03
7.726333E-08,7.33E-03
7.731333E-08,6.81E-03
7.736333E-08,6.81E-03
7.741333E-08,6.28E-03
7.746333E-08,6.28E-03
7.751333E-08,5.76E-03
7.756333E-08,6.28E-03
7.761333E-08,6.28E-03
7.766333E-08,6.81E-03
7.771333E-08,7.33E-03
7.776333E-08,7.85E-03
7.781333E-08,8.37E-03
7.786333E-08,8.37E-03
7.791333E-08,8.89E-03
7.796333E-08,9.93E-03
7.801333E-08,1.046E-02
7.806333E-08,1.150E-02
7.811333E-08,1.202E-02
7.816333E-08,1.254E-02
7.821333E-08,1.254E-02
7.826333E-08,1.359E-02
7.831333E-08,1.359E-02
7.836333E-08,1.463E-02
7.841333E-08,1.515E-02
7.846333E-08,1.567E-02
7.851333E-08,1.463E-02
7.856333E-08,1.515E-02
7.861333E-08,1.619E-02
7.866333E-08,1.672E-02
7.871333E-08,1.672E-02
7.876333E-08,1.724E-02
7.881333E-08,1.672E-02
7.886333E-08,1.672E-02
7.891333E-08,1.724E-02
7.896333E-08,1.724E-02
7.901333E-08,1.828E-02
7.906333E-08,1.828E-02
7.911333E-08,1.932E-02
7.916333E-08,1.985E-02
7.921333E-08,2.089E-02
7.926333E-08,2.193E-02
7.931333E-08,2.298E-02
7.936333E-08,2.454E-02
7.941333E-08,2.558E-02
7.946333E-08,2.715E-02
7.951333E-08,2.819E-02
7.956333E-08,2.976E-02
7.961333E-08,3.080E-02
7.966333E-08,3.237E-02
7.971333E-08,3.445E-02
7.976333E-08,3.497E-02
7.981333E-08,3.706E-02
7.986333E-08,3.810E-02
7.991333E-08,3.967E-02
7.996333E-08,4.071E-02
8.001333E-08,4.123E-02
8.006333E-08,4.228E-02
8.011333E-08,4.228E-02
8.016333E-08,4.280E-02
8.021333E-08,4.280E-02
8.026333E-08,4.280E-02
8.031333E-08,4.176E-02
8.036333E-08,4.071E-02
8.041333E-08,4.019E-02
8.046333E-08,3.863E-02
8.051333E-08,3.758E-02
8.056333E-08,3.654E-02
8.061333E-08,3.497E-02
8.066333E-08,3.289E-02
8.071333E-08,3.184E-02
8.076333E-08,2.924E-02
8.081333E-08,2.871E-02
8.086333E-08,2.715E-02
8.091333E-08,2.558E-02
8.096333E-08,2.506E-02
8.101333E-08,2.350E-02
8.106333E-08,2.193E-02
8.111333E-08,2.037E-02
8.116333E-08,1.985E-02
8.121333E-08,1.932E-02
8.126333E-08,1.880E-02
8.131333E-08,1.828E-02
8.136333E-08,1.776E-02
8.141333E-08,1.724E-02
8.146333E-08,1.724E-02
8.151333E-08,1.724E-02
8.156333E-08,1.724E-02
8.161333E-08,1.776E-02
8.166333E-08,1.776E-02
