-1.835973E-08,6.28E-03
-1.830973E-08,5.76E-03
-1.825973E-08,5.24E-03
-1.820973E-08,4.72E-03
-1.815973E-08,4.20E-03
-1.810973E-08,4.20E-03
-1.805973E-08,4.20E-03
-1.800973E-08,3.15E-03
-1.795973E-08,2.63E-03
-1.790973E-08,1.59E-03
-1.785973E-08,1.07E-03
-1.780973E-08,5.5E-04
-1.775973E-08,-5.0E-04
-1.770973E-08,2E-05
-1.765973E-08,-1.02E-03
-1.760973E-08,-1.02E-03
-1.755973E-08,-1.02E-03
-1.750973E-08,-2.06E-03
-1.745973E-08,-2.06E-03
-1.740973E-08,-2.06E-03
-1.735973E-08,-2.06E-03
-1.730973E-08,-1.54E-03
-1.725973E-08,-1.54E-03
-1.720973E-08,-1.54E-03
-1.715973E-08,-5.0E-04
-1.710973E-08,1.07E-03
-1.705973E-08,1.59E-03
-1.700973E-08,2.63E-03
-1.695973E-08,3.15E-03
-1.690973E-08,4.20E-03
-1.685973E-08,6.28E-03
-1.680973E-08,8.37E-03
-1.675973E-08,9.93E-03
-1.670973E-08,1.150E-02
-1.665973E-08,1.254E-02
-1.660973E-08,1.515E-02
-1.655973E-08,1.724E-02
-1.650973E-08,1.776E-02
-1.645973E-08,1.985E-02
-1.640973E-08,2.141E-02
-1.635973E-08,2.245E-02
-1.630973E-08,2.402E-02
-1.625973E-08,2.558E-02
-1.620973E-08,2.611E-02
-1.615973E-08,2.767E-02
-1.610973E-08,2.819E-02
-1.605973E-08,2.871E-02
-1.600973E-08,2.924E-02
-1.595973E-08,2.976E-02
-1.590973E-08,2.976E-02
-1.585973E-08,3.028E-02
-1.580973E-08,3.028E-02
-1.575973E-08,2.976E-02
-1.570973E-08,2.976E-02
-1.565973E-08,2.976E-02
-1.560973E-08,2.924E-02
-1.555973E-08,2.924E-02
-1.550973E-08,2.924E-02
-1.545973E-08,2.924E-02
-1.540973E-08,2.924E-02
-1.535973E-08,2.976E-02
-1.530973E-08,2.924E-02
-1.525973E-08,2.976E-02
-1.520973E-08,3.080E-02
-1.515973E-08,3.132E-02
-1.510973E-08,3.184E-02
-1.505973E-08,3.237E-02
-1.500973E-08,3.393E-02
-1.495973E-08,3.445E-02
-1.490973E-08,3.550E-02
-1.485973E-08,3.654E-02
-1.480973E-08,3.758E-02
-1.475973E-08,3.915E-02
-1.470973E-08,4.019E-02
-1.465973E-08,4.332E-02
-1.460973E-08,4.384E-02
-1.455973E-08,4.436E-02
-1.450973E-08,4.541E-02
-1.445973E-08,4.697E-02
-1.440973E-08,4.802E-02
-1.435973E-08,4.906E-02
-1.430973E-08,4.958E-02
-1.425973E-08,5.010E-02
-1.420973E-08,5.010E-02
-1.415973E-08,5.062E-02
-1.410973E-08,5.114E-02
-1.405973E-08,5.062E-02
-1.400973E-08,5.062E-02
-1.395973E-08,5.062E-02
-1.390973E-08,5.010E-02
-1.385973E-08,4.906E-02
-1.380973E-08,4.854E-02
-1.375973E-08,4.697E-02
-1.370973E-08,4.593E-02
-1.365973E-08,4.489E-02
-1.360973E-08,4.436E-02
-1.355973E-08,4.228E-02
-1.350973E-08,4.071E-02
-1.345973E-08,3.967E-02
-1.340973E-08,3.706E-02
-1.335973E-08,3.497E-02
-1.330973E-08,3.393E-02
-1.325973E-08,3.289E-02
-1.320973E-08,3.132E-02
-1.315973E-08,2.976E-02
-1.310973E-08,2.819E-02
-1.305973E-08,2.715E-02
-1.300973E-08,2.611E-02
-1.295973E-08,2.506E-02
-1.290973E-08,2.454E-02
-1.285973E-08,2.402E-02
-1.280973E-08,2.245E-02
-1.275973E-08,2.193E-02
-1.270973E-08,2.193E-02
-1.265973E-08,2.141E-02
-1.260973E-08,2.141E-02
-1.255973E-08,2.141E-02
-1.250973E-08,2.193E-02
-1.245973E-08,2.298E-02
-1.240973E-08,2.350E-02
-1.235973E-08,2.454E-02
-1.230973E-08,2.506E-02
-1.225973E-08,2.663E-02
-1.220973E-08,2.715E-02
-1.215973E-08,2.819E-02
-1.210973E-08,2.924E-02
-1.205973E-08,2.976E-02
-1.200973E-08,3.080E-02
-1.195973E-08,3.237E-02
-1.190973E-08,3.289E-02
-1.185973E-08,3.341E-02
-1.180973E-08,3.393E-02
-1.175973E-08,3.497E-02
-1.170973E-08,3.497E-02
-1.165973E-08,3.497E-02
-1.160973E-08,3.497E-02
-1.155973E-08,3.445E-02
-1.150973E-08,3.393E-02
-1.145973E-08,3.289E-02
-1.140973E-08,3.132E-02
-1.135973E-08,3.080E-02
-1.130973E-08,2.976E-02
-1.125973E-08,2.819E-02
-1.120973E-08,2.715E-02
-1.115973E-08,2.558E-02
-1.110973E-08,2.298E-02
-1.105973E-08,2.141E-02
-1.100973E-08,1.985E-02
-1.095973E-08,1.724E-02
-1.090973E-08,1.619E-02
-1.085973E-08,1.359E-02
-1.080973E-08,1.202E-02
-1.075973E-08,1.150E-02
-1.070973E-08,1.098E-02
-1.065973E-08,9.93E-03
-1.060973E-08,8.89E-03
-1.055973E-08,8.89E-03
-1.050973E-08,8.37E-03
-1.045973E-08,8.89E-03
-1.040973E-08,9.41E-03
-1.035973E-08,9.93E-03
-1.030973E-08,1.150E-02
-1.025973E-08,1.150E-02
-1.020973E-08,1.306E-02
-1.015973E-08,1.463E-02
-1.010973E-08,1.672E-02
-1.005973E-08,1.828E-02
-1.000973E-08,1.985E-02
-9.95973E-09,2.193E-02
-9.90973E-09,2.454E-02
-9.85973E-09,2.611E-02
-9.80973E-09,2.767E-02
-9.75973E-09,3.028E-02
-9.70973E-09,3.080E-02
-9.65973E-09,3.289E-02
-9.60973E-09,3.445E-02
-9.55973E-09,3.550E-02
-9.50973E-09,3.706E-02
-9.45973E-09,3.758E-02
-9.40973E-09,3.810E-02
-9.35973E-09,3.863E-02
-9.30973E-09,3.967E-02
-9.25973E-09,3.967E-02
-9.20973E-09,3.915E-02
-9.15973E-09,3.915E-02
-9.10973E-09,3.967E-02
-9.05973E-09,3.915E-02
-9.00973E-09,3.810E-02
-8.95973E-09,3.758E-02
-8.90973E-09,3.810E-02
-8.85973E-09,3.758E-02
-8.80973E-09,3.706E-02
-8.75973E-09,3.706E-02
-8.70973E-09,3.706E-02
-8.65973E-09,3.758E-02
-8.60973E-09,3.810E-02
-8.55973E-09,3.863E-02
-8.50973E-09,3.915E-02
-8.45973E-09,4.019E-02
-8.40973E-09,4.123E-02
-8.35973E-09,4.228E-02
-8.30973E-09,4.280E-02
-8.25973E-09,4.489E-02
-8.20973E-09,4.645E-02
-8.15973E-09,4.749E-02
-8.10973E-09,5.010E-02
-8.05973E-09,5.219E-02
-8.00973E-09,5.427E-02
-7.95973E-09,5.636E-02
-7.90973E-09,5.740E-02
-7.85973E-09,6.001E-02
-7.80973E-09,6.262E-02
-7.75973E-09,6.471E-02
-7.70973E-09,6.575E-02
-7.65973E-09,6.836E-02
-7.60973E-09,7.045E-02
-7.55973E-09,7.305E-02
-7.50973E-09,7.410E-02
-7.45973E-09,7.462E-02
-7.40973E-09,7.566E-02
-7.35973E-09,7.827E-02
-7.30973E-09,7.931E-02
-7.25973E-09,8.036E-02
-7.20973E-09,8.192E-02
-7.15973E-09,8.349E-02
-7.10973E-09,8.505E-02
-7.05973E-09,8.505E-02
-7.00973E-09,8.662E-02
-6.95973E-09,8.714E-02
-6.90973E-09,8.870E-02
-6.85973E-09,8.975E-02
-6.80973E-09,9.183E-02
-6.75973E-09,9.340E-02
-6.70973E-09,9.548E-02
-6.65973E-09,9.705E-02
-6.60973E-09,9.966E-02
-6.55973E-09,1.0174E-01
-6.50973E-09,1.0435E-01
-6.45973E-09,1.0696E-01
-6.40973E-09,1.0957E-01
-6.35973E-09,1.1270E-01
-6.30973E-09,1.1583E-01
-6.25973E-09,1.1896E-01
-6.20973E-09,1.2313E-01
-6.15973E-09,1.2678E-01
-6.10973E-09,1.3043E-01
-6.05973E-09,1.3461E-01
-6.00973E-09,1.3826E-01
-5.95973E-09,1.4348E-01
-5.90973E-09,1.4765E-01
-5.85973E-09,1.5339E-01
-5.80973E-09,1.5808E-01
-5.75973E-09,1.6330E-01
-5.70973E-09,1.6852E-01
-5.65973E-09,1.7321E-01
-5.60973E-09,1.7895E-01
-5.55973E-09,1.8416E-01
-5.50973E-09,1.8886E-01
-5.45973E-09,1.9460E-01
-5.40973E-09,1.9981E-01
-5.35973E-09,2.0503E-01
-5.30973E-09,2.1077E-01
-5.25973E-09,2.1598E-01
-5.20973E-09,2.2172E-01
-5.15973E-09,2.2642E-01
-5.10973E-09,2.3216E-01
-5.05973E-09,2.3737E-01
-5.00973E-09,2.4311E-01
-4.95973E-09,2.4833E-01
-4.90973E-09,2.5406E-01
-4.85973E-09,2.5928E-01
-4.80973E-09,2.6502E-01
-4.75973E-09,2.6971E-01
-4.70973E-09,2.7545E-01
-4.65973E-09,2.8067E-01
-4.60973E-09,2.8589E-01
-4.55973E-09,2.9214E-01
-4.50973E-09,2.9788E-01
-4.45973E-09,3.0310E-01
-4.40973E-09,3.0884E-01
-4.35973E-09,3.1510E-01
-4.30973E-09,3.2084E-01
-4.25973E-09,3.2657E-01
-4.20973E-09,3.3231E-01
-4.15973E-09,3.3701E-01
-4.10973E-09,3.4379E-01
-4.05973E-09,3.5057E-01
-4.00973E-09,3.5579E-01
-3.95973E-09,3.6257E-01
-3.90973E-09,3.6778E-01
-3.85973E-09,3.7509E-01
-3.80973E-09,3.8135E-01
-3.75973E-09,3.8813E-01
-3.70973E-09,3.9334E-01
-3.65973E-09,4.0169E-01
-3.60973E-09,4.0847E-01
-3.55973E-09,4.1577E-01
-3.50973E-09,4.2308E-01
-3.45973E-09,4.3090E-01
-3.40973E-09,4.3821E-01
-3.35973E-09,4.4707E-01
-3.30973E-09,4.5542E-01
-3.25973E-09,4.6324E-01
-3.20973E-09,4.7159E-01
-3.15973E-09,4.8098E-01
-3.10973E-09,4.9037E-01
-3.05973E-09,4.9976E-01
-3.00973E-09,5.0967E-01
-2.95973E-09,5.1958E-01
-2.90973E-09,5.3002E-01
-2.85973E-09,5.4045E-01
-2.80973E-09,5.5192E-01
-2.75973E-09,5.6184E-01
-2.70973E-09,5.7383E-01
-2.65973E-09,5.8531E-01
-2.60973E-09,5.9626E-01
-2.55973E-09,6.0826E-01
-2.50973E-09,6.1974E-01
-2.45973E-09,6.3121E-01
-2.40973E-09,6.4426E-01
-2.35973E-09,6.5677E-01
-2.30973E-09,6.6877E-01
-2.25973E-09,6.8077E-01
-2.20973E-09,6.9277E-01
-2.15973E-09,7.0529E-01
-2.10973E-09,7.1781E-01
-2.05973E-09,7.2981E-01
-2.00973E-09,7.4232E-01
-1.95973E-09,7.5484E-01
-1.90973E-09,7.6736E-01
-1.85973E-09,7.7832E-01
-1.80973E-09,7.9084E-01
-1.75973E-09,8.0336E-01
-1.70973E-09,8.1588E-01
-1.65973E-09,8.2840E-01
-1.60973E-09,8.3935E-01
-1.55973E-09,8.5239E-01
-1.50973E-09,8.6387E-01
-1.45973E-09,8.7587E-01
-1.40973E-09,8.8786E-01
-1.35973E-09,9.0038E-01
-1.30973E-09,9.1290E-01
-1.25973E-09,9.2490E-01
-1.20973E-09,9.3794E-01
-1.15973E-09,9.4994E-01
-1.10973E-09,9.6298E-01
-1.05973E-09,9.7654E-01
-1.00973E-09,9.8958E-01
-9.5973E-10,1.00210E+00
-9.0973E-10,1.01671E+00
-8.5973E-10,1.03027E+00
-8.0973E-10,1.04488E+00
-7.5973E-10,1.05896E+00
-7.0973E-10,1.07409E+00
-6.5973E-10,1.08870E+00
-6.0973E-10,1.10487E+00
-5.5973E-10,1.11947E+00
-5.0973E-10,1.13512E+00
-4.5973E-10,1.15182E+00
-4.0973E-10,1.16747E+00
-3.5973E-10,1.18364E+00
-3.0973E-10,1.19981E+00
-2.5973E-10,1.21702E+00
-2.0973E-10,1.23476E+00
-1.5973E-10,1.25041E+00
-1.0973E-10,1.26814E+00
-5.973E-11,1.28431E+00
-9.73E-12,1.30205E+00
4.027E-11,1.31926E+00
9.027E-11,1.33596E+00
1.4027E-10,1.35317E+00
1.9027E-10,1.36986E+00
2.4027E-10,1.38551E+00
2.9027E-10,1.40325E+00
3.4027E-10,1.41994E+00
3.9027E-10,1.43611E+00
4.4027E-10,1.45124E+00
4.9027E-10,1.46689E+00
5.4027E-10,1.48202E+00
5.9027E-10,1.49819E+00
6.4027E-10,1.51227E+00
6.9027E-10,1.52792E+00
7.4027E-10,1.54357E+00
7.9027E-10,1.55766E+00
8.4027E-10,1.57278E+00
8.9027E-10,1.58687E+00
9.4027E-10,1.60043E+00
9.9027E-10,1.61556E+00
1.04027E-09,1.62964E+00
1.09027E-09,1.64373E+00
1.14027E-09,1.65729E+00
1.19027E-09,1.67033E+00
1.24027E-09,1.68546E+00
1.29027E-09,1.69954E+00
1.34027E-09,1.71415E+00
1.39027E-09,1.72719E+00
1.44027E-09,1.74180E+00
1.49027E-09,1.75692E+00
1.54027E-09,1.76997E+00
1.59027E-09,1.78405E+00
1.64027E-09,1.79866E+00
1.69027E-09,1.81274E+00
1.74027E-09,1.82787E+00
1.79027E-09,1.84247E+00
1.84027E-09,1.85656E+00
1.89027E-09,1.87012E+00
1.94027E-09,1.88421E+00
1.99027E-09,1.89933E+00
2.04027E-09,1.91237E+00
2.09027E-09,1.92646E+00
2.14027E-09,1.94054E+00
2.19027E-09,1.95306E+00
2.24027E-09,1.96663E+00
2.29027E-09,1.97967E+00
2.34027E-09,1.99219E+00
2.39027E-09,2.00523E+00
2.44027E-09,2.01827E+00
2.49027E-09,2.02974E+00
2.54027E-09,2.04070E+00
2.59027E-09,2.05374E+00
2.64027E-09,2.06470E+00
2.69027E-09,2.07617E+00
2.74027E-09,2.08713E+00
2.79027E-09,2.09704E+00
2.84027E-09,2.10851E+00
2.89027E-09,2.11895E+00
2.94027E-09,2.12938E+00
2.99027E-09,2.13981E+00
3.04027E-09,2.14972E+00
3.09027E-09,2.15963E+00
3.14027E-09,2.17007E+00
3.19027E-09,2.18050E+00
3.24027E-09,2.19041E+00
3.29027E-09,2.19980E+00
3.34027E-09,2.21023E+00
3.39027E-09,2.22015E+00
3.44027E-09,2.22953E+00
3.49027E-09,2.23945E+00
3.54027E-09,2.24936E+00
3.59027E-09,2.25979E+00
3.64027E-09,2.26814E+00
3.69027E-09,2.27805E+00
3.74027E-09,2.28848E+00
3.79027E-09,2.29735E+00
3.84027E-09,2.30674E+00
3.89027E-09,2.31613E+00
3.94027E-09,2.32604E+00
3.99027E-09,2.33491E+00
4.04027E-09,2.34378E+00
4.09027E-09,2.35369E+00
4.14027E-09,2.36151E+00
4.19027E-09,2.37038E+00
4.24027E-09,2.37925E+00
4.29027E-09,2.38759E+00
4.34027E-09,2.39542E+00
4.39027E-09,2.40376E+00
4.44027E-09,2.41055E+00
4.49027E-09,2.41889E+00
4.54027E-09,2.42515E+00
4.59027E-09,2.43298E+00
4.64027E-09,2.44028E+00
4.69027E-09,2.44602E+00
4.74027E-09,2.45280E+00
4.79027E-09,2.45958E+00
4.84027E-09,2.46532E+00
4.89027E-09,2.47158E+00
4.94027E-09,2.47679E+00
4.99027E-09,2.48253E+00
5.04027E-09,2.48879E+00
5.09027E-09,2.49297E+00
5.14027E-09,2.49766E+00
5.19027E-09,2.50392E+00
5.24027E-09,2.50809E+00
5.29027E-09,2.51331E+00
5.34027E-09,2.51853E+00
5.39027E-09,2.52166E+00
5.44027E-09,2.52635E+00
5.49027E-09,2.53105E+00
5.54027E-09,2.53365E+00
5.59027E-09,2.53835E+00
5.64027E-09,2.54200E+00
5.69027E-09,2.54670E+00
5.74027E-09,2.54930E+00
5.79027E-09,2.55243E+00
5.84027E-09,2.55556E+00
5.89027E-09,2.55869E+00
5.94027E-09,2.56130E+00
5.99027E-09,2.56391E+00
6.04027E-09,2.56652E+00
6.09027E-09,2.56965E+00
6.14027E-09,2.57173E+00
6.19027E-09,2.57382E+00
6.24027E-09,2.57591E+00
6.29027E-09,2.57695E+00
6.34027E-09,2.57904E+00
6.39027E-09,2.58060E+00
6.44027E-09,2.58112E+00
6.49027E-09,2.58321E+00
6.54027E-09,2.58478E+00
6.59027E-09,2.58530E+00
6.64027E-09,2.58634E+00
6.69027E-09,2.58686E+00
6.74027E-09,2.58686E+00
6.79027E-09,2.58738E+00
6.84027E-09,2.58843E+00
6.89027E-09,2.58947E+00
6.94027E-09,2.58947E+00
6.99027E-09,2.58895E+00
7.04027E-09,2.58947E+00
7.09027E-09,2.59051E+00
7.14027E-09,2.59051E+00
7.19027E-09,2.59103E+00
7.24027E-09,2.59051E+00
7.29027E-09,2.59051E+00
7.34027E-09,2.59051E+00
7.39027E-09,2.59051E+00
7.44027E-09,2.59103E+00
7.49027E-09,2.59051E+00
7.54027E-09,2.59051E+00
7.59027E-09,2.58947E+00
7.64027E-09,2.58895E+00
7.69027E-09,2.58895E+00
7.74027E-09,2.58791E+00
7.79027E-09,2.58738E+00
7.84027E-09,2.58686E+00
7.89027E-09,2.58634E+00
7.94027E-09,2.58582E+00
7.99027E-09,2.58478E+00
8.04027E-09,2.58373E+00
8.09027E-09,2.58217E+00
8.14027E-09,2.58060E+00
8.19027E-09,2.57956E+00
8.24027E-09,2.57904E+00
8.29027E-09,2.57747E+00
8.34027E-09,2.57591E+00
8.39027E-09,2.57539E+00
8.44027E-09,2.57382E+00
8.49027E-09,2.57330E+00
8.54027E-09,2.57173E+00
8.59027E-09,2.57017E+00
8.64027E-09,2.57069E+00
8.69027E-09,2.57017E+00
8.74027E-09,2.56913E+00
8.79027E-09,2.56860E+00
8.84027E-09,2.56860E+00
8.89027E-09,2.56808E+00
8.94027E-09,2.56808E+00
8.99027E-09,2.56860E+00
9.04027E-09,2.56860E+00
9.09027E-09,2.56913E+00
9.14027E-09,2.57017E+00
9.19027E-09,2.57069E+00
9.24027E-09,2.57017E+00
9.29027E-09,2.57121E+00
9.34027E-09,2.57330E+00
9.39027E-09,2.57382E+00
9.44027E-09,2.57539E+00
9.49027E-09,2.57591E+00
9.54027E-09,2.57695E+00
9.59027E-09,2.57799E+00
9.64027E-09,2.57904E+00
9.69027E-09,2.58008E+00
9.74027E-09,2.58060E+00
9.79027E-09,2.58165E+00
9.84027E-09,2.58269E+00
9.89027E-09,2.58321E+00
9.94027E-09,2.58425E+00
9.99027E-09,2.58478E+00
1.004027E-08,2.58425E+00
1.009027E-08,2.58478E+00
1.014027E-08,2.58478E+00
1.019027E-08,2.58478E+00
1.024027E-08,2.58478E+00
1.029027E-08,2.58478E+00
1.034027E-08,2.58425E+00
1.039027E-08,2.58478E+00
1.044027E-08,2.58425E+00
1.049027E-08,2.58373E+00
1.054027E-08,2.58321E+00
1.059027E-08,2.58321E+00
1.064027E-08,2.58217E+00
1.069027E-08,2.58165E+00
1.074027E-08,2.58165E+00
1.079027E-08,2.58112E+00
1.084027E-08,2.58008E+00
1.089027E-08,2.57956E+00
1.094027E-08,2.57956E+00
1.099027E-08,2.57904E+00
1.104027E-08,2.57904E+00
1.109027E-08,2.57904E+00
1.114027E-08,2.57852E+00
1.119027E-08,2.57799E+00
1.124027E-08,2.57747E+00
1.129027E-08,2.57747E+00
1.134027E-08,2.57695E+00
1.139027E-08,2.57695E+00
1.144027E-08,2.57643E+00
1.149027E-08,2.57591E+00
1.154027E-08,2.57643E+00
1.159027E-08,2.57643E+00
1.164027E-08,2.57591E+00
1.169027E-08,2.57539E+00
1.174027E-08,2.57434E+00
1.179027E-08,2.57486E+00
1.184027E-08,2.57434E+00
1.189027E-08,2.57434E+00
1.194027E-08,2.57382E+00
1.199027E-08,2.57330E+00
1.204027E-08,2.57382E+00
1.209027E-08,2.57330E+00
1.214027E-08,2.57330E+00
1.219027E-08,2.57330E+00
1.224027E-08,2.57330E+00
1.229027E-08,2.57330E+00
1.234027E-08,2.57382E+00
1.239027E-08,2.57330E+00
1.244027E-08,2.57382E+00
1.249027E-08,2.57434E+00
1.254027E-08,2.57486E+00
1.259027E-08,2.57539E+00
1.264027E-08,2.57539E+00
1.269027E-08,2.57591E+00
1.274027E-08,2.57643E+00
1.279027E-08,2.57747E+00
1.284027E-08,2.57852E+00
1.289027E-08,2.57904E+00
1.294027E-08,2.57956E+00
1.299027E-08,2.58008E+00
1.304027E-08,2.58165E+00
1.309027E-08,2.58217E+00
1.314027E-08,2.58269E+00
1.319027E-08,2.58321E+00
1.324027E-08,2.58425E+00
1.329027E-08,2.58425E+00
1.334027E-08,2.58478E+00
1.339027E-08,2.58530E+00
1.344027E-08,2.58582E+00
1.349027E-08,2.58530E+00
1.354027E-08,2.58582E+00
1.359027E-08,2.58582E+00
1.364027E-08,2.58530E+00
1.369027E-08,2.58530E+00
1.374027E-08,2.58582E+00
1.379027E-08,2.58478E+00
1.384027E-08,2.58478E+00
1.389027E-08,2.58425E+00
1.394027E-08,2.58425E+00
1.399027E-08,2.58373E+00
1.404027E-08,2.58321E+00
1.409027E-08,2.58321E+00
1.414027E-08,2.58217E+00
1.419027E-08,2.58217E+00
1.424027E-08,2.58165E+00
1.429027E-08,2.58165E+00
1.434027E-08,2.58112E+00
1.439027E-08,2.58060E+00
1.444027E-08,2.58060E+00
1.449027E-08,2.58060E+00
1.454027E-08,2.58008E+00
1.459027E-08,2.57956E+00
1.464027E-08,2.58008E+00
1.469027E-08,2.58008E+00
1.474027E-08,2.58060E+00
1.479027E-08,2.58008E+00
1.484027E-08,2.58112E+00
1.489027E-08,2.58112E+00
1.494027E-08,2.58165E+00
1.499027E-08,2.58165E+00
1.504027E-08,2.58112E+00
1.509027E-08,2.58165E+00
1.514027E-08,2.58165E+00
1.519027E-08,2.58165E+00
1.524027E-08,2.58165E+00
1.529027E-08,2.58165E+00
1.534027E-08,2.58165E+00
1.539027E-08,2.58165E+00
1.544027E-08,2.58112E+00
1.549027E-08,2.58112E+00
1.554027E-08,2.58060E+00
1.559027E-08,2.58060E+00
1.564027E-08,2.58008E+00
1.569027E-08,2.57956E+00
1.574027E-08,2.57852E+00
1.579027E-08,2.57799E+00
1.584027E-08,2.57799E+00
1.589027E-08,2.57643E+00
1.594027E-08,2.57591E+00
1.599027E-08,2.57591E+00
1.604027E-08,2.57486E+00
1.609027E-08,2.57382E+00
1.614027E-08,2.57278E+00
1.619027E-08,2.57173E+00
1.624027E-08,2.57173E+00
1.629027E-08,2.57121E+00
1.634027E-08,2.57069E+00
1.639027E-08,2.56913E+00
1.644027E-08,2.56913E+00
1.649027E-08,2.56860E+00
1.654027E-08,2.56756E+00
1.659027E-08,2.56756E+00
1.664027E-08,2.56704E+00
1.669027E-08,2.56600E+00
1.674027E-08,2.56547E+00
1.679027E-08,2.56391E+00
1.684027E-08,2.56339E+00
1.689027E-08,2.56234E+00
1.694027E-08,2.56234E+00
1.699027E-08,2.56182E+00
1.704027E-08,2.56130E+00
1.709027E-08,2.56078E+00
1.714027E-08,2.55974E+00
1.719027E-08,2.55974E+00
1.724027E-08,2.55869E+00
1.729027E-08,2.55817E+00
1.734027E-08,2.55817E+00
1.739027E-08,2.55817E+00
1.744027E-08,2.55765E+00
1.749027E-08,2.55713E+00
1.754027E-08,2.55661E+00
1.759027E-08,2.55661E+00
1.764027E-08,2.55608E+00
1.769027E-08,2.55608E+00
1.774027E-08,2.55556E+00
1.779027E-08,2.55556E+00
1.784027E-08,2.55556E+00
1.789027E-08,2.55556E+00
1.794027E-08,2.55608E+00
1.799027E-08,2.55608E+00
1.804027E-08,2.55661E+00
1.809027E-08,2.55661E+00
1.814027E-08,2.55765E+00
1.819027E-08,2.55765E+00
1.824027E-08,2.55765E+00
1.829027E-08,2.55817E+00
1.834027E-08,2.55817E+00
1.839027E-08,2.55869E+00
1.844027E-08,2.55869E+00
1.849027E-08,2.55869E+00
1.854027E-08,2.55974E+00
1.859027E-08,2.56026E+00
1.864027E-08,2.56026E+00
1.869027E-08,2.56078E+00
1.874027E-08,2.56130E+00
1.879027E-08,2.56078E+00
1.884027E-08,2.56130E+00
1.889027E-08,2.56130E+00
1.894027E-08,2.56182E+00
1.899027E-08,2.56234E+00
1.904027E-08,2.56182E+00
1.909027E-08,2.56234E+00
1.914027E-08,2.56182E+00
1.919027E-08,2.56234E+00
1.924027E-08,2.56287E+00
1.929027E-08,2.56287E+00
1.934027E-08,2.56339E+00
1.939027E-08,2.56391E+00
1.944027E-08,2.56495E+00
1.949027E-08,2.56600E+00
1.954027E-08,2.56600E+00
1.959027E-08,2.56704E+00
1.964027E-08,2.56756E+00
1.969027E-08,2.56860E+00
1.974027E-08,2.56913E+00
1.979027E-08,2.57069E+00
1.984027E-08,2.57017E+00
1.989027E-08,2.57173E+00
1.994027E-08,2.57330E+00
1.999027E-08,2.57486E+00
2.004027E-08,2.57591E+00
2.009027E-08,2.57747E+00
2.014027E-08,2.57904E+00
2.019027E-08,2.58008E+00
2.024027E-08,2.58217E+00
2.029027E-08,2.58373E+00
2.034027E-08,2.58478E+00
2.039027E-08,2.58634E+00
2.044027E-08,2.58686E+00
2.049027E-08,2.58843E+00
2.054027E-08,2.58947E+00
2.059027E-08,2.59051E+00
2.064027E-08,2.59208E+00
2.069027E-08,2.59208E+00
2.074027E-08,2.59364E+00
2.079027E-08,2.59364E+00
2.084027E-08,2.59416E+00
2.089027E-08,2.59416E+00
2.094027E-08,2.59416E+00
2.099027E-08,2.59364E+00
2.104027E-08,2.59364E+00
2.109027E-08,2.59260E+00
2.114027E-08,2.59208E+00
2.119027E-08,2.59103E+00
2.124027E-08,2.59051E+00
2.129027E-08,2.58947E+00
2.134027E-08,2.58791E+00
2.139027E-08,2.58634E+00
2.144027E-08,2.58634E+00
2.149027E-08,2.58478E+00
2.154027E-08,2.58425E+00
2.159027E-08,2.58321E+00
2.164027E-08,2.58165E+00
2.169027E-08,2.58060E+00
2.174027E-08,2.57956E+00
2.179027E-08,2.57852E+00
2.184027E-08,2.57747E+00
2.189027E-08,2.57643E+00
2.194027E-08,2.57591E+00
2.199027E-08,2.57539E+00
2.204027E-08,2.57486E+00
2.209027E-08,2.57434E+00
2.214027E-08,2.57382E+00
2.219027E-08,2.57330E+00
2.224027E-08,2.57382E+00
2.229027E-08,2.57330E+00
2.234027E-08,2.57226E+00
2.239027E-08,2.57226E+00
2.244027E-08,2.57226E+00
2.249027E-08,2.57121E+00
2.254027E-08,2.57121E+00
2.259027E-08,2.57173E+00
2.264027E-08,2.57173E+00
2.269027E-08,2.57173E+00
2.274027E-08,2.57121E+00
2.279027E-08,2.57173E+00
2.284027E-08,2.57121E+00
2.289027E-08,2.57121E+00
2.294027E-08,2.57121E+00
2.299027E-08,2.57121E+00
2.304027E-08,2.57069E+00
2.309027E-08,2.57017E+00
2.314027E-08,2.56965E+00
2.319027E-08,2.56965E+00
2.324027E-08,2.56965E+00
2.329027E-08,2.56913E+00
2.334027E-08,2.56913E+00
2.339027E-08,2.56913E+00
2.344027E-08,2.56913E+00
2.349027E-08,2.56965E+00
2.354027E-08,2.57017E+00
2.359027E-08,2.57017E+00
2.364027E-08,2.57121E+00
2.369027E-08,2.57017E+00
2.374027E-08,2.57121E+00
2.379027E-08,2.57226E+00
2.384027E-08,2.57382E+00
2.389027E-08,2.57434E+00
2.394027E-08,2.57539E+00
2.399027E-08,2.57539E+00
2.404027E-08,2.57695E+00
2.409027E-08,2.57799E+00
2.414027E-08,2.57904E+00
2.419027E-08,2.58008E+00
2.424027E-08,2.58060E+00
2.429027E-08,2.58112E+00
2.434027E-08,2.58217E+00
2.439027E-08,2.58269E+00
2.444027E-08,2.58321E+00
2.449027E-08,2.58373E+00
2.454027E-08,2.58373E+00
2.459027E-08,2.58373E+00
2.464027E-08,2.58321E+00
2.469027E-08,2.58269E+00
2.474027E-08,2.58165E+00
2.479027E-08,2.58112E+00
2.484027E-08,2.58060E+00
2.489027E-08,2.57956E+00
2.494027E-08,2.57904E+00
2.499027E-08,2.57747E+00
2.504027E-08,2.57591E+00
2.509027E-08,2.57539E+00
2.514027E-08,2.57382E+00
2.519027E-08,2.57226E+00
2.524027E-08,2.57069E+00
2.529027E-08,2.57069E+00
2.534027E-08,2.56913E+00
2.539027E-08,2.56860E+00
2.544027E-08,2.56756E+00
2.549027E-08,2.56652E+00
2.554027E-08,2.56652E+00
2.559027E-08,2.56600E+00
2.564027E-08,2.56547E+00
2.569027E-08,2.56547E+00
2.574027E-08,2.56547E+00
2.579027E-08,2.56547E+00
2.584027E-08,2.56547E+00
2.589027E-08,2.56600E+00
2.594027E-08,2.56652E+00
2.599027E-08,2.56704E+00
2.604027E-08,2.56704E+00
2.609027E-08,2.56756E+00
2.614027E-08,2.56860E+00
2.619027E-08,2.56860E+00
2.624027E-08,2.56913E+00
2.629027E-08,2.56965E+00
2.634027E-08,2.57017E+00
2.639027E-08,2.57121E+00
2.644027E-08,2.57121E+00
2.649027E-08,2.57173E+00
2.654027E-08,2.57121E+00
2.659027E-08,2.57173E+00
2.664027E-08,2.57121E+00
2.669027E-08,2.57121E+00
2.674027E-08,2.57069E+00
2.679027E-08,2.56965E+00
2.684027E-08,2.57017E+00
2.689027E-08,2.56913E+00
2.694027E-08,2.56860E+00
2.699027E-08,2.56860E+00
2.704027E-08,2.56756E+00
2.709027E-08,2.56756E+00
2.714027E-08,2.56652E+00
2.719027E-08,2.56600E+00
2.724027E-08,2.56600E+00
2.729027E-08,2.56495E+00
2.734027E-08,2.56391E+00
2.739027E-08,2.56391E+00
2.744027E-08,2.56339E+00
2.749027E-08,2.56339E+00
2.754027E-08,2.56391E+00
2.759027E-08,2.56391E+00
2.764027E-08,2.56495E+00
2.769027E-08,2.56547E+00
2.774027E-08,2.56600E+00
2.779027E-08,2.56652E+00
2.784027E-08,2.56704E+00
2.789027E-08,2.56704E+00
2.794027E-08,2.56808E+00
2.799027E-08,2.56860E+00
2.804027E-08,2.56913E+00
2.809027E-08,2.56965E+00
2.814027E-08,2.57069E+00
2.819027E-08,2.57121E+00
2.824027E-08,2.57121E+00
2.829027E-08,2.57173E+00
2.834027E-08,2.57173E+00
2.839027E-08,2.57173E+00
2.844027E-08,2.57173E+00
2.849027E-08,2.57173E+00
2.854027E-08,2.57121E+00
2.859027E-08,2.57121E+00
2.864027E-08,2.57069E+00
2.869027E-08,2.56965E+00
2.874027E-08,2.56913E+00
2.879027E-08,2.56860E+00
2.884027E-08,2.56808E+00
2.889027E-08,2.56704E+00
2.894027E-08,2.56704E+00
2.899027E-08,2.56652E+00
2.904027E-08,2.56495E+00
2.909027E-08,2.56287E+00
2.914027E-08,2.56287E+00
2.919027E-08,2.56234E+00
2.924027E-08,2.56182E+00
2.929027E-08,2.56182E+00
2.934027E-08,2.56078E+00
2.939027E-08,2.56130E+00
2.944027E-08,2.56130E+00
2.949027E-08,2.56078E+00
2.954027E-08,2.56078E+00
2.959027E-08,2.56130E+00
2.964027E-08,2.56078E+00
2.969027E-08,2.56130E+00
2.974027E-08,2.56182E+00
2.979027E-08,2.56234E+00
2.984027E-08,2.56234E+00
2.989027E-08,2.56182E+00
2.994027E-08,2.56234E+00
2.999027E-08,2.56287E+00
3.004027E-08,2.56339E+00
3.009027E-08,2.56391E+00
3.014027E-08,2.56339E+00
3.019027E-08,2.56339E+00
3.024027E-08,2.56339E+00
3.029027E-08,2.56339E+00
3.034027E-08,2.56391E+00
3.039027E-08,2.56339E+00
3.044027E-08,2.56287E+00
3.049027E-08,2.56287E+00
3.054027E-08,2.56182E+00
3.059027E-08,2.56130E+00
3.064027E-08,2.56078E+00
3.069027E-08,2.55974E+00
3.074027E-08,2.55869E+00
3.079027E-08,2.55817E+00
3.084027E-08,2.55765E+00
3.089027E-08,2.55661E+00
3.094027E-08,2.55556E+00
3.099027E-08,2.55504E+00
3.104027E-08,2.55348E+00
3.109027E-08,2.55295E+00
3.114027E-08,2.55295E+00
3.119027E-08,2.55139E+00
3.124027E-08,2.55087E+00
3.129027E-08,2.55035E+00
3.134027E-08,2.54982E+00
3.139027E-08,2.54826E+00
3.144027E-08,2.54774E+00
3.149027E-08,2.54826E+00
3.154027E-08,2.54774E+00
3.159027E-08,2.54774E+00
3.164027E-08,2.54826E+00
3.169027E-08,2.54826E+00
3.174027E-08,2.54826E+00
3.179027E-08,2.54878E+00
3.184027E-08,2.54930E+00
3.189027E-08,2.55035E+00
3.194027E-08,2.55087E+00
3.199027E-08,2.55087E+00
3.204027E-08,2.55191E+00
3.209027E-08,2.55295E+00
3.214027E-08,2.55295E+00
3.219027E-08,2.55348E+00
3.224027E-08,2.55348E+00
3.229027E-08,2.55400E+00
3.234027E-08,2.55400E+00
3.239027E-08,2.55400E+00
3.244027E-08,2.55452E+00
3.249027E-08,2.55400E+00
3.254027E-08,2.55243E+00
3.259027E-08,2.55139E+00
3.264027E-08,2.55087E+00
3.269027E-08,2.55035E+00
3.274027E-08,2.54878E+00
3.279027E-08,2.54774E+00
3.284027E-08,2.54513E+00
3.289027E-08,2.54357E+00
3.294027E-08,2.54096E+00
3.299027E-08,2.53835E+00
3.304027E-08,2.53574E+00
3.309027E-08,2.53313E+00
3.314027E-08,2.53105E+00
3.319027E-08,2.52687E+00
3.324027E-08,2.52322E+00
3.329027E-08,2.51905E+00
3.334027E-08,2.51644E+00
3.339027E-08,2.51122E+00
3.344027E-08,2.50809E+00
3.349027E-08,2.50288E+00
3.354027E-08,2.49975E+00
3.359027E-08,2.49505E+00
3.364027E-08,2.49140E+00
3.369027E-08,2.48723E+00
3.374027E-08,2.48253E+00
3.379027E-08,2.47836E+00
3.384027E-08,2.47314E+00
3.389027E-08,2.46949E+00
3.394027E-08,2.46480E+00
3.399027E-08,2.46115E+00
3.404027E-08,2.45697E+00
3.409027E-08,2.45228E+00
3.414027E-08,2.44706E+00
3.419027E-08,2.44341E+00
3.424027E-08,2.43924E+00
3.429027E-08,2.43558E+00
3.434027E-08,2.43193E+00
3.439027E-08,2.42828E+00
3.444027E-08,2.42411E+00
3.449027E-08,2.42046E+00
3.454027E-08,2.41785E+00
3.459027E-08,2.41315E+00
3.464027E-08,2.41002E+00
3.469027E-08,2.40585E+00
3.474027E-08,2.40272E+00
3.479027E-08,2.39855E+00
3.484027E-08,2.39490E+00
3.489027E-08,2.39020E+00
3.494027E-08,2.38759E+00
3.499027E-08,2.38290E+00
3.504027E-08,2.37873E+00
3.509027E-08,2.37403E+00
3.514027E-08,2.36934E+00
3.519027E-08,2.36464E+00
3.524027E-08,2.35995E+00
3.529027E-08,2.35525E+00
3.534027E-08,2.35056E+00
3.539027E-08,2.34430E+00
3.544027E-08,2.33856E+00
3.549027E-08,2.33230E+00
3.554027E-08,2.32656E+00
3.559027E-08,2.32134E+00
3.564027E-08,2.31352E+00
3.569027E-08,2.30726E+00
3.574027E-08,2.29996E+00
3.579027E-08,2.29370E+00
3.584027E-08,2.28587E+00
3.589027E-08,2.27805E+00
3.594027E-08,2.27022E+00
3.599027E-08,2.26240E+00
3.604027E-08,2.25457E+00
3.609027E-08,2.24623E+00
3.614027E-08,2.23736E+00
3.619027E-08,2.22953E+00
3.624027E-08,2.22171E+00
3.629027E-08,2.21336E+00
3.634027E-08,2.20450E+00
3.639027E-08,2.19511E+00
3.644027E-08,2.18624E+00
3.649027E-08,2.17685E+00
3.654027E-08,2.16798E+00
3.659027E-08,2.15963E+00
3.664027E-08,2.15129E+00
3.669027E-08,2.14086E+00
3.674027E-08,2.13251E+00
3.679027E-08,2.12364E+00
3.684027E-08,2.11373E+00
3.689027E-08,2.10434E+00
3.694027E-08,2.09547E+00
3.699027E-08,2.08556E+00
3.704027E-08,2.07617E+00
3.709027E-08,2.06574E+00
3.714027E-08,2.05687E+00
3.719027E-08,2.04800E+00
3.724027E-08,2.03757E+00
3.729027E-08,2.02766E+00
3.734027E-08,2.01879E+00
3.739027E-08,2.00836E+00
3.744027E-08,1.99792E+00
3.749027E-08,1.98749E+00
3.754027E-08,1.97758E+00
3.759027E-08,1.96767E+00
3.764027E-08,1.95724E+00
3.769027E-08,1.94472E+00
3.774027E-08,1.93533E+00
3.779027E-08,1.92333E+00
3.784027E-08,1.91237E+00
3.789027E-08,1.90038E+00
3.794027E-08,1.88838E+00
3.799027E-08,1.87586E+00
3.804027E-08,1.86334E+00
3.809027E-08,1.85134E+00
3.814027E-08,1.83830E+00
3.819027E-08,1.82578E+00
3.824027E-08,1.81118E+00
3.829027E-08,1.79813E+00
3.834027E-08,1.78353E+00
3.839027E-08,1.76997E+00
3.844027E-08,1.75536E+00
3.849027E-08,1.74023E+00
3.854027E-08,1.72510E+00
3.859027E-08,1.71050E+00
3.864027E-08,1.69485E+00
3.869027E-08,1.67920E+00
3.874027E-08,1.66407E+00
3.879027E-08,1.64790E+00
3.884027E-08,1.63277E+00
3.889027E-08,1.61765E+00
3.894027E-08,1.60147E+00
3.899027E-08,1.58582E+00
3.904027E-08,1.57018E+00
3.909027E-08,1.55453E+00
3.914027E-08,1.53783E+00
3.919027E-08,1.52218E+00
3.924027E-08,1.50653E+00
3.929027E-08,1.49036E+00
3.934027E-08,1.47524E+00
3.939027E-08,1.45854E+00
3.944027E-08,1.44289E+00
3.949027E-08,1.42881E+00
3.954027E-08,1.41264E+00
3.959027E-08,1.39647E+00
3.964027E-08,1.38134E+00
3.969027E-08,1.36569E+00
3.974027E-08,1.35004E+00
3.979027E-08,1.33544E+00
3.984027E-08,1.31979E+00
3.989027E-08,1.30466E+00
3.994027E-08,1.28901E+00
3.999027E-08,1.27388E+00
4.004027E-08,1.25823E+00
4.009027E-08,1.24310E+00
4.014027E-08,1.22745E+00
4.019027E-08,1.21233E+00
4.024027E-08,1.19563E+00
4.029027E-08,1.18103E+00
4.034027E-08,1.16590E+00
4.039027E-08,1.14973E+00
4.044027E-08,1.13460E+00
4.049027E-08,1.11895E+00
4.054027E-08,1.10382E+00
4.059027E-08,1.08818E+00
4.064027E-08,1.07253E+00
4.069027E-08,1.05688E+00
4.074027E-08,1.04123E+00
4.079027E-08,1.02662E+00
4.084027E-08,1.01045E+00
4.089027E-08,9.9532E-01
4.094027E-08,9.7967E-01
4.099027E-08,9.6507E-01
4.104027E-08,9.4890E-01
4.109027E-08,9.3429E-01
4.114027E-08,9.1812E-01
4.119027E-08,9.0351E-01
4.124027E-08,8.8839E-01
4.129027E-08,8.7378E-01
4.134027E-08,8.5813E-01
4.139027E-08,8.4352E-01
4.144027E-08,8.2892E-01
4.149027E-08,8.1379E-01
4.154027E-08,8.0023E-01
4.159027E-08,7.8614E-01
4.164027E-08,7.7102E-01
4.169027E-08,7.5693E-01
4.174027E-08,7.4285E-01
4.179027E-08,7.2824E-01
4.184027E-08,7.1520E-01
4.189027E-08,7.0007E-01
4.194027E-08,6.8703E-01
4.199027E-08,6.7347E-01
4.204027E-08,6.5938E-01
4.209027E-08,6.4582E-01
4.214027E-08,6.3278E-01
4.219027E-08,6.1869E-01
4.224027E-08,6.0618E-01
4.229027E-08,5.9261E-01
4.234027E-08,5.7957E-01
4.239027E-08,5.6757E-01
4.244027E-08,5.5453E-01
4.249027E-08,5.4201E-01
4.254027E-08,5.2897E-01
4.259027E-08,5.1750E-01
4.264027E-08,5.0498E-01
4.269027E-08,4.9246E-01
4.274027E-08,4.7942E-01
4.279027E-08,4.6742E-01
4.284027E-08,4.5646E-01
4.289027E-08,4.4447E-01
4.294027E-08,4.3403E-01
4.299027E-08,4.2047E-01
4.304027E-08,4.0952E-01
4.309027E-08,3.9804E-01
4.314027E-08,3.8813E-01
4.319027E-08,3.7717E-01
4.324027E-08,3.6518E-01
4.329027E-08,3.5422E-01
4.334027E-08,3.4483E-01
4.339027E-08,3.3335E-01
4.344027E-08,3.2344E-01
4.349027E-08,3.1353E-01
4.354027E-08,3.0310E-01
4.359027E-08,2.9423E-01
4.364027E-08,2.8380E-01
4.369027E-08,2.7441E-01
4.374027E-08,2.6502E-01
4.379027E-08,2.5459E-01
4.384027E-08,2.4624E-01
4.389027E-08,2.3737E-01
4.394027E-08,2.2798E-01
4.399027E-08,2.2016E-01
4.404027E-08,2.1129E-01
4.409027E-08,2.0347E-01
4.414027E-08,1.9616E-01
4.419027E-08,1.8729E-01
4.424027E-08,1.8103E-01
4.429027E-08,1.7321E-01
4.434027E-08,1.6591E-01
4.439027E-08,1.5860E-01
4.444027E-08,1.5182E-01
4.449027E-08,1.4556E-01
4.454027E-08,1.3930E-01
4.459027E-08,1.3356E-01
4.464027E-08,1.2887E-01
4.469027E-08,1.2365E-01
4.474027E-08,1.1739E-01
4.479027E-08,1.1322E-01
4.484027E-08,1.0853E-01
4.489027E-08,1.0383E-01
4.494027E-08,9.966E-02
4.499027E-08,9.653E-02
4.504027E-08,9.183E-02
4.509027E-08,8.818E-02
4.514027E-08,8.505E-02
4.519027E-08,8.192E-02
4.524027E-08,7.827E-02
4.529027E-08,7.514E-02
4.534027E-08,7.253E-02
4.539027E-08,7.097E-02
4.544027E-08,6.627E-02
4.549027E-08,6.314E-02
4.554027E-08,6.001E-02
4.559027E-08,5.740E-02
4.564027E-08,5.584E-02
4.569027E-08,5.271E-02
4.574027E-08,4.958E-02
4.579027E-08,4.697E-02
4.584027E-08,4.384E-02
4.589027E-08,4.176E-02
4.594027E-08,3.915E-02
4.599027E-08,3.602E-02
4.604027E-08,3.393E-02
4.609027E-08,3.132E-02
4.614027E-08,2.871E-02
4.619027E-08,2.715E-02
4.624027E-08,2.506E-02
4.629027E-08,2.402E-02
4.634027E-08,2.089E-02
4.639027E-08,1.932E-02
4.644027E-08,1.828E-02
4.649027E-08,1.672E-02
4.654027E-08,1.619E-02
4.659027E-08,1.515E-02
4.664027E-08,1.306E-02
4.669027E-08,1.359E-02
4.674027E-08,1.254E-02
4.679027E-08,1.254E-02
4.684027E-08,1.150E-02
4.689027E-08,1.150E-02
4.694027E-08,1.098E-02
4.699027E-08,9.93E-03
4.704027E-08,1.046E-02
4.709027E-08,9.93E-03
4.714027E-08,9.41E-03
4.719027E-08,8.89E-03
4.724027E-08,8.37E-03
4.729027E-08,7.85E-03
4.734027E-08,7.85E-03
4.739027E-08,6.81E-03
4.744027E-08,5.76E-03
4.749027E-08,4.72E-03
4.754027E-08,3.68E-03
4.759027E-08,2.63E-03
4.764027E-08,2.11E-03
4.769027E-08,2E-05
4.774027E-08,-5.0E-04
4.779027E-08,-2.58E-03
4.784027E-08,-3.63E-03
4.789027E-08,-4.67E-03
4.794027E-08,-5.71E-03
4.799027E-08,-7.80E-03
4.804027E-08,-8.84E-03
4.809027E-08,-9.89E-03
4.814027E-08,-1.093E-02
4.819027E-08,-1.093E-02
4.824027E-08,-1.197E-02
4.829027E-08,-1.250E-02
4.834027E-08,-1.250E-02
4.839027E-08,-1.250E-02
4.844027E-08,-1.250E-02
4.849027E-08,-1.197E-02
4.854027E-08,-1.145E-02
4.859027E-08,-1.093E-02
4.864027E-08,-9.89E-03
4.869027E-08,-8.84E-03
4.874027E-08,-8.32E-03
4.879027E-08,-6.24E-03
4.884027E-08,-4.67E-03
4.889027E-08,-4.15E-03
4.894027E-08,-2.58E-03
4.899027E-08,-1.54E-03
4.904027E-08,-5.0E-04
4.909027E-08,5.5E-04
4.914027E-08,1.07E-03
4.919027E-08,2.11E-03
4.924027E-08,3.15E-03
4.929027E-08,3.15E-03
4.934027E-08,3.68E-03
4.939027E-08,4.20E-03
4.944027E-08,4.20E-03
4.949027E-08,4.20E-03
4.954027E-08,4.20E-03
4.959027E-08,4.72E-03
4.964027E-08,3.68E-03
4.969027E-08,3.15E-03
4.974027E-08,2.63E-03
4.979027E-08,2.63E-03
4.984027E-08,2.11E-03
4.989027E-08,1.59E-03
4.994027E-08,1.07E-03
4.999027E-08,1.07E-03
5.004027E-08,5.5E-04
5.009027E-08,2E-05
5.014027E-08,2E-05
5.019027E-08,1.07E-03
5.024027E-08,1.07E-03
5.029027E-08,1.07E-03
5.034027E-08,1.59E-03
5.039027E-08,2.11E-03
5.044027E-08,3.15E-03
5.049027E-08,3.68E-03
5.054027E-08,5.24E-03
5.059027E-08,6.28E-03
5.064027E-08,7.85E-03
5.069027E-08,9.41E-03
5.074027E-08,1.098E-02
5.079027E-08,1.254E-02
5.084027E-08,1.411E-02
5.089027E-08,1.567E-02
5.094027E-08,1.672E-02
5.099027E-08,1.828E-02
5.104027E-08,1.932E-02
5.109027E-08,2.037E-02
5.114027E-08,2.089E-02
5.119027E-08,2.245E-02
5.124027E-08,2.245E-02
5.129027E-08,2.245E-02
5.134027E-08,2.245E-02
5.139027E-08,2.245E-02
5.144027E-08,2.245E-02
5.149027E-08,2.245E-02
5.154027E-08,2.141E-02
5.159027E-08,2.089E-02
5.164027E-08,1.932E-02
5.169027E-08,1.776E-02
5.174027E-08,1.776E-02
5.179027E-08,1.567E-02
5.184027E-08,1.463E-02
5.189027E-08,1.359E-02
5.194027E-08,1.202E-02
5.199027E-08,1.098E-02
5.204027E-08,9.41E-03
5.209027E-08,8.37E-03
5.214027E-08,6.81E-03
5.219027E-08,6.81E-03
5.224027E-08,5.24E-03
5.229027E-08,5.24E-03
5.234027E-08,5.24E-03
5.239027E-08,4.72E-03
5.244027E-08,4.72E-03
5.249027E-08,5.24E-03
5.254027E-08,5.76E-03
5.259027E-08,6.81E-03
5.264027E-08,7.33E-03
5.269027E-08,8.37E-03
5.274027E-08,9.41E-03
5.279027E-08,1.098E-02
5.284027E-08,1.202E-02
5.289027E-08,1.411E-02
5.294027E-08,1.515E-02
5.299027E-08,1.724E-02
5.304027E-08,1.880E-02
5.309027E-08,2.037E-02
5.314027E-08,2.193E-02
5.319027E-08,2.350E-02
5.324027E-08,2.558E-02
5.329027E-08,2.663E-02
5.334027E-08,2.819E-02
5.339027E-08,2.976E-02
5.344027E-08,3.080E-02
5.349027E-08,3.132E-02
5.354027E-08,3.289E-02
5.359027E-08,3.341E-02
5.364027E-08,3.445E-02
5.369027E-08,3.497E-02
5.374027E-08,3.550E-02
5.379027E-08,3.550E-02
5.384027E-08,3.602E-02
5.389027E-08,3.550E-02
5.394027E-08,3.550E-02
5.399027E-08,3.550E-02
5.404027E-08,3.497E-02
5.409027E-08,3.445E-02
5.414027E-08,3.445E-02
5.419027E-08,3.289E-02
5.424027E-08,3.289E-02
5.429027E-08,3.184E-02
5.434027E-08,3.184E-02
5.439027E-08,2.976E-02
5.444027E-08,2.976E-02
5.449027E-08,2.924E-02
5.454027E-08,2.819E-02
5.459027E-08,2.715E-02
5.464027E-08,2.663E-02
5.469027E-08,2.611E-02
5.474027E-08,2.558E-02
5.479027E-08,2.506E-02
5.484027E-08,2.454E-02
5.489027E-08,2.350E-02
5.494027E-08,2.298E-02
5.499027E-08,2.193E-02
5.504027E-08,2.141E-02
5.509027E-08,2.193E-02
5.514027E-08,2.141E-02
5.519027E-08,2.141E-02
5.524027E-08,2.141E-02
5.529027E-08,2.193E-02
5.534027E-08,2.141E-02
5.539027E-08,2.193E-02
5.544027E-08,2.245E-02
5.549027E-08,2.350E-02
5.554027E-08,2.402E-02
5.559027E-08,2.454E-02
5.564027E-08,2.558E-02
5.569027E-08,2.558E-02
5.574027E-08,2.611E-02
5.579027E-08,2.611E-02
5.584027E-08,2.663E-02
5.589027E-08,2.715E-02
5.594027E-08,2.715E-02
5.599027E-08,2.767E-02
5.604027E-08,2.819E-02
5.609027E-08,2.819E-02
5.614027E-08,2.819E-02
5.619027E-08,2.819E-02
5.624027E-08,2.819E-02
5.629027E-08,2.819E-02
5.634027E-08,2.767E-02
5.639027E-08,2.767E-02
5.644027E-08,2.663E-02
5.649027E-08,2.663E-02
5.654027E-08,2.558E-02
5.659027E-08,2.506E-02
5.664027E-08,2.245E-02
5.669027E-08,2.193E-02
5.674027E-08,2.141E-02
5.679027E-08,2.037E-02
5.684027E-08,1.932E-02
5.689027E-08,1.776E-02
5.694027E-08,1.672E-02
5.699027E-08,1.515E-02
5.704027E-08,1.463E-02
5.709027E-08,1.359E-02
5.714027E-08,1.202E-02
5.719027E-08,1.150E-02
5.724027E-08,9.93E-03
5.729027E-08,8.89E-03
5.734027E-08,8.37E-03
5.739027E-08,7.33E-03
5.744027E-08,6.28E-03
5.749027E-08,5.76E-03
5.754027E-08,5.76E-03
5.759027E-08,4.72E-03
5.764027E-08,4.20E-03
5.769027E-08,4.20E-03
5.774027E-08,4.20E-03
5.779027E-08,4.20E-03
5.784027E-08,4.20E-03
5.789027E-08,4.20E-03
5.794027E-08,4.20E-03
5.799027E-08,4.20E-03
5.804027E-08,4.20E-03
5.809027E-08,4.72E-03
5.814027E-08,4.72E-03
5.819027E-08,4.72E-03
5.824027E-08,4.72E-03
5.829027E-08,5.24E-03
5.834027E-08,5.24E-03
5.839027E-08,5.76E-03
5.844027E-08,5.76E-03
5.849027E-08,6.28E-03
5.854027E-08,6.28E-03
5.859027E-08,6.81E-03
5.864027E-08,6.81E-03
5.869027E-08,7.33E-03
5.874027E-08,8.37E-03
5.879027E-08,8.37E-03
5.884027E-08,8.89E-03
5.889027E-08,9.41E-03
5.894027E-08,9.41E-03
5.899027E-08,1.098E-02
5.904027E-08,1.150E-02
5.909027E-08,1.150E-02
5.914027E-08,1.202E-02
5.919027E-08,1.254E-02
5.924027E-08,1.254E-02
5.929027E-08,1.359E-02
5.934027E-08,1.411E-02
5.939027E-08,1.515E-02
5.944027E-08,1.567E-02
5.949027E-08,1.515E-02
5.954027E-08,1.567E-02
5.959027E-08,1.672E-02
5.964027E-08,1.724E-02
5.969027E-08,1.672E-02
5.974027E-08,1.724E-02
5.979027E-08,1.724E-02
5.984027E-08,1.776E-02
5.989027E-08,1.776E-02
5.994027E-08,1.776E-02
5.999027E-08,1.724E-02
6.004027E-08,1.724E-02
6.009027E-08,1.724E-02
6.014027E-08,1.672E-02
6.019027E-08,1.724E-02
6.024027E-08,1.724E-02
6.029027E-08,1.672E-02
6.034027E-08,1.619E-02
6.039027E-08,1.515E-02
6.044027E-08,1.463E-02
6.049027E-08,1.515E-02
6.054027E-08,1.463E-02
6.059027E-08,1.411E-02
6.064027E-08,1.411E-02
6.069027E-08,1.411E-02
6.074027E-08,1.411E-02
6.079027E-08,1.411E-02
6.084027E-08,1.463E-02
6.089027E-08,1.463E-02
6.094027E-08,1.463E-02
6.099027E-08,1.411E-02
6.104027E-08,1.411E-02
6.109027E-08,1.411E-02
6.114027E-08,1.411E-02
6.119027E-08,1.411E-02
6.124027E-08,1.463E-02
6.129027E-08,1.515E-02
6.134027E-08,1.463E-02
6.139027E-08,1.515E-02
6.144027E-08,1.619E-02
6.149027E-08,1.672E-02
6.154027E-08,1.724E-02
6.159027E-08,1.672E-02
6.164027E-08,1.724E-02
6.169027E-08,1.724E-02
6.174027E-08,1.776E-02
6.179027E-08,1.724E-02
6.184027E-08,1.724E-02
6.189027E-08,1.724E-02
6.194027E-08,1.724E-02
6.199027E-08,1.724E-02
6.204027E-08,1.776E-02
6.209027E-08,1.724E-02
6.214027E-08,1.724E-02
6.219027E-08,1.724E-02
6.224027E-08,1.672E-02
6.229027E-08,1.567E-02
6.234027E-08,1.463E-02
6.239027E-08,1.515E-02
6.244027E-08,1.463E-02
6.249027E-08,1.463E-02
6.254027E-08,1.306E-02
6.259027E-08,1.202E-02
6.264027E-08,1.254E-02
6.269027E-08,1.202E-02
6.274027E-08,1.098E-02
6.279027E-08,1.098E-02
6.284027E-08,1.098E-02
6.289027E-08,9.93E-03
6.294027E-08,9.93E-03
6.299027E-08,9.41E-03
6.304027E-08,9.41E-03
6.309027E-08,9.41E-03
6.314027E-08,9.41E-03
6.319027E-08,9.41E-03
6.324027E-08,9.93E-03
6.329027E-08,9.93E-03
6.334027E-08,1.098E-02
6.339027E-08,1.150E-02
6.344027E-08,1.254E-02
6.349027E-08,1.254E-02
6.354027E-08,1.359E-02
6.359027E-08,1.359E-02
6.364027E-08,1.515E-02
6.369027E-08,1.672E-02
6.374027E-08,1.672E-02
6.379027E-08,1.828E-02
6.384027E-08,1.932E-02
6.389027E-08,1.985E-02
6.394027E-08,2.037E-02
6.399027E-08,2.193E-02
6.404027E-08,2.193E-02
6.409027E-08,2.298E-02
6.414027E-08,2.402E-02
6.419027E-08,2.454E-02
6.424027E-08,2.558E-02
6.429027E-08,2.558E-02
6.434027E-08,2.558E-02
6.439027E-08,2.558E-02
6.444027E-08,2.558E-02
6.449027E-08,2.558E-02
6.454027E-08,2.506E-02
6.459027E-08,2.402E-02
6.464027E-08,2.298E-02
6.469027E-08,2.245E-02
6.474027E-08,2.245E-02
6.479027E-08,2.089E-02
6.484027E-08,1.985E-02
6.489027E-08,1.932E-02
6.494027E-08,1.776E-02
6.499027E-08,1.724E-02
6.504027E-08,1.515E-02
6.509027E-08,1.463E-02
6.514027E-08,1.359E-02
6.519027E-08,1.202E-02
6.524027E-08,1.098E-02
6.529027E-08,9.93E-03
6.534027E-08,9.41E-03
6.539027E-08,8.37E-03
6.544027E-08,7.85E-03
6.549027E-08,7.33E-03
6.554027E-08,6.28E-03
6.559027E-08,5.76E-03
6.564027E-08,5.76E-03
6.569027E-08,5.76E-03
6.574027E-08,5.76E-03
6.579027E-08,5.76E-03
6.584027E-08,5.76E-03
6.589027E-08,5.76E-03
6.594027E-08,5.76E-03
6.599027E-08,5.76E-03
6.604027E-08,6.28E-03
6.609027E-08,6.81E-03
6.614027E-08,6.81E-03
6.619027E-08,7.33E-03
6.624027E-08,8.37E-03
6.629027E-08,8.37E-03
6.634027E-08,8.89E-03
6.639027E-08,9.41E-03
6.644027E-08,9.93E-03
6.649027E-08,9.93E-03
6.654027E-08,9.93E-03
6.659027E-08,1.098E-02
6.664027E-08,1.098E-02
6.669027E-08,1.150E-02
6.674027E-08,1.150E-02
6.679027E-08,1.150E-02
6.684027E-08,1.150E-02
6.689027E-08,1.202E-02
6.694027E-08,1.202E-02
6.699027E-08,1.202E-02
6.704027E-08,1.306E-02
6.709027E-08,1.306E-02
6.714027E-08,1.359E-02
6.719027E-08,1.359E-02
6.724027E-08,1.411E-02
6.729027E-08,1.567E-02
6.734027E-08,1.619E-02
6.739027E-08,1.672E-02
6.744027E-08,1.776E-02
6.749027E-08,1.932E-02
6.754027E-08,2.037E-02
6.759027E-08,2.141E-02
6.764027E-08,2.298E-02
6.769027E-08,2.454E-02
6.774027E-08,2.611E-02
6.779027E-08,2.715E-02
6.784027E-08,2.924E-02
6.789027E-08,2.976E-02
6.794027E-08,3.184E-02
6.799027E-08,3.289E-02
6.804027E-08,3.445E-02
6.809027E-08,3.497E-02
6.814027E-08,3.706E-02
6.819027E-08,3.758E-02
6.824027E-08,3.967E-02
6.829027E-08,4.019E-02
6.834027E-08,4.071E-02
6.839027E-08,4.228E-02
6.844027E-08,4.228E-02
6.849027E-08,4.280E-02
6.854027E-08,4.280E-02
6.859027E-08,4.332E-02
6.864027E-08,4.332E-02
6.869027E-08,4.332E-02
6.874027E-08,4.280E-02
6.879027E-08,4.280E-02
6.884027E-08,4.228E-02
6.889027E-08,4.228E-02
6.894027E-08,4.071E-02
6.899027E-08,4.071E-02
6.904027E-08,4.019E-02
6.909027E-08,3.967E-02
6.914027E-08,3.915E-02
6.919027E-08,3.915E-02
6.924027E-08,3.915E-02
6.929027E-08,3.863E-02
6.934027E-08,3.810E-02
6.939027E-08,3.810E-02
6.944027E-08,3.810E-02
6.949027E-08,3.810E-02
6.954027E-08,3.915E-02
6.959027E-08,3.863E-02
6.964027E-08,3.915E-02
6.969027E-08,3.967E-02
6.974027E-08,4.019E-02
6.979027E-08,4.071E-02
6.984027E-08,4.176E-02
6.989027E-08,4.280E-02
6.994027E-08,4.280E-02
6.999027E-08,4.332E-02
7.004027E-08,4.332E-02
7.009027E-08,4.384E-02
7.014027E-08,4.436E-02
7.019027E-08,4.436E-02
7.024027E-08,4.489E-02
7.029027E-08,4.541E-02
7.034027E-08,4.541E-02
7.039027E-08,4.593E-02
7.044027E-08,4.645E-02
7.049027E-08,4.645E-02
7.054027E-08,4.697E-02
7.059027E-08,4.697E-02
7.064027E-08,4.697E-02
7.069027E-08,4.645E-02
7.074027E-08,4.593E-02
7.079027E-08,4.541E-02
7.084027E-08,4.541E-02
7.089027E-08,4.541E-02
7.094027E-08,4.489E-02
7.099027E-08,4.489E-02
7.104027E-08,4.489E-02
7.109027E-08,4.436E-02
7.114027E-08,4.384E-02
7.119027E-08,4.384E-02
7.124027E-08,4.332E-02
7.129027E-08,4.280E-02
7.134027E-08,4.228E-02
7.139027E-08,4.071E-02
7.144027E-08,4.071E-02
7.149027E-08,4.019E-02
7.154027E-08,4.019E-02
7.159027E-08,3.810E-02
7.164027E-08,3.758E-02
7.169027E-08,3.654E-02
7.174027E-08,3.550E-02
7.179027E-08,3.497E-02
7.184027E-08,3.445E-02
7.189027E-08,3.289E-02
7.194027E-08,3.132E-02
7.199027E-08,2.976E-02
7.204027E-08,2.924E-02
7.209027E-08,2.767E-02
7.214027E-08,2.663E-02
7.219027E-08,2.558E-02
7.224027E-08,2.298E-02
7.229027E-08,2.141E-02
7.234027E-08,1.985E-02
7.239027E-08,1.880E-02
7.244027E-08,1.672E-02
7.249027E-08,1.567E-02
7.254027E-08,1.359E-02
7.259027E-08,1.202E-02
7.264027E-08,1.150E-02
7.269027E-08,9.93E-03
7.274027E-08,8.89E-03
7.279027E-08,8.37E-03
7.284027E-08,7.33E-03
7.289027E-08,6.81E-03
7.294027E-08,5.76E-03
7.299027E-08,5.76E-03
7.304027E-08,5.76E-03
7.309027E-08,5.76E-03
7.314027E-08,5.24E-03
7.319027E-08,6.28E-03
7.324027E-08,7.33E-03
7.329027E-08,7.85E-03
7.334027E-08,8.37E-03
7.339027E-08,9.93E-03
7.344027E-08,1.150E-02
7.349027E-08,1.254E-02
7.354027E-08,1.359E-02
7.359027E-08,1.515E-02
7.364027E-08,1.672E-02
7.369027E-08,1.828E-02
7.374027E-08,1.985E-02
7.379027E-08,2.193E-02
7.384027E-08,2.298E-02
7.389027E-08,2.506E-02
7.394027E-08,2.611E-02
7.399027E-08,2.715E-02
7.404027E-08,2.819E-02
7.409027E-08,2.924E-02
7.414027E-08,3.028E-02
7.419027E-08,3.080E-02
7.424027E-08,3.028E-02
7.429027E-08,3.080E-02
7.434027E-08,3.132E-02
7.439027E-08,3.184E-02
7.444027E-08,3.184E-02
7.449027E-08,3.184E-02
7.454027E-08,3.184E-02
7.459027E-08,3.184E-02
7.464027E-08,3.184E-02
7.469027E-08,3.132E-02
7.474027E-08,3.132E-02
7.479027E-08,3.132E-02
7.484027E-08,3.080E-02
7.489027E-08,3.132E-02
7.494027E-08,3.080E-02
7.499027E-08,3.132E-02
7.504027E-08,3.132E-02
7.509027E-08,3.184E-02
7.514027E-08,3.289E-02
7.519027E-08,3.289E-02
7.524027E-08,3.393E-02
7.529027E-08,3.393E-02
7.534027E-08,3.497E-02
7.539027E-08,3.654E-02
7.544027E-08,3.706E-02
7.549027E-08,3.863E-02
7.554027E-08,3.967E-02
7.559027E-08,4.071E-02
7.564027E-08,4.228E-02
7.569027E-08,4.332E-02
7.574027E-08,4.384E-02
7.579027E-08,4.489E-02
7.584027E-08,4.489E-02
7.589027E-08,4.593E-02
7.594027E-08,4.593E-02
7.599027E-08,4.697E-02
7.604027E-08,4.697E-02
7.609027E-08,4.697E-02
7.614027E-08,4.697E-02
7.619027E-08,4.697E-02
7.624027E-08,4.593E-02
7.629027E-08,4.593E-02
7.634027E-08,4.489E-02
7.639027E-08,4.436E-02
7.644027E-08,4.332E-02
7.649027E-08,4.332E-02
7.654027E-08,4.280E-02
7.659027E-08,4.228E-02
7.664027E-08,4.123E-02
7.669027E-08,4.019E-02
7.674027E-08,3.915E-02
7.679027E-08,3.915E-02
7.684027E-08,3.915E-02
7.689027E-08,3.810E-02
7.694027E-08,3.810E-02
7.699027E-08,3.810E-02
7.704027E-08,3.863E-02
7.709027E-08,3.863E-02
7.714027E-08,3.967E-02
7.719027E-08,4.019E-02
7.724027E-08,4.071E-02
7.729027E-08,4.176E-02
7.734027E-08,4.280E-02
7.739027E-08,4.280E-02
7.744027E-08,4.384E-02
7.749027E-08,4.436E-02
7.754027E-08,4.541E-02
7.759027E-08,4.645E-02
7.764027E-08,4.749E-02
7.769027E-08,4.802E-02
7.774027E-08,4.906E-02
7.779027E-08,4.958E-02
7.784027E-08,4.906E-02
7.789027E-08,4.906E-02
7.794027E-08,4.958E-02
7.799027E-08,4.906E-02
7.804027E-08,4.749E-02
7.809027E-08,4.749E-02
7.814027E-08,4.593E-02
7.819027E-08,4.541E-02
7.824027E-08,4.332E-02
7.829027E-08,4.280E-02
7.834027E-08,4.071E-02
7.839027E-08,3.810E-02
7.844027E-08,3.654E-02
7.849027E-08,3.497E-02
7.854027E-08,3.289E-02
7.859027E-08,3.132E-02
7.864027E-08,2.924E-02
7.869027E-08,2.715E-02
7.874027E-08,2.558E-02
7.879027E-08,2.454E-02
7.884027E-08,2.245E-02
7.889027E-08,2.037E-02
7.894027E-08,1.985E-02
7.899027E-08,1.880E-02
7.904027E-08,1.828E-02
7.909027E-08,1.672E-02
7.914027E-08,1.619E-02
7.919027E-08,1.672E-02
7.924027E-08,1.619E-02
7.929027E-08,1.672E-02
7.934027E-08,1.619E-02
7.939027E-08,1.672E-02
7.944027E-08,1.828E-02
7.949027E-08,1.880E-02
7.954027E-08,1.932E-02
7.959027E-08,2.089E-02
7.964027E-08,2.141E-02
7.969027E-08,2.245E-02
7.974027E-08,2.402E-02
7.979027E-08,2.558E-02
7.984027E-08,2.611E-02
7.989027E-08,2.715E-02
7.994027E-08,2.924E-02
7.999027E-08,3.028E-02
8.004027E-08,3.028E-02
8.009027E-08,3.080E-02
8.014027E-08,3.237E-02
8.019027E-08,3.289E-02
8.024027E-08,3.393E-02
8.029027E-08,3.445E-02
8.034027E-08,3.497E-02
8.039027E-08,3.550E-02
8.044027E-08,3.550E-02
8.049027E-08,3.550E-02
8.054027E-08,3.550E-02
8.059027E-08,3.550E-02
8.064027E-08,3.497E-02
8.069027E-08,3.445E-02
8.074027E-08,3.445E-02
8.079027E-08,3.341E-02
8.084027E-08,3.289E-02
8.089027E-08,3.289E-02
8.094027E-08,3.184E-02
8.099027E-08,3.080E-02
8.104027E-08,2.976E-02
8.109027E-08,2.924E-02
8.114027E-08,2.924E-02
8.119027E-08,2.767E-02
8.124027E-08,2.715E-02
8.129027E-08,2.663E-02
8.134027E-08,2.558E-02
8.139027E-08,2.506E-02
8.144027E-08,2.402E-02
8.149027E-08,2.245E-02
8.154027E-08,2.141E-02
8.159027E-08,2.089E-02
8.164027E-08,2.037E-02
8.169027E-08,1.932E-02
