-1.837253E-08,3.289E-02
-1.832253E-08,3.289E-02
-1.827253E-08,3.289E-02
-1.822253E-08,3.289E-02
-1.817253E-08,3.237E-02
-1.812253E-08,3.289E-02
-1.807253E-08,3.237E-02
-1.802253E-08,3.237E-02
-1.797253E-08,3.237E-02
-1.792253E-08,3.184E-02
-1.787253E-08,3.132E-02
-1.782253E-08,3.132E-02
-1.777253E-08,3.080E-02
-1.772253E-08,2.976E-02
-1.767253E-08,2.976E-02
-1.762253E-08,3.028E-02
-1.757253E-08,2.976E-02
-1.752253E-08,2.871E-02
-1.747253E-08,2.767E-02
-1.742253E-08,2.715E-02
-1.737253E-08,2.611E-02
-1.732253E-08,2.454E-02
-1.727253E-08,2.298E-02
-1.722253E-08,2.245E-02
-1.717253E-08,2.037E-02
-1.712253E-08,1.828E-02
-1.707253E-08,1.724E-02
-1.702253E-08,1.515E-02
-1.697253E-08,1.202E-02
-1.692253E-08,1.098E-02
-1.687253E-08,8.37E-03
-1.682253E-08,6.81E-03
-1.677253E-08,4.72E-03
-1.672253E-08,2.63E-03
-1.667253E-08,2.11E-03
-1.662253E-08,1.07E-03
-1.657253E-08,-1.02E-03
-1.652253E-08,-2.06E-03
-1.647253E-08,-3.11E-03
-1.642253E-08,-3.63E-03
-1.637253E-08,-3.11E-03
-1.632253E-08,-3.11E-03
-1.627253E-08,-3.63E-03
-1.622253E-08,-3.11E-03
-1.617253E-08,-2.58E-03
-1.612253E-08,-1.02E-03
-1.607253E-08,1.07E-03
-1.602253E-08,2.11E-03
-1.597253E-08,3.15E-03
-1.592253E-08,5.76E-03
-1.587253E-08,7.85E-03
-1.582253E-08,9.93E-03
-1.577253E-08,1.202E-02
-1.572253E-08,1.411E-02
-1.567253E-08,1.619E-02
-1.562253E-08,1.828E-02
-1.557253E-08,1.985E-02
-1.552253E-08,2.193E-02
-1.547253E-08,2.298E-02
-1.542253E-08,2.454E-02
-1.537253E-08,2.611E-02
-1.532253E-08,2.663E-02
-1.527253E-08,2.767E-02
-1.522253E-08,2.767E-02
-1.517253E-08,2.767E-02
-1.512253E-08,2.767E-02
-1.507253E-08,2.767E-02
-1.502253E-08,2.715E-02
-1.497253E-08,2.715E-02
-1.492253E-08,2.611E-02
-1.487253E-08,2.558E-02
-1.482253E-08,2.454E-02
-1.477253E-08,2.298E-02
-1.472253E-08,2.193E-02
-1.467253E-08,2.089E-02
-1.462253E-08,2.037E-02
-1.457253E-08,1.932E-02
-1.452253E-08,1.880E-02
-1.447253E-08,1.828E-02
-1.442253E-08,1.776E-02
-1.437253E-08,1.672E-02
-1.432253E-08,1.619E-02
-1.427253E-08,1.619E-02
-1.422253E-08,1.672E-02
-1.417253E-08,1.619E-02
-1.412253E-08,1.619E-02
-1.407253E-08,1.672E-02
-1.402253E-08,1.724E-02
-1.397253E-08,1.776E-02
-1.392253E-08,1.776E-02
-1.387253E-08,1.880E-02
-1.382253E-08,1.932E-02
-1.377253E-08,1.932E-02
-1.372253E-08,1.985E-02
-1.367253E-08,2.037E-02
-1.362253E-08,2.037E-02
-1.357253E-08,2.037E-02
-1.352253E-08,2.037E-02
-1.347253E-08,2.037E-02
-1.342253E-08,1.985E-02
-1.337253E-08,1.985E-02
-1.332253E-08,1.932E-02
-1.327253E-08,1.776E-02
-1.322253E-08,1.776E-02
-1.317253E-08,1.724E-02
-1.312253E-08,1.672E-02
-1.307253E-08,1.515E-02
-1.302253E-08,1.463E-02
-1.297253E-08,1.359E-02
-1.292253E-08,1.306E-02
-1.287253E-08,1.359E-02
-1.282253E-08,1.254E-02
-1.277253E-08,1.254E-02
-1.272253E-08,1.254E-02
-1.267253E-08,1.254E-02
-1.262253E-08,1.150E-02
-1.257253E-08,1.254E-02
-1.252253E-08,1.306E-02
-1.247253E-08,1.411E-02
-1.242253E-08,1.515E-02
-1.237253E-08,1.672E-02
-1.232253E-08,1.724E-02
-1.227253E-08,1.880E-02
-1.222253E-08,1.985E-02
-1.217253E-08,2.141E-02
-1.212253E-08,2.193E-02
-1.207253E-08,2.454E-02
-1.202253E-08,2.558E-02
-1.197253E-08,2.663E-02
-1.192253E-08,2.767E-02
-1.187253E-08,2.924E-02
-1.182253E-08,3.028E-02
-1.177253E-08,3.080E-02
-1.172253E-08,3.080E-02
-1.167253E-08,3.132E-02
-1.162253E-08,3.289E-02
-1.157253E-08,3.289E-02
-1.152253E-08,3.289E-02
-1.147253E-08,3.341E-02
-1.142253E-08,3.289E-02
-1.137253E-08,3.237E-02
-1.132253E-08,3.184E-02
-1.127253E-08,3.132E-02
-1.122253E-08,3.132E-02
-1.117253E-08,2.976E-02
-1.112253E-08,2.924E-02
-1.107253E-08,2.976E-02
-1.102253E-08,2.924E-02
-1.097253E-08,2.871E-02
-1.092253E-08,2.819E-02
-1.087253E-08,2.819E-02
-1.082253E-08,2.819E-02
-1.077253E-08,2.819E-02
-1.072253E-08,2.871E-02
-1.067253E-08,2.924E-02
-1.062253E-08,2.976E-02
-1.057253E-08,3.080E-02
-1.052253E-08,3.132E-02
-1.047253E-08,3.289E-02
-1.042253E-08,3.393E-02
-1.037253E-08,3.497E-02
-1.032253E-08,3.497E-02
-1.027253E-08,3.706E-02
-1.022253E-08,3.758E-02
-1.017253E-08,3.810E-02
-1.012253E-08,3.915E-02
-1.007253E-08,4.019E-02
-1.002253E-08,4.071E-02
-9.97253E-09,4.123E-02
-9.92253E-09,4.228E-02
-9.87253E-09,4.228E-02
-9.82253E-09,4.228E-02
-9.77253E-09,4.228E-02
-9.72253E-09,4.123E-02
-9.67253E-09,4.071E-02
-9.62253E-09,4.071E-02
-9.57253E-09,4.019E-02
-9.52253E-09,3.915E-02
-9.47253E-09,3.810E-02
-9.42253E-09,3.654E-02
-9.37253E-09,3.550E-02
-9.32253E-09,3.445E-02
-9.27253E-09,3.393E-02
-9.22253E-09,3.289E-02
-9.17253E-09,3.132E-02
-9.12253E-09,3.028E-02
-9.07253E-09,2.924E-02
-9.02253E-09,2.819E-02
-8.97253E-09,2.819E-02
-8.92253E-09,2.663E-02
-8.87253E-09,2.715E-02
-8.82253E-09,2.663E-02
-8.77253E-09,2.663E-02
-8.72253E-09,2.715E-02
-8.67253E-09,2.715E-02
-8.62253E-09,2.819E-02
-8.57253E-09,2.871E-02
-8.52253E-09,2.976E-02
-8.47253E-09,3.132E-02
-8.42253E-09,3.237E-02
-8.37253E-09,3.341E-02
-8.32253E-09,3.550E-02
-8.27253E-09,3.706E-02
-8.22253E-09,3.967E-02
-8.17253E-09,4.123E-02
-8.12253E-09,4.332E-02
-8.07253E-09,4.436E-02
-8.02253E-09,4.645E-02
-7.97253E-09,4.854E-02
-7.92253E-09,5.062E-02
-7.87253E-09,5.219E-02
-7.82253E-09,5.271E-02
-7.77253E-09,5.532E-02
-7.72253E-09,5.688E-02
-7.67253E-09,5.793E-02
-7.62253E-09,5.845E-02
-7.57253E-09,6.001E-02
-7.52253E-09,6.106E-02
-7.47253E-09,6.262E-02
-7.42253E-09,6.314E-02
-7.37253E-09,6.523E-02
-7.32253E-09,6.523E-02
-7.27253E-09,6.679E-02
-7.22253E-09,6.732E-02
-7.17253E-09,6.940E-02
-7.12253E-09,6.992E-02
-7.07253E-09,7.045E-02
-7.02253E-09,7.253E-02
-6.97253E-09,7.358E-02
-6.92253E-09,7.410E-02
-6.87253E-09,7.723E-02
-6.82253E-09,7.827E-02
-6.77253E-09,7.984E-02
-6.72253E-09,8.192E-02
-6.67253E-09,8.453E-02
-6.62253E-09,8.610E-02
-6.57253E-09,8.975E-02
-6.52253E-09,9.235E-02
-6.47253E-09,9.548E-02
-6.42253E-09,9.809E-02
-6.37253E-09,1.0122E-01
-6.32253E-09,1.0435E-01
-6.27253E-09,1.0853E-01
-6.22253E-09,1.1218E-01
-6.17253E-09,1.1531E-01
-6.12253E-09,1.1844E-01
-6.07253E-09,1.2313E-01
-6.02253E-09,1.2626E-01
-5.97253E-09,1.3148E-01
-5.92253E-09,1.3565E-01
-5.87253E-09,1.3930E-01
-5.82253E-09,1.4295E-01
-5.77253E-09,1.4765E-01
-5.72253E-09,1.5130E-01
-5.67253E-09,1.5547E-01
-5.62253E-09,1.6069E-01
-5.57253E-09,1.6434E-01
-5.52253E-09,1.6956E-01
-5.47253E-09,1.7269E-01
-5.42253E-09,1.7738E-01
-5.37253E-09,1.8208E-01
-5.32253E-09,1.8625E-01
-5.27253E-09,1.9095E-01
-5.22253E-09,1.9512E-01
-5.17253E-09,1.9929E-01
-5.12253E-09,2.0294E-01
-5.07253E-09,2.0920E-01
-5.02253E-09,2.1338E-01
-4.97253E-09,2.1859E-01
-4.92253E-09,2.2381E-01
-4.87253E-09,2.2798E-01
-4.82253E-09,2.3320E-01
-4.77253E-09,2.3842E-01
-4.72253E-09,2.4468E-01
-4.67253E-09,2.4989E-01
-4.62253E-09,2.5563E-01
-4.57253E-09,2.6241E-01
-4.52253E-09,2.6763E-01
-4.47253E-09,2.7441E-01
-4.42253E-09,2.8067E-01
-4.37253E-09,2.8849E-01
-4.32253E-09,2.9527E-01
-4.27253E-09,3.0258E-01
-4.22253E-09,3.0884E-01
-4.17253E-09,3.1666E-01
-4.12253E-09,3.2449E-01
-4.07253E-09,3.3179E-01
-4.02253E-09,3.3909E-01
-3.97253E-09,3.4744E-01
-3.92253E-09,3.5526E-01
-3.87253E-09,3.6309E-01
-3.82253E-09,3.7143E-01
-3.77253E-09,3.7978E-01
-3.72253E-09,3.8708E-01
-3.67253E-09,3.9543E-01
-3.62253E-09,4.0430E-01
-3.57253E-09,4.1212E-01
-3.52253E-09,4.1943E-01
-3.47253E-09,4.2777E-01
-3.42253E-09,4.3612E-01
-3.37253E-09,4.4499E-01
-3.32253E-09,4.5229E-01
-3.27253E-09,4.6116E-01
-3.22253E-09,4.7003E-01
-3.17253E-09,4.7785E-01
-3.12253E-09,4.8776E-01
-3.07253E-09,4.9611E-01
-3.02253E-09,5.0393E-01
-2.97253E-09,5.1437E-01
-2.92253E-09,5.2271E-01
-2.87253E-09,5.3158E-01
-2.82253E-09,5.4201E-01
-2.77253E-09,5.5245E-01
-2.72253E-09,5.6131E-01
-2.67253E-09,5.7227E-01
-2.62253E-09,5.8270E-01
-2.57253E-09,5.9313E-01
-2.52253E-09,6.0513E-01
-2.47253E-09,6.1504E-01
-2.42253E-09,6.2808E-01
-2.37253E-09,6.3956E-01
-2.32253E-09,6.5156E-01
-2.27253E-09,6.6408E-01
-2.22253E-09,6.7608E-01
-2.17253E-09,6.8912E-01
-2.12253E-09,7.0268E-01
-2.07253E-09,7.1624E-01
-2.02253E-09,7.2928E-01
-1.97253E-09,7.4285E-01
-1.92253E-09,7.5745E-01
-1.87253E-09,7.7102E-01
-1.82253E-09,7.8562E-01
-1.77253E-09,7.9918E-01
-1.72253E-09,8.1327E-01
-1.67253E-09,8.2892E-01
-1.62253E-09,8.4248E-01
-1.57253E-09,8.5709E-01
-1.52253E-09,8.7065E-01
-1.47253E-09,8.8473E-01
-1.42253E-09,8.9934E-01
-1.37253E-09,9.1395E-01
-1.32253E-09,9.2699E-01
-1.27253E-09,9.4211E-01
-1.22253E-09,9.5568E-01
-1.17253E-09,9.7081E-01
-1.12253E-09,9.8385E-01
-1.07253E-09,9.9793E-01
-1.02253E-09,1.01097E+00
-9.7253E-10,1.02558E+00
-9.2253E-10,1.03914E+00
-8.7253E-10,1.05375E+00
-8.2253E-10,1.06627E+00
-7.7253E-10,1.08139E+00
-7.2253E-10,1.09496E+00
-6.7253E-10,1.10956E+00
-6.2253E-10,1.12313E+00
-5.7253E-10,1.13721E+00
-5.2253E-10,1.15234E+00
-4.7253E-10,1.16590E+00
-4.2253E-10,1.17998E+00
-3.7253E-10,1.19407E+00
-3.2253E-10,1.20815E+00
-2.7253E-10,1.22276E+00
-2.2253E-10,1.23841E+00
-1.7253E-10,1.25249E+00
-1.2253E-10,1.26814E+00
-7.253E-11,1.28275E+00
-2.253E-11,1.29840E+00
2.747E-11,1.31248E+00
7.747E-11,1.32813E+00
1.2747E-10,1.34326E+00
1.7747E-10,1.35839E+00
2.2747E-10,1.37508E+00
2.7747E-10,1.38916E+00
3.2747E-10,1.40481E+00
3.7747E-10,1.41942E+00
4.2747E-10,1.43559E+00
4.7747E-10,1.44968E+00
5.2747E-10,1.46637E+00
5.7747E-10,1.48097E+00
6.2747E-10,1.49715E+00
6.7747E-10,1.51332E+00
7.2747E-10,1.52897E+00
7.7747E-10,1.54514E+00
8.2747E-10,1.56026E+00
8.7747E-10,1.57487E+00
9.2747E-10,1.59052E+00
9.7747E-10,1.60721E+00
1.02747E-09,1.62182E+00
1.07747E-09,1.63799E+00
1.12747E-09,1.65364E+00
1.17747E-09,1.66877E+00
1.22747E-09,1.68442E+00
1.27747E-09,1.70007E+00
1.32747E-09,1.71467E+00
1.37747E-09,1.73032E+00
1.42747E-09,1.74545E+00
1.47747E-09,1.75953E+00
1.52747E-09,1.77466E+00
1.57747E-09,1.78927E+00
1.62747E-09,1.80335E+00
1.67747E-09,1.81744E+00
1.72747E-09,1.83256E+00
1.77747E-09,1.84560E+00
1.82747E-09,1.86073E+00
1.87747E-09,1.87377E+00
1.92747E-09,1.88681E+00
1.97747E-09,1.89986E+00
2.02747E-09,1.91342E+00
2.07747E-09,1.92698E+00
2.12747E-09,1.94002E+00
2.17747E-09,1.95202E+00
2.22747E-09,1.96558E+00
2.27747E-09,1.97758E+00
2.32747E-09,1.98958E+00
2.37747E-09,2.00158E+00
2.42747E-09,2.01305E+00
2.47747E-09,2.02609E+00
2.52747E-09,2.03757E+00
2.57747E-09,2.04957E+00
2.62747E-09,2.06157E+00
2.67747E-09,2.07356E+00
2.72747E-09,2.08556E+00
2.77747E-09,2.09652E+00
2.82747E-09,2.10851E+00
2.87747E-09,2.12051E+00
2.92747E-09,2.13199E+00
2.97747E-09,2.14451E+00
3.02747E-09,2.15598E+00
3.07747E-09,2.16746E+00
3.12747E-09,2.17894E+00
3.17747E-09,2.19041E+00
3.22747E-09,2.20189E+00
3.27747E-09,2.21336E+00
3.32747E-09,2.22328E+00
3.37747E-09,2.23475E+00
3.42747E-09,2.24571E+00
3.47747E-09,2.25562E+00
3.52747E-09,2.26709E+00
3.57747E-09,2.27648E+00
3.62747E-09,2.28587E+00
3.67747E-09,2.29578E+00
3.72747E-09,2.30517E+00
3.77747E-09,2.31352E+00
3.82747E-09,2.32291E+00
3.87747E-09,2.33021E+00
3.92747E-09,2.33804E+00
3.97747E-09,2.34638E+00
4.02747E-09,2.35369E+00
4.07747E-09,2.36099E+00
4.12747E-09,2.36621E+00
4.17747E-09,2.37403E+00
4.22747E-09,2.37977E+00
4.27747E-09,2.38499E+00
4.32747E-09,2.39177E+00
4.37747E-09,2.39698E+00
4.42747E-09,2.40324E+00
4.47747E-09,2.40742E+00
4.52747E-09,2.41315E+00
4.57747E-09,2.41837E+00
4.62747E-09,2.42202E+00
4.67747E-09,2.42776E+00
4.72747E-09,2.43193E+00
4.77747E-09,2.43715E+00
4.82747E-09,2.44237E+00
4.87747E-09,2.44706E+00
4.92747E-09,2.45228E+00
4.97747E-09,2.45697E+00
5.02747E-09,2.46167E+00
5.07747E-09,2.46741E+00
5.12747E-09,2.47262E+00
5.17747E-09,2.47784E+00
5.22747E-09,2.48305E+00
5.27747E-09,2.48879E+00
5.32747E-09,2.49453E+00
5.37747E-09,2.50079E+00
5.42747E-09,2.50496E+00
5.47747E-09,2.51122E+00
5.52747E-09,2.51748E+00
5.57747E-09,2.52374E+00
5.62747E-09,2.52844E+00
5.67747E-09,2.53313E+00
5.72747E-09,2.53887E+00
5.77747E-09,2.54461E+00
5.82747E-09,2.54982E+00
5.87747E-09,2.55504E+00
5.92747E-09,2.55921E+00
5.97747E-09,2.56339E+00
6.02747E-09,2.56704E+00
6.07747E-09,2.57226E+00
6.12747E-09,2.57539E+00
6.17747E-09,2.57904E+00
6.22747E-09,2.58165E+00
6.27747E-09,2.58478E+00
6.32747E-09,2.58738E+00
6.37747E-09,2.58999E+00
6.42747E-09,2.59156E+00
6.47747E-09,2.59260E+00
6.52747E-09,2.59469E+00
6.57747E-09,2.59469E+00
6.62747E-09,2.59573E+00
6.67747E-09,2.59677E+00
6.72747E-09,2.59782E+00
6.77747E-09,2.59782E+00
6.82747E-09,2.59782E+00
6.87747E-09,2.59782E+00
6.92747E-09,2.59729E+00
6.97747E-09,2.59677E+00
7.02747E-09,2.59625E+00
7.07747E-09,2.59573E+00
7.12747E-09,2.59469E+00
7.17747E-09,2.59416E+00
7.22747E-09,2.59312E+00
7.27747E-09,2.59260E+00
7.32747E-09,2.59208E+00
7.37747E-09,2.59103E+00
7.42747E-09,2.59051E+00
7.47747E-09,2.58895E+00
7.52747E-09,2.58895E+00
7.57747E-09,2.58895E+00
7.62747E-09,2.58791E+00
7.67747E-09,2.58738E+00
7.72747E-09,2.58634E+00
7.77747E-09,2.58634E+00
7.82747E-09,2.58634E+00
7.87747E-09,2.58582E+00
7.92747E-09,2.58582E+00
7.97747E-09,2.58530E+00
8.02747E-09,2.58530E+00
8.07747E-09,2.58530E+00
8.12747E-09,2.58530E+00
8.17747E-09,2.58530E+00
8.22747E-09,2.58530E+00
8.27747E-09,2.58530E+00
8.32747E-09,2.58582E+00
8.37747E-09,2.58582E+00
8.42747E-09,2.58634E+00
8.47747E-09,2.58582E+00
8.52747E-09,2.58634E+00
8.57747E-09,2.58634E+00
8.62747E-09,2.58686E+00
8.67747E-09,2.58738E+00
8.72747E-09,2.58791E+00
8.77747E-09,2.58791E+00
8.82747E-09,2.58791E+00
8.87747E-09,2.58791E+00
8.92747E-09,2.58843E+00
8.97747E-09,2.58895E+00
9.02747E-09,2.58895E+00
9.07747E-09,2.58895E+00
9.12747E-09,2.58895E+00
9.17747E-09,2.58895E+00
9.22747E-09,2.58895E+00
9.27747E-09,2.58843E+00
9.32747E-09,2.58843E+00
9.37747E-09,2.58791E+00
9.42747E-09,2.58791E+00
9.47747E-09,2.58791E+00
9.52747E-09,2.58686E+00
9.57747E-09,2.58634E+00
9.62747E-09,2.58582E+00
9.67747E-09,2.58634E+00
9.72747E-09,2.58582E+00
9.77747E-09,2.58530E+00
9.82747E-09,2.58478E+00
9.87747E-09,2.58478E+00
9.92747E-09,2.58373E+00
9.97747E-09,2.58321E+00
1.002747E-08,2.58217E+00
1.007747E-08,2.58112E+00
1.012747E-08,2.58060E+00
1.017747E-08,2.58008E+00
1.022747E-08,2.57956E+00
1.027747E-08,2.57904E+00
1.032747E-08,2.57799E+00
1.037747E-08,2.57695E+00
1.042747E-08,2.57643E+00
1.047747E-08,2.57591E+00
1.052747E-08,2.57591E+00
1.057747E-08,2.57539E+00
1.062747E-08,2.57486E+00
1.067747E-08,2.57382E+00
1.072747E-08,2.57330E+00
1.077747E-08,2.57330E+00
1.082747E-08,2.57226E+00
1.087747E-08,2.57173E+00
1.092747E-08,2.57173E+00
1.097747E-08,2.57121E+00
1.102747E-08,2.57069E+00
1.107747E-08,2.57069E+00
1.112747E-08,2.57121E+00
1.117747E-08,2.57121E+00
1.122747E-08,2.57121E+00
1.127747E-08,2.57121E+00
1.132747E-08,2.57121E+00
1.137747E-08,2.57121E+00
1.142747E-08,2.57173E+00
1.147747E-08,2.57069E+00
1.152747E-08,2.57069E+00
1.157747E-08,2.57121E+00
1.162747E-08,2.57121E+00
1.167747E-08,2.57226E+00
1.172747E-08,2.57226E+00
1.177747E-08,2.57330E+00
1.182747E-08,2.57330E+00
1.187747E-08,2.57382E+00
1.192747E-08,2.57486E+00
1.197747E-08,2.57434E+00
1.202747E-08,2.57539E+00
1.207747E-08,2.57591E+00
1.212747E-08,2.57591E+00
1.217747E-08,2.57643E+00
1.222747E-08,2.57695E+00
1.227747E-08,2.57799E+00
1.232747E-08,2.57904E+00
1.237747E-08,2.57904E+00
1.242747E-08,2.58060E+00
1.247747E-08,2.58008E+00
1.252747E-08,2.58165E+00
1.257747E-08,2.58217E+00
1.262747E-08,2.58321E+00
1.267747E-08,2.58373E+00
1.272747E-08,2.58425E+00
1.277747E-08,2.58478E+00
1.282747E-08,2.58582E+00
1.287747E-08,2.58634E+00
1.292747E-08,2.58634E+00
1.297747E-08,2.58791E+00
1.302747E-08,2.58895E+00
1.307747E-08,2.58895E+00
1.312747E-08,2.58947E+00
1.317747E-08,2.59051E+00
1.322747E-08,2.59103E+00
1.327747E-08,2.59156E+00
1.332747E-08,2.59156E+00
1.337747E-08,2.59312E+00
1.342747E-08,2.59364E+00
1.347747E-08,2.59312E+00
1.352747E-08,2.59416E+00
1.357747E-08,2.59469E+00
1.362747E-08,2.59469E+00
1.367747E-08,2.59469E+00
1.372747E-08,2.59469E+00
1.377747E-08,2.59469E+00
1.382747E-08,2.59469E+00
1.387747E-08,2.59469E+00
1.392747E-08,2.59469E+00
1.397747E-08,2.59469E+00
1.402747E-08,2.59469E+00
1.407747E-08,2.59469E+00
1.412747E-08,2.59364E+00
1.417747E-08,2.59364E+00
1.422747E-08,2.59364E+00
1.427747E-08,2.59208E+00
1.432747E-08,2.59208E+00
1.437747E-08,2.59103E+00
1.442747E-08,2.59051E+00
1.447747E-08,2.58895E+00
1.452747E-08,2.58843E+00
1.457747E-08,2.58791E+00
1.462747E-08,2.58634E+00
1.467747E-08,2.58582E+00
1.472747E-08,2.58478E+00
1.477747E-08,2.58373E+00
1.482747E-08,2.58217E+00
1.487747E-08,2.58165E+00
1.492747E-08,2.57956E+00
1.497747E-08,2.57904E+00
1.502747E-08,2.57747E+00
1.507747E-08,2.57591E+00
1.512747E-08,2.57539E+00
1.517747E-08,2.57434E+00
1.522747E-08,2.57382E+00
1.527747E-08,2.57278E+00
1.532747E-08,2.57121E+00
1.537747E-08,2.57069E+00
1.542747E-08,2.57017E+00
1.547747E-08,2.56965E+00
1.552747E-08,2.56965E+00
1.557747E-08,2.56965E+00
1.562747E-08,2.57017E+00
1.567747E-08,2.57173E+00
1.572747E-08,2.57226E+00
1.577747E-08,2.57330E+00
1.582747E-08,2.57382E+00
1.587747E-08,2.57486E+00
1.592747E-08,2.57591E+00
1.597747E-08,2.57747E+00
1.602747E-08,2.57904E+00
1.607747E-08,2.58112E+00
1.612747E-08,2.58217E+00
1.617747E-08,2.58425E+00
1.622747E-08,2.58582E+00
1.627747E-08,2.58634E+00
1.632747E-08,2.58791E+00
1.637747E-08,2.58895E+00
1.642747E-08,2.59103E+00
1.647747E-08,2.59156E+00
1.652747E-08,2.59364E+00
1.657747E-08,2.59416E+00
1.662747E-08,2.59469E+00
1.667747E-08,2.59625E+00
1.672747E-08,2.59677E+00
1.677747E-08,2.59729E+00
1.682747E-08,2.59729E+00
1.687747E-08,2.59834E+00
1.692747E-08,2.59834E+00
1.697747E-08,2.59834E+00
1.702747E-08,2.59782E+00
1.707747E-08,2.59782E+00
1.712747E-08,2.59729E+00
1.717747E-08,2.59677E+00
1.722747E-08,2.59625E+00
1.727747E-08,2.59573E+00
1.732747E-08,2.59573E+00
1.737747E-08,2.59469E+00
1.742747E-08,2.59469E+00
1.747747E-08,2.59416E+00
1.752747E-08,2.59416E+00
1.757747E-08,2.59416E+00
1.762747E-08,2.59364E+00
1.767747E-08,2.59364E+00
1.772747E-08,2.59364E+00
1.777747E-08,2.59364E+00
1.782747E-08,2.59364E+00
1.787747E-08,2.59364E+00
1.792747E-08,2.59312E+00
1.797747E-08,2.59364E+00
1.802747E-08,2.59312E+00
1.807747E-08,2.59364E+00
1.812747E-08,2.59364E+00
1.817747E-08,2.59260E+00
1.822747E-08,2.59156E+00
1.827747E-08,2.59156E+00
1.832747E-08,2.59103E+00
1.837747E-08,2.58947E+00
1.842747E-08,2.58895E+00
1.847747E-08,2.58791E+00
1.852747E-08,2.58686E+00
1.857747E-08,2.58530E+00
1.862747E-08,2.58373E+00
1.867747E-08,2.58112E+00
1.872747E-08,2.57956E+00
1.877747E-08,2.57695E+00
1.882747E-08,2.57486E+00
1.887747E-08,2.57226E+00
1.892747E-08,2.57121E+00
1.897747E-08,2.56808E+00
1.902747E-08,2.56652E+00
1.907747E-08,2.56339E+00
1.912747E-08,2.56078E+00
1.917747E-08,2.55974E+00
1.922747E-08,2.55713E+00
1.927747E-08,2.55556E+00
1.932747E-08,2.55400E+00
1.937747E-08,2.55295E+00
1.942747E-08,2.55243E+00
1.947747E-08,2.55191E+00
1.952747E-08,2.55139E+00
1.957747E-08,2.55191E+00
1.962747E-08,2.55243E+00
1.967747E-08,2.55243E+00
1.972747E-08,2.55400E+00
1.977747E-08,2.55556E+00
1.982747E-08,2.55713E+00
1.987747E-08,2.55921E+00
1.992747E-08,2.56078E+00
1.997747E-08,2.56339E+00
2.002747E-08,2.56652E+00
2.007747E-08,2.56860E+00
2.012747E-08,2.57121E+00
2.017747E-08,2.57330E+00
2.022747E-08,2.57643E+00
2.027747E-08,2.57852E+00
2.032747E-08,2.58112E+00
2.037747E-08,2.58269E+00
2.042747E-08,2.58530E+00
2.047747E-08,2.58686E+00
2.052747E-08,2.58791E+00
2.057747E-08,2.58999E+00
2.062747E-08,2.58999E+00
2.067747E-08,2.59051E+00
2.072747E-08,2.59103E+00
2.077747E-08,2.59156E+00
2.082747E-08,2.59051E+00
2.087747E-08,2.58999E+00
2.092747E-08,2.58999E+00
2.097747E-08,2.58843E+00
2.102747E-08,2.58686E+00
2.107747E-08,2.58582E+00
2.112747E-08,2.58425E+00
2.117747E-08,2.58112E+00
2.122747E-08,2.57956E+00
2.127747E-08,2.57695E+00
2.132747E-08,2.57539E+00
2.137747E-08,2.57226E+00
2.142747E-08,2.57121E+00
2.147747E-08,2.56860E+00
2.152747E-08,2.56652E+00
2.157747E-08,2.56391E+00
2.162747E-08,2.56234E+00
2.167747E-08,2.56026E+00
2.172747E-08,2.55817E+00
2.177747E-08,2.55713E+00
2.182747E-08,2.55608E+00
2.187747E-08,2.55504E+00
2.192747E-08,2.55400E+00
2.197747E-08,2.55452E+00
2.202747E-08,2.55400E+00
2.207747E-08,2.55400E+00
2.212747E-08,2.55452E+00
2.217747E-08,2.55452E+00
2.222747E-08,2.55452E+00
2.227747E-08,2.55504E+00
2.232747E-08,2.55713E+00
2.237747E-08,2.55765E+00
2.242747E-08,2.55869E+00
2.247747E-08,2.56026E+00
2.252747E-08,2.56182E+00
2.257747E-08,2.56287E+00
2.262747E-08,2.56495E+00
2.267747E-08,2.56704E+00
2.272747E-08,2.56860E+00
2.277747E-08,2.56965E+00
2.282747E-08,2.57121E+00
2.287747E-08,2.57226E+00
2.292747E-08,2.57434E+00
2.297747E-08,2.57591E+00
2.302747E-08,2.57643E+00
2.307747E-08,2.57799E+00
2.312747E-08,2.57904E+00
2.317747E-08,2.58008E+00
2.322747E-08,2.58112E+00
2.327747E-08,2.58217E+00
2.332747E-08,2.58321E+00
2.337747E-08,2.58425E+00
2.342747E-08,2.58478E+00
2.347747E-08,2.58478E+00
2.352747E-08,2.58530E+00
2.357747E-08,2.58582E+00
2.362747E-08,2.58582E+00
2.367747E-08,2.58582E+00
2.372747E-08,2.58582E+00
2.377747E-08,2.58530E+00
2.382747E-08,2.58478E+00
2.387747E-08,2.58478E+00
2.392747E-08,2.58373E+00
2.397747E-08,2.58321E+00
2.402747E-08,2.58217E+00
2.407747E-08,2.58112E+00
2.412747E-08,2.58008E+00
2.417747E-08,2.57904E+00
2.422747E-08,2.57799E+00
2.427747E-08,2.57695E+00
2.432747E-08,2.57591E+00
2.437747E-08,2.57539E+00
2.442747E-08,2.57382E+00
2.447747E-08,2.57278E+00
2.452747E-08,2.57121E+00
2.457747E-08,2.57121E+00
2.462747E-08,2.57069E+00
2.467747E-08,2.56965E+00
2.472747E-08,2.56860E+00
2.477747E-08,2.56808E+00
2.482747E-08,2.56756E+00
2.487747E-08,2.56704E+00
2.492747E-08,2.56652E+00
2.497747E-08,2.56600E+00
2.502747E-08,2.56652E+00
2.507747E-08,2.56600E+00
2.512747E-08,2.56547E+00
2.517747E-08,2.56495E+00
2.522747E-08,2.56495E+00
2.527747E-08,2.56495E+00
2.532747E-08,2.56495E+00
2.537747E-08,2.56495E+00
2.542747E-08,2.56443E+00
2.547747E-08,2.56443E+00
2.552747E-08,2.56443E+00
2.557747E-08,2.56495E+00
2.562747E-08,2.56495E+00
2.567747E-08,2.56495E+00
2.572747E-08,2.56495E+00
2.577747E-08,2.56443E+00
2.582747E-08,2.56443E+00
2.587747E-08,2.56391E+00
2.592747E-08,2.56391E+00
2.597747E-08,2.56339E+00
2.602747E-08,2.56339E+00
2.607747E-08,2.56339E+00
2.612747E-08,2.56339E+00
2.617747E-08,2.56287E+00
2.622747E-08,2.56287E+00
2.627747E-08,2.56234E+00
2.632747E-08,2.56234E+00
2.637747E-08,2.56234E+00
2.642747E-08,2.56234E+00
2.647747E-08,2.56234E+00
2.652747E-08,2.56234E+00
2.657747E-08,2.56234E+00
2.662747E-08,2.56234E+00
2.667747E-08,2.56287E+00
2.672747E-08,2.56339E+00
2.677747E-08,2.56339E+00
2.682747E-08,2.56547E+00
2.687747E-08,2.56600E+00
2.692747E-08,2.56652E+00
2.697747E-08,2.56652E+00
2.702747E-08,2.56808E+00
2.707747E-08,2.56913E+00
2.712747E-08,2.57017E+00
2.717747E-08,2.57017E+00
2.722747E-08,2.57173E+00
2.727747E-08,2.57382E+00
2.732747E-08,2.57539E+00
2.737747E-08,2.57643E+00
2.742747E-08,2.57799E+00
2.747747E-08,2.57956E+00
2.752747E-08,2.58165E+00
2.757747E-08,2.58321E+00
2.762747E-08,2.58425E+00
2.767747E-08,2.58582E+00
2.772747E-08,2.58738E+00
2.777747E-08,2.58895E+00
2.782747E-08,2.59156E+00
2.787747E-08,2.59312E+00
2.792747E-08,2.59469E+00
2.797747E-08,2.59625E+00
2.802747E-08,2.59834E+00
2.807747E-08,2.59990E+00
2.812747E-08,2.60147E+00
2.817747E-08,2.60199E+00
2.822747E-08,2.60303E+00
2.827747E-08,2.60460E+00
2.832747E-08,2.60616E+00
2.837747E-08,2.60721E+00
2.842747E-08,2.60773E+00
2.847747E-08,2.60877E+00
2.852747E-08,2.60981E+00
2.857747E-08,2.60981E+00
2.862747E-08,2.61086E+00
2.867747E-08,2.61138E+00
2.872747E-08,2.61138E+00
2.877747E-08,2.61138E+00
2.882747E-08,2.61138E+00
2.887747E-08,2.61086E+00
2.892747E-08,2.61086E+00
2.897747E-08,2.60981E+00
2.902747E-08,2.60929E+00
2.907747E-08,2.60825E+00
2.912747E-08,2.60773E+00
2.917747E-08,2.60668E+00
2.922747E-08,2.60512E+00
2.927747E-08,2.60355E+00
2.932747E-08,2.60199E+00
2.937747E-08,2.60147E+00
2.942747E-08,2.59938E+00
2.947747E-08,2.59834E+00
2.952747E-08,2.59625E+00
2.957747E-08,2.59416E+00
2.962747E-08,2.59260E+00
2.967747E-08,2.59051E+00
2.972747E-08,2.58895E+00
2.977747E-08,2.58791E+00
2.982747E-08,2.58582E+00
2.987747E-08,2.58478E+00
2.992747E-08,2.58373E+00
2.997747E-08,2.58373E+00
3.002747E-08,2.58269E+00
3.007747E-08,2.58269E+00
3.012747E-08,2.58165E+00
3.017747E-08,2.58165E+00
3.022747E-08,2.58165E+00
3.027747E-08,2.58112E+00
3.032747E-08,2.58165E+00
3.037747E-08,2.58165E+00
3.042747E-08,2.58165E+00
3.047747E-08,2.58217E+00
3.052747E-08,2.58217E+00
3.057747E-08,2.58321E+00
3.062747E-08,2.58321E+00
3.067747E-08,2.58373E+00
3.072747E-08,2.58373E+00
3.077747E-08,2.58425E+00
3.082747E-08,2.58425E+00
3.087747E-08,2.58425E+00
3.092747E-08,2.58373E+00
3.097747E-08,2.58373E+00
3.102747E-08,2.58269E+00
3.107747E-08,2.58165E+00
3.112747E-08,2.58165E+00
3.117747E-08,2.58008E+00
3.122747E-08,2.57904E+00
3.127747E-08,2.57695E+00
3.132747E-08,2.57695E+00
3.137747E-08,2.57486E+00
3.142747E-08,2.57330E+00
3.147747E-08,2.57173E+00
3.152747E-08,2.56965E+00
3.157747E-08,2.56808E+00
3.162747E-08,2.56600E+00
3.167747E-08,2.56339E+00
3.172747E-08,2.56182E+00
3.177747E-08,2.55974E+00
3.182747E-08,2.55817E+00
3.187747E-08,2.55765E+00
3.192747E-08,2.55608E+00
3.197747E-08,2.55452E+00
3.202747E-08,2.55295E+00
3.207747E-08,2.55295E+00
3.212747E-08,2.55243E+00
3.217747E-08,2.55087E+00
3.222747E-08,2.55087E+00
3.227747E-08,2.55035E+00
3.232747E-08,2.54982E+00
3.237747E-08,2.54982E+00
3.242747E-08,2.54930E+00
3.247747E-08,2.54930E+00
3.252747E-08,2.54930E+00
3.257747E-08,2.54930E+00
3.262747E-08,2.54982E+00
3.267747E-08,2.54930E+00
3.272747E-08,2.55035E+00
3.277747E-08,2.54982E+00
3.282747E-08,2.54982E+00
3.287747E-08,2.54930E+00
3.292747E-08,2.54826E+00
3.297747E-08,2.54826E+00
3.302747E-08,2.54722E+00
3.307747E-08,2.54670E+00
3.312747E-08,2.54461E+00
3.317747E-08,2.54409E+00
3.322747E-08,2.54200E+00
3.327747E-08,2.53939E+00
3.332747E-08,2.53783E+00
3.337747E-08,2.53522E+00
3.342747E-08,2.53365E+00
3.347747E-08,2.52948E+00
3.352747E-08,2.52687E+00
3.357747E-08,2.52426E+00
3.362747E-08,2.52009E+00
3.367747E-08,2.51644E+00
3.372747E-08,2.51227E+00
3.377747E-08,2.50862E+00
3.382747E-08,2.50444E+00
3.387747E-08,2.50131E+00
3.392747E-08,2.49610E+00
3.397747E-08,2.49192E+00
3.402747E-08,2.48775E+00
3.407747E-08,2.48253E+00
3.412747E-08,2.47784E+00
3.417747E-08,2.47314E+00
3.422747E-08,2.46741E+00
3.427747E-08,2.46271E+00
3.432747E-08,2.45802E+00
3.437747E-08,2.45280E+00
3.442747E-08,2.44758E+00
3.447747E-08,2.44184E+00
3.452747E-08,2.43715E+00
3.457747E-08,2.43193E+00
3.462747E-08,2.42672E+00
3.467747E-08,2.42150E+00
3.472747E-08,2.41733E+00
3.477747E-08,2.41211E+00
3.482747E-08,2.40637E+00
3.487747E-08,2.40220E+00
3.492747E-08,2.39542E+00
3.497747E-08,2.39020E+00
3.502747E-08,2.38603E+00
3.507747E-08,2.37977E+00
3.512747E-08,2.37455E+00
3.517747E-08,2.36881E+00
3.522747E-08,2.36412E+00
3.527747E-08,2.35838E+00
3.532747E-08,2.35264E+00
3.537747E-08,2.34743E+00
3.542747E-08,2.34117E+00
3.547747E-08,2.33543E+00
3.552747E-08,2.32865E+00
3.557747E-08,2.32134E+00
3.562747E-08,2.31508E+00
3.567747E-08,2.30882E+00
3.572747E-08,2.30152E+00
3.577747E-08,2.29474E+00
3.582747E-08,2.28639E+00
3.587747E-08,2.27909E+00
3.592747E-08,2.27074E+00
3.597747E-08,2.26240E+00
3.602747E-08,2.25405E+00
3.607747E-08,2.24571E+00
3.612747E-08,2.23684E+00
3.617747E-08,2.22797E+00
3.622747E-08,2.21858E+00
3.627747E-08,2.20919E+00
3.632747E-08,2.19928E+00
3.637747E-08,2.18989E+00
3.642747E-08,2.18050E+00
3.647747E-08,2.16955E+00
3.652747E-08,2.16016E+00
3.657747E-08,2.14920E+00
3.662747E-08,2.13929E+00
3.667747E-08,2.12938E+00
3.672747E-08,2.11895E+00
3.677747E-08,2.10903E+00
3.682747E-08,2.09860E+00
3.687747E-08,2.08817E+00
3.692747E-08,2.07878E+00
3.697747E-08,2.06887E+00
3.702747E-08,2.05739E+00
3.707747E-08,2.04800E+00
3.712747E-08,2.03757E+00
3.717747E-08,2.02714E+00
3.722747E-08,2.01775E+00
3.727747E-08,2.00731E+00
3.732747E-08,1.99688E+00
3.737747E-08,1.98697E+00
3.742747E-08,1.97497E+00
3.747747E-08,1.96558E+00
3.752747E-08,1.95515E+00
3.757747E-08,1.94367E+00
3.762747E-08,1.93324E+00
3.767747E-08,1.92124E+00
3.772747E-08,1.91133E+00
3.777747E-08,1.89933E+00
3.782747E-08,1.88734E+00
3.787747E-08,1.87586E+00
3.792747E-08,1.86334E+00
3.797747E-08,1.85134E+00
3.802747E-08,1.83830E+00
3.807747E-08,1.82578E+00
3.812747E-08,1.81326E+00
3.817747E-08,1.80022E+00
3.822747E-08,1.78666E+00
3.827747E-08,1.77310E+00
3.832747E-08,1.75953E+00
3.837747E-08,1.74597E+00
3.842747E-08,1.73136E+00
3.847747E-08,1.71676E+00
3.852747E-08,1.70215E+00
3.857747E-08,1.68807E+00
3.862747E-08,1.67294E+00
3.867747E-08,1.65781E+00
3.872747E-08,1.64321E+00
3.877747E-08,1.62808E+00
3.882747E-08,1.61295E+00
3.887747E-08,1.59782E+00
3.892747E-08,1.58165E+00
3.897747E-08,1.56652E+00
3.902747E-08,1.55192E+00
3.907747E-08,1.53575E+00
3.912747E-08,1.52062E+00
3.917747E-08,1.50497E+00
3.922747E-08,1.48984E+00
3.927747E-08,1.47367E+00
3.932747E-08,1.45854E+00
3.937747E-08,1.44289E+00
3.942747E-08,1.42724E+00
3.947747E-08,1.41107E+00
3.952747E-08,1.39542E+00
3.957747E-08,1.38030E+00
3.962747E-08,1.36517E+00
3.967747E-08,1.34952E+00
3.972747E-08,1.33439E+00
3.977747E-08,1.31926E+00
3.982747E-08,1.30414E+00
3.987747E-08,1.28901E+00
3.992747E-08,1.27388E+00
3.997747E-08,1.25823E+00
4.002747E-08,1.24310E+00
4.007747E-08,1.22902E+00
4.012747E-08,1.21389E+00
4.017747E-08,1.19929E+00
4.022747E-08,1.18520E+00
4.027747E-08,1.17060E+00
4.032747E-08,1.15651E+00
4.037747E-08,1.14138E+00
4.042747E-08,1.12782E+00
4.047747E-08,1.11374E+00
4.052747E-08,1.09965E+00
4.057747E-08,1.08557E+00
4.062747E-08,1.07200E+00
4.067747E-08,1.05740E+00
4.072747E-08,1.04384E+00
4.077747E-08,1.02871E+00
4.082747E-08,1.01619E+00
4.087747E-08,1.00158E+00
4.092747E-08,9.8750E-01
4.097747E-08,9.7341E-01
4.102747E-08,9.5933E-01
4.107747E-08,9.4472E-01
4.112747E-08,9.2960E-01
4.117747E-08,9.1499E-01
4.122747E-08,9.0090E-01
4.127747E-08,8.8630E-01
4.132747E-08,8.7169E-01
4.137747E-08,8.5761E-01
4.142747E-08,8.4248E-01
4.147747E-08,8.2735E-01
4.152747E-08,8.1223E-01
4.157747E-08,7.9814E-01
4.162747E-08,7.8301E-01
4.167747E-08,7.6841E-01
4.172747E-08,7.5276E-01
4.177747E-08,7.3763E-01
4.182747E-08,7.2302E-01
4.187747E-08,7.0946E-01
4.192747E-08,6.9381E-01
4.197747E-08,6.8025E-01
4.202747E-08,6.6669E-01
4.207747E-08,6.5260E-01
4.212747E-08,6.3852E-01
4.217747E-08,6.2443E-01
4.222747E-08,6.1035E-01
4.227747E-08,5.9783E-01
4.232747E-08,5.8479E-01
4.237747E-08,5.7123E-01
4.242747E-08,5.5766E-01
4.247747E-08,5.4619E-01
4.252747E-08,5.3262E-01
4.257747E-08,5.2219E-01
4.262747E-08,5.0915E-01
4.267747E-08,4.9767E-01
4.272747E-08,4.8620E-01
4.277747E-08,4.7368E-01
4.282747E-08,4.6220E-01
4.287747E-08,4.5177E-01
4.292747E-08,4.4029E-01
4.297747E-08,4.2934E-01
4.302747E-08,4.1838E-01
4.307747E-08,4.0691E-01
4.312747E-08,3.9595E-01
4.317747E-08,3.8656E-01
4.322747E-08,3.7613E-01
4.327747E-08,3.6518E-01
4.332747E-08,3.5474E-01
4.337747E-08,3.4535E-01
4.342747E-08,3.3492E-01
4.347747E-08,3.2553E-01
4.352747E-08,3.1562E-01
4.357747E-08,3.0623E-01
4.362747E-08,2.9736E-01
4.367747E-08,2.8849E-01
4.372747E-08,2.7963E-01
4.377747E-08,2.7024E-01
4.382747E-08,2.6241E-01
4.387747E-08,2.5354E-01
4.392747E-08,2.4572E-01
4.397747E-08,2.3737E-01
4.402747E-08,2.2955E-01
4.407747E-08,2.2224E-01
4.412747E-08,2.1390E-01
4.417747E-08,2.0712E-01
4.422747E-08,1.9877E-01
4.427747E-08,1.9303E-01
4.432747E-08,1.8573E-01
4.437747E-08,1.7895E-01
4.442747E-08,1.7112E-01
4.447747E-08,1.6539E-01
4.452747E-08,1.5860E-01
4.457747E-08,1.5287E-01
4.462747E-08,1.4556E-01
4.467747E-08,1.3930E-01
4.472747E-08,1.3356E-01
4.477747E-08,1.2835E-01
4.482747E-08,1.2313E-01
4.487747E-08,1.1687E-01
4.492747E-08,1.1061E-01
4.497747E-08,1.0592E-01
4.502747E-08,1.0018E-01
4.507747E-08,9.548E-02
4.512747E-08,9.079E-02
4.517747E-08,8.610E-02
4.522747E-08,8.192E-02
4.527747E-08,7.775E-02
4.532747E-08,7.253E-02
4.537747E-08,6.940E-02
4.542747E-08,6.575E-02
4.547747E-08,6.210E-02
4.552747E-08,5.897E-02
4.557747E-08,5.584E-02
4.562747E-08,5.323E-02
4.567747E-08,5.010E-02
4.572747E-08,4.749E-02
4.577747E-08,4.593E-02
4.582747E-08,4.332E-02
4.587747E-08,4.176E-02
4.592747E-08,4.019E-02
4.597747E-08,3.810E-02
4.602747E-08,3.654E-02
4.607747E-08,3.445E-02
4.612747E-08,3.393E-02
4.617747E-08,3.237E-02
4.622747E-08,3.132E-02
4.627747E-08,2.976E-02
4.632747E-08,2.871E-02
4.637747E-08,2.767E-02
4.642747E-08,2.715E-02
4.647747E-08,2.611E-02
4.652747E-08,2.506E-02
4.657747E-08,2.402E-02
4.662747E-08,2.245E-02
4.667747E-08,2.193E-02
4.672747E-08,2.089E-02
4.677747E-08,1.985E-02
4.682747E-08,1.932E-02
4.687747E-08,1.776E-02
4.692747E-08,1.724E-02
4.697747E-08,1.672E-02
4.702747E-08,1.463E-02
4.707747E-08,1.411E-02
4.712747E-08,1.411E-02
4.717747E-08,1.306E-02
4.722747E-08,1.254E-02
4.727747E-08,1.150E-02
4.732747E-08,1.150E-02
4.737747E-08,9.93E-03
4.742747E-08,9.93E-03
4.747747E-08,9.41E-03
4.752747E-08,8.89E-03
4.757747E-08,8.89E-03
4.762747E-08,8.37E-03
4.767747E-08,7.85E-03
4.772747E-08,6.81E-03
4.777747E-08,6.81E-03
4.782747E-08,7.33E-03
4.787747E-08,6.81E-03
4.792747E-08,6.81E-03
4.797747E-08,6.81E-03
4.802747E-08,6.81E-03
4.807747E-08,6.81E-03
4.812747E-08,6.81E-03
4.817747E-08,6.81E-03
4.822747E-08,6.81E-03
4.827747E-08,6.81E-03
4.832747E-08,6.81E-03
4.837747E-08,7.33E-03
4.842747E-08,6.81E-03
4.847747E-08,6.81E-03
4.852747E-08,7.33E-03
4.857747E-08,8.37E-03
4.862747E-08,8.37E-03
4.867747E-08,8.37E-03
4.872747E-08,8.89E-03
4.877747E-08,9.41E-03
4.882747E-08,9.93E-03
4.887747E-08,1.098E-02
4.892747E-08,1.150E-02
4.897747E-08,1.150E-02
4.902747E-08,1.202E-02
4.907747E-08,1.306E-02
4.912747E-08,1.411E-02
4.917747E-08,1.411E-02
4.922747E-08,1.515E-02
4.927747E-08,1.724E-02
4.932747E-08,1.776E-02
4.937747E-08,1.828E-02
4.942747E-08,1.880E-02
4.947747E-08,1.932E-02
4.952747E-08,2.037E-02
4.957747E-08,2.089E-02
4.962747E-08,2.141E-02
4.967747E-08,2.245E-02
4.972747E-08,2.193E-02
4.977747E-08,2.245E-02
4.982747E-08,2.298E-02
4.987747E-08,2.298E-02
4.992747E-08,2.245E-02
4.997747E-08,2.298E-02
5.002747E-08,2.350E-02
5.007747E-08,2.298E-02
5.012747E-08,2.298E-02
5.017747E-08,2.298E-02
5.022747E-08,2.298E-02
5.027747E-08,2.298E-02
5.032747E-08,2.245E-02
5.037747E-08,2.193E-02
5.042747E-08,2.193E-02
5.047747E-08,2.193E-02
5.052747E-08,2.141E-02
5.057747E-08,2.141E-02
5.062747E-08,2.141E-02
5.067747E-08,2.089E-02
5.072747E-08,2.089E-02
5.077747E-08,2.089E-02
5.082747E-08,2.089E-02
5.087747E-08,2.089E-02
5.092747E-08,2.089E-02
5.097747E-08,2.089E-02
5.102747E-08,2.141E-02
5.107747E-08,2.193E-02
5.112747E-08,2.193E-02
5.117747E-08,2.245E-02
5.122747E-08,2.350E-02
5.127747E-08,2.454E-02
5.132747E-08,2.506E-02
5.137747E-08,2.558E-02
5.142747E-08,2.611E-02
5.147747E-08,2.611E-02
5.152747E-08,2.715E-02
5.157747E-08,2.767E-02
5.162747E-08,2.819E-02
5.167747E-08,2.871E-02
5.172747E-08,2.976E-02
5.177747E-08,2.976E-02
5.182747E-08,2.976E-02
5.187747E-08,2.976E-02
5.192747E-08,3.080E-02
5.197747E-08,3.132E-02
5.202747E-08,3.184E-02
5.207747E-08,3.184E-02
5.212747E-08,3.237E-02
5.217747E-08,3.237E-02
5.222747E-08,3.237E-02
5.227747E-08,3.237E-02
5.232747E-08,3.237E-02
5.237747E-08,3.237E-02
5.242747E-08,3.184E-02
5.247747E-08,3.132E-02
5.252747E-08,3.132E-02
5.257747E-08,3.028E-02
5.262747E-08,3.028E-02
5.267747E-08,3.028E-02
5.272747E-08,2.976E-02
5.277747E-08,2.924E-02
5.282747E-08,2.819E-02
5.287747E-08,2.767E-02
5.292747E-08,2.715E-02
5.297747E-08,2.611E-02
5.302747E-08,2.611E-02
5.307747E-08,2.558E-02
5.312747E-08,2.454E-02
5.317747E-08,2.298E-02
5.322747E-08,2.193E-02
5.327747E-08,2.141E-02
5.332747E-08,1.985E-02
5.337747E-08,1.932E-02
5.342747E-08,1.776E-02
5.347747E-08,1.724E-02
5.352747E-08,1.515E-02
5.357747E-08,1.463E-02
5.362747E-08,1.359E-02
5.367747E-08,1.202E-02
5.372747E-08,1.098E-02
5.377747E-08,9.93E-03
5.382747E-08,9.41E-03
5.387747E-08,8.37E-03
5.392747E-08,7.85E-03
5.397747E-08,7.33E-03
5.402747E-08,7.33E-03
5.407747E-08,6.28E-03
5.412747E-08,6.28E-03
5.417747E-08,6.28E-03
5.422747E-08,6.81E-03
5.427747E-08,7.33E-03
5.432747E-08,6.81E-03
5.437747E-08,8.37E-03
5.442747E-08,8.89E-03
5.447747E-08,9.93E-03
5.452747E-08,1.150E-02
5.457747E-08,1.254E-02
5.462747E-08,1.411E-02
5.467747E-08,1.463E-02
5.472747E-08,1.672E-02
5.477747E-08,1.776E-02
5.482747E-08,1.932E-02
5.487747E-08,2.037E-02
5.492747E-08,2.193E-02
5.497747E-08,2.245E-02
5.502747E-08,2.402E-02
5.507747E-08,2.506E-02
5.512747E-08,2.611E-02
5.517747E-08,2.663E-02
5.522747E-08,2.767E-02
5.527747E-08,2.767E-02
5.532747E-08,2.767E-02
5.537747E-08,2.767E-02
5.542747E-08,2.767E-02
5.547747E-08,2.611E-02
5.552747E-08,2.611E-02
5.557747E-08,2.506E-02
5.562747E-08,2.298E-02
5.567747E-08,2.193E-02
5.572747E-08,2.141E-02
5.577747E-08,1.985E-02
5.582747E-08,1.828E-02
5.587747E-08,1.724E-02
5.592747E-08,1.463E-02
5.597747E-08,1.463E-02
5.602747E-08,1.254E-02
5.607747E-08,1.150E-02
5.612747E-08,9.93E-03
5.617747E-08,8.37E-03
5.622747E-08,7.85E-03
5.627747E-08,6.81E-03
5.632747E-08,6.81E-03
5.637747E-08,6.28E-03
5.642747E-08,5.76E-03
5.647747E-08,6.28E-03
5.652747E-08,6.81E-03
5.657747E-08,7.33E-03
5.662747E-08,7.33E-03
5.667747E-08,7.85E-03
5.672747E-08,9.41E-03
5.677747E-08,1.150E-02
5.682747E-08,1.254E-02
5.687747E-08,1.359E-02
5.692747E-08,1.515E-02
5.697747E-08,1.672E-02
5.702747E-08,1.880E-02
5.707747E-08,2.037E-02
5.712747E-08,2.193E-02
5.717747E-08,2.350E-02
5.722747E-08,2.558E-02
5.727747E-08,2.715E-02
5.732747E-08,2.767E-02
5.737747E-08,2.924E-02
5.742747E-08,3.080E-02
5.747747E-08,3.080E-02
5.752747E-08,3.080E-02
5.757747E-08,3.184E-02
5.762747E-08,3.289E-02
5.767747E-08,3.289E-02
5.772747E-08,3.289E-02
5.777747E-08,3.289E-02
5.782747E-08,3.237E-02
5.787747E-08,3.237E-02
5.792747E-08,3.132E-02
5.797747E-08,3.028E-02
5.802747E-08,3.028E-02
5.807747E-08,3.028E-02
5.812747E-08,2.924E-02
5.817747E-08,2.819E-02
5.822747E-08,2.767E-02
5.827747E-08,2.663E-02
5.832747E-08,2.611E-02
5.837747E-08,2.506E-02
5.842747E-08,2.454E-02
5.847747E-08,2.350E-02
5.852747E-08,2.245E-02
5.857747E-08,2.141E-02
5.862747E-08,2.141E-02
5.867747E-08,2.089E-02
5.872747E-08,2.089E-02
5.877747E-08,2.037E-02
5.882747E-08,2.037E-02
5.887747E-08,1.985E-02
5.892747E-08,1.985E-02
5.897747E-08,1.985E-02
5.902747E-08,1.985E-02
5.907747E-08,2.037E-02
5.912747E-08,2.037E-02
5.917747E-08,2.089E-02
5.922747E-08,2.089E-02
5.927747E-08,2.089E-02
5.932747E-08,2.141E-02
5.937747E-08,2.141E-02
5.942747E-08,2.245E-02
5.947747E-08,2.350E-02
5.952747E-08,2.402E-02
5.957747E-08,2.454E-02
5.962747E-08,2.506E-02
5.967747E-08,2.611E-02
5.972747E-08,2.611E-02
5.977747E-08,2.663E-02
5.982747E-08,2.767E-02
5.987747E-08,2.819E-02
5.992747E-08,2.924E-02
5.997747E-08,2.924E-02
6.002747E-08,2.976E-02
6.007747E-08,2.976E-02
6.012747E-08,3.132E-02
6.017747E-08,3.237E-02
6.022747E-08,3.289E-02
6.027747E-08,3.393E-02
6.032747E-08,3.445E-02
6.037747E-08,3.497E-02
6.042747E-08,3.497E-02
6.047747E-08,3.550E-02
6.052747E-08,3.654E-02
6.057747E-08,3.654E-02
6.062747E-08,3.706E-02
6.067747E-08,3.758E-02
6.072747E-08,3.758E-02
6.077747E-08,3.758E-02
6.082747E-08,3.758E-02
6.087747E-08,3.758E-02
6.092747E-08,3.706E-02
6.097747E-08,3.654E-02
6.102747E-08,3.654E-02
6.107747E-08,3.550E-02
6.112747E-08,3.497E-02
6.117747E-08,3.445E-02
6.122747E-08,3.341E-02
6.127747E-08,3.289E-02
6.132747E-08,3.184E-02
6.137747E-08,2.976E-02
6.142747E-08,2.976E-02
6.147747E-08,2.819E-02
6.152747E-08,2.715E-02
6.157747E-08,2.611E-02
6.162747E-08,2.558E-02
6.167747E-08,2.402E-02
6.172747E-08,2.193E-02
6.177747E-08,2.089E-02
6.182747E-08,2.037E-02
6.187747E-08,1.932E-02
6.192747E-08,1.880E-02
6.197747E-08,1.828E-02
6.202747E-08,1.724E-02
6.207747E-08,1.672E-02
6.212747E-08,1.619E-02
6.217747E-08,1.619E-02
6.222747E-08,1.672E-02
6.227747E-08,1.619E-02
6.232747E-08,1.619E-02
6.237747E-08,1.672E-02
6.242747E-08,1.724E-02
6.247747E-08,1.776E-02
6.252747E-08,1.880E-02
6.257747E-08,1.985E-02
6.262747E-08,2.037E-02
6.267747E-08,2.089E-02
6.272747E-08,2.193E-02
6.277747E-08,2.245E-02
6.282747E-08,2.402E-02
6.287747E-08,2.558E-02
6.292747E-08,2.558E-02
6.297747E-08,2.715E-02
6.302747E-08,2.819E-02
6.307747E-08,2.871E-02
6.312747E-08,2.976E-02
6.317747E-08,3.132E-02
6.322747E-08,3.237E-02
6.327747E-08,3.289E-02
6.332747E-08,3.445E-02
6.337747E-08,3.497E-02
6.342747E-08,3.602E-02
6.347747E-08,3.706E-02
6.352747E-08,3.810E-02
6.357747E-08,3.810E-02
6.362747E-08,3.967E-02
6.367747E-08,3.967E-02
6.372747E-08,4.071E-02
6.377747E-08,4.071E-02
6.382747E-08,4.071E-02
6.387747E-08,4.123E-02
6.392747E-08,4.123E-02
6.397747E-08,4.176E-02
6.402747E-08,4.123E-02
6.407747E-08,4.071E-02
6.412747E-08,4.071E-02
6.417747E-08,4.071E-02
6.422747E-08,4.019E-02
6.427747E-08,3.967E-02
6.432747E-08,3.967E-02
6.437747E-08,3.810E-02
6.442747E-08,3.810E-02
6.447747E-08,3.706E-02
6.452747E-08,3.654E-02
6.457747E-08,3.497E-02
6.462747E-08,3.497E-02
6.467747E-08,3.445E-02
6.472747E-08,3.393E-02
6.477747E-08,3.289E-02
6.482747E-08,3.237E-02
6.487747E-08,3.184E-02
6.492747E-08,3.132E-02
6.497747E-08,2.976E-02
6.502747E-08,2.976E-02
6.507747E-08,2.924E-02
6.512747E-08,2.924E-02
6.517747E-08,2.819E-02
6.522747E-08,2.767E-02
6.527747E-08,2.767E-02
6.532747E-08,2.663E-02
6.537747E-08,2.611E-02
6.542747E-08,2.558E-02
6.547747E-08,2.506E-02
6.552747E-08,2.298E-02
6.557747E-08,2.245E-02
6.562747E-08,2.193E-02
6.567747E-08,2.089E-02
6.572747E-08,1.932E-02
6.577747E-08,1.828E-02
6.582747E-08,1.724E-02
6.587747E-08,1.672E-02
6.592747E-08,1.463E-02
6.597747E-08,1.463E-02
6.602747E-08,1.254E-02
6.607747E-08,1.150E-02
6.612747E-08,1.098E-02
6.617747E-08,9.41E-03
6.622747E-08,8.37E-03
6.627747E-08,8.37E-03
6.632747E-08,7.33E-03
6.637747E-08,7.33E-03
6.642747E-08,6.81E-03
6.647747E-08,6.28E-03
6.652747E-08,6.81E-03
6.657747E-08,6.81E-03
6.662747E-08,6.28E-03
6.667747E-08,7.85E-03
6.672747E-08,8.37E-03
6.677747E-08,9.93E-03
6.682747E-08,1.150E-02
6.687747E-08,1.254E-02
6.692747E-08,1.359E-02
6.697747E-08,1.619E-02
6.702747E-08,1.724E-02
6.707747E-08,1.932E-02
6.712747E-08,2.141E-02
6.717747E-08,2.350E-02
6.722747E-08,2.611E-02
6.727747E-08,2.767E-02
6.732747E-08,2.976E-02
6.737747E-08,3.080E-02
6.742747E-08,3.289E-02
6.747747E-08,3.445E-02
6.752747E-08,3.550E-02
6.757747E-08,3.706E-02
6.762747E-08,3.758E-02
6.767747E-08,3.758E-02
6.772747E-08,3.810E-02
6.777747E-08,3.863E-02
6.782747E-08,3.810E-02
6.787747E-08,3.810E-02
6.792747E-08,3.706E-02
6.797747E-08,3.602E-02
6.802747E-08,3.550E-02
6.807747E-08,3.445E-02
6.812747E-08,3.289E-02
6.817747E-08,3.028E-02
6.822747E-08,2.924E-02
6.827747E-08,2.767E-02
6.832747E-08,2.611E-02
6.837747E-08,2.506E-02
6.842747E-08,2.402E-02
6.847747E-08,2.141E-02
6.852747E-08,2.089E-02
6.857747E-08,1.932E-02
6.862747E-08,1.880E-02
6.867747E-08,1.776E-02
6.872747E-08,1.724E-02
6.877747E-08,1.724E-02
6.882747E-08,1.724E-02
6.887747E-08,1.828E-02
6.892747E-08,1.828E-02
6.897747E-08,1.932E-02
6.902747E-08,1.985E-02
6.907747E-08,2.089E-02
6.912747E-08,2.245E-02
6.917747E-08,2.402E-02
6.922747E-08,2.558E-02
6.927747E-08,2.715E-02
6.932747E-08,2.871E-02
6.937747E-08,2.976E-02
6.942747E-08,3.184E-02
6.947747E-08,3.289E-02
6.952747E-08,3.497E-02
6.957747E-08,3.550E-02
6.962747E-08,3.706E-02
6.967747E-08,3.758E-02
6.972747E-08,3.967E-02
6.977747E-08,3.967E-02
6.982747E-08,4.071E-02
6.987747E-08,4.019E-02
6.992747E-08,4.071E-02
6.997747E-08,4.071E-02
7.002747E-08,3.967E-02
7.007747E-08,3.967E-02
7.012747E-08,3.863E-02
7.017747E-08,3.758E-02
7.022747E-08,3.706E-02
7.027747E-08,3.550E-02
7.032747E-08,3.497E-02
7.037747E-08,3.445E-02
7.042747E-08,3.289E-02
7.047747E-08,3.132E-02
7.052747E-08,2.976E-02
7.057747E-08,2.871E-02
7.062747E-08,2.819E-02
7.067747E-08,2.663E-02
7.072747E-08,2.663E-02
7.077747E-08,2.611E-02
7.082747E-08,2.611E-02
7.087747E-08,2.506E-02
7.092747E-08,2.506E-02
7.097747E-08,2.506E-02
7.102747E-08,2.611E-02
7.107747E-08,2.611E-02
7.112747E-08,2.663E-02
7.117747E-08,2.663E-02
7.122747E-08,2.819E-02
7.127747E-08,2.871E-02
7.132747E-08,2.924E-02
7.137747E-08,3.080E-02
7.142747E-08,3.237E-02
7.147747E-08,3.393E-02
7.152747E-08,3.445E-02
7.157747E-08,3.602E-02
7.162747E-08,3.706E-02
7.167747E-08,3.810E-02
7.172747E-08,4.019E-02
7.177747E-08,4.071E-02
7.182747E-08,4.176E-02
7.187747E-08,4.228E-02
7.192747E-08,4.332E-02
7.197747E-08,4.436E-02
7.202747E-08,4.489E-02
7.207747E-08,4.541E-02
7.212747E-08,4.489E-02
7.217747E-08,4.489E-02
7.222747E-08,4.489E-02
7.227747E-08,4.489E-02
7.232747E-08,4.489E-02
7.237747E-08,4.541E-02
7.242747E-08,4.489E-02
7.247747E-08,4.332E-02
7.252747E-08,4.280E-02
7.257747E-08,4.280E-02
7.262747E-08,4.071E-02
7.267747E-08,4.019E-02
7.272747E-08,3.863E-02
7.277747E-08,3.758E-02
7.282747E-08,3.550E-02
7.287747E-08,3.497E-02
7.292747E-08,3.289E-02
7.297747E-08,3.132E-02
7.302747E-08,2.976E-02
7.307747E-08,2.819E-02
7.312747E-08,2.663E-02
7.317747E-08,2.506E-02
7.322747E-08,2.245E-02
7.327747E-08,2.089E-02
7.332747E-08,1.932E-02
7.337747E-08,1.880E-02
7.342747E-08,1.619E-02
7.347747E-08,1.515E-02
7.352747E-08,1.359E-02
7.357747E-08,1.306E-02
7.362747E-08,1.202E-02
7.367747E-08,1.150E-02
7.372747E-08,1.202E-02
7.377747E-08,1.150E-02
7.382747E-08,1.150E-02
7.387747E-08,1.202E-02
7.392747E-08,1.150E-02
7.397747E-08,1.202E-02
7.402747E-08,1.254E-02
7.407747E-08,1.359E-02
7.412747E-08,1.515E-02
7.417747E-08,1.672E-02
7.422747E-08,1.724E-02
7.427747E-08,1.880E-02
7.432747E-08,2.037E-02
7.437747E-08,2.193E-02
7.442747E-08,2.298E-02
7.447747E-08,2.506E-02
7.452747E-08,2.611E-02
7.457747E-08,2.715E-02
7.462747E-08,2.767E-02
7.467747E-08,2.871E-02
7.472747E-08,2.924E-02
7.477747E-08,2.976E-02
7.482747E-08,2.976E-02
7.487747E-08,2.976E-02
7.492747E-08,2.871E-02
7.497747E-08,2.871E-02
7.502747E-08,2.767E-02
7.507747E-08,2.663E-02
7.512747E-08,2.506E-02
7.517747E-08,2.298E-02
7.522747E-08,2.245E-02
7.527747E-08,1.985E-02
7.532747E-08,1.776E-02
7.537747E-08,1.515E-02
7.542747E-08,1.359E-02
7.547747E-08,1.150E-02
7.552747E-08,8.89E-03
7.557747E-08,6.81E-03
7.562747E-08,4.20E-03
7.567747E-08,3.15E-03
7.572747E-08,1.07E-03
7.577747E-08,-1.02E-03
7.582747E-08,-1.54E-03
7.587747E-08,-2.58E-03
7.592747E-08,-4.15E-03
7.597747E-08,-5.19E-03
7.602747E-08,-5.71E-03
7.607747E-08,-5.71E-03
7.612747E-08,-6.24E-03
7.617747E-08,-5.71E-03
7.622747E-08,-5.71E-03
7.627747E-08,-5.19E-03
7.632747E-08,-4.15E-03
7.637747E-08,-3.11E-03
7.642747E-08,-2.06E-03
7.647747E-08,-5.0E-04
7.652747E-08,2E-05
7.657747E-08,1.59E-03
7.662747E-08,2.63E-03
7.667747E-08,4.20E-03
7.672747E-08,5.24E-03
7.677747E-08,6.28E-03
7.682747E-08,7.85E-03
7.687747E-08,8.37E-03
7.692747E-08,9.41E-03
7.697747E-08,1.046E-02
7.702747E-08,1.046E-02
7.707747E-08,9.93E-03
7.712747E-08,1.046E-02
7.717747E-08,1.046E-02
7.722747E-08,9.93E-03
7.727747E-08,9.93E-03
7.732747E-08,9.93E-03
7.737747E-08,9.41E-03
7.742747E-08,8.89E-03
7.747747E-08,8.89E-03
7.752747E-08,8.37E-03
7.757747E-08,7.85E-03
7.762747E-08,7.33E-03
7.767747E-08,7.33E-03
7.772747E-08,7.33E-03
7.777747E-08,7.33E-03
7.782747E-08,6.81E-03
7.787747E-08,7.85E-03
7.792747E-08,8.37E-03
7.797747E-08,8.37E-03
7.802747E-08,9.41E-03
7.807747E-08,1.150E-02
7.812747E-08,1.202E-02
7.817747E-08,1.306E-02
7.822747E-08,1.515E-02
7.827747E-08,1.619E-02
7.832747E-08,1.828E-02
7.837747E-08,2.037E-02
7.842747E-08,2.193E-02
7.847747E-08,2.454E-02
7.852747E-08,2.611E-02
7.857747E-08,2.819E-02
7.862747E-08,3.080E-02
7.867747E-08,3.132E-02
7.872747E-08,3.341E-02
7.877747E-08,3.550E-02
7.882747E-08,3.602E-02
7.887747E-08,3.758E-02
7.892747E-08,3.810E-02
7.897747E-08,3.967E-02
7.902747E-08,3.967E-02
7.907747E-08,4.019E-02
7.912747E-08,4.019E-02
7.917747E-08,4.019E-02
7.922747E-08,3.967E-02
7.927747E-08,3.863E-02
7.932747E-08,3.810E-02
7.937747E-08,3.654E-02
7.942747E-08,3.497E-02
7.947747E-08,3.445E-02
7.952747E-08,3.289E-02
7.957747E-08,3.028E-02
7.962747E-08,2.976E-02
7.967747E-08,2.715E-02
7.972747E-08,2.611E-02
7.977747E-08,2.402E-02
7.982747E-08,2.193E-02
7.987747E-08,2.037E-02
7.992747E-08,1.828E-02
7.997747E-08,1.672E-02
8.002747E-08,1.567E-02
8.007747E-08,1.359E-02
8.012747E-08,1.254E-02
8.017747E-08,1.202E-02
8.022747E-08,1.150E-02
8.027747E-08,1.098E-02
8.032747E-08,1.046E-02
8.037747E-08,9.93E-03
8.042747E-08,9.93E-03
8.047747E-08,9.93E-03
8.052747E-08,9.93E-03
8.057747E-08,1.150E-02
8.062747E-08,1.150E-02
8.067747E-08,1.202E-02
8.072747E-08,1.306E-02
8.077747E-08,1.411E-02
8.082747E-08,1.619E-02
8.087747E-08,1.672E-02
8.092747E-08,1.828E-02
8.097747E-08,1.985E-02
8.102747E-08,2.141E-02
8.107747E-08,2.245E-02
8.112747E-08,2.506E-02
8.117747E-08,2.611E-02
8.122747E-08,2.767E-02
8.127747E-08,2.924E-02
8.132747E-08,3.028E-02
8.137747E-08,3.132E-02
8.142747E-08,3.289E-02
8.147747E-08,3.341E-02
8.152747E-08,3.445E-02
8.157747E-08,3.550E-02
8.162747E-08,3.550E-02
8.167747E-08,3.654E-02
